docker :  Image producttrace-ai-embedding-service Building 
At line:1 char:1
+ docker compose up --build 2>&1 | Out-File -FilePath .\compose-debug.l ...
+ ~~~~~~~~~~~~~~~~~~~~~~~~~~~~~~
    + CategoryInfo          : NotSpecified: ( Image productt...rvice Building  
   :String) [], RemoteException
    + FullyQualifiedErrorId : NativeCommandError
 
 Image producttrace-ai-nest-ai-service Building 
 Image producttrace-ai-go-core-service Building 
#1 [internal] load local bake definitions
#1 reading from stdin 1.69kB done
#1 DONE 0.0s

#2 [nest-ai-service internal] load build definition from Dockerfile
#2 DONE 0.0s

#3 [embedding-service internal] load build definition from Dockerfile
#3 transferring dockerfile: 246B 0.0s done
#3 DONE 0.0s

#2 [nest-ai-service internal] load build definition from Dockerfile
#2 transferring dockerfile: 198B 0.0s done
#2 DONE 0.1s

#4 [go-core-service internal] load build definition from Dockerfile
#4 transferring dockerfile: 287B 0.0s done
#4 DONE 0.1s

#5 [auth] library/python:pull token for registry-1.docker.io
#5 DONE 0.0s

#6 [auth] library/node:pull token for registry-1.docker.io
#6 DONE 0.0s

#7 [auth] library/golang:pull token for registry-1.docker.io
#7 DONE 0.0s

#8 [auth] library/alpine:pull token for registry-1.docker.io
#8 DONE 0.0s

#9 [go-core-service internal] load metadata for docker.io/library/golang:1.24-alpine
#9 ...

#10 [go-core-service internal] load metadata for docker.io/library/alpine:3.22
#10 DONE 1.8s

#11 [nest-ai-service internal] load metadata for docker.io/library/node:22-alpine
#11 ...

#9 [go-core-service internal] load metadata for docker.io/library/golang:1.24-alpine
#9 DONE 1.9s

#11 [nest-ai-service internal] load metadata for docker.io/library/node:22-alpine
#11 DONE 2.0s

#12 [go-core-service internal] load .dockerignore
#12 transferring context: 2B 0.0s done
#12 DONE 0.0s

#13 [nest-ai-service internal] load .dockerignore
#13 transferring context: 2B done
#13 DONE 0.0s

#14 [go-core-service internal] load build context
#14 DONE 0.0s

#15 [nest-ai-service internal] load build context
#15 DONE 0.0s

#16 [go-core-service stage-1 1/3] FROM docker.io/library/alpine:3.22@sha256:310c62b5e7ca5b08167e4384c68db0fd2905dd9c7493756d356e893909057601
#16 resolve docker.io/library/alpine:3.22@sha256:310c62b5e7ca5b08167e4384c68db0fd2905dd9c7493756d356e893909057601 0.1s done
#16 DONE 0.1s

#17 [go-core-service builder 1/5] FROM docker.io/library/golang:1.24-alpine@sha256:8bee1901f1e530bfb4a7850aa7a479d17ae3a18beb6e09064ed54cfd245b7191
#17 resolve docker.io/library/golang:1.24-alpine@sha256:8bee1901f1e530bfb4a7850aa7a479d17ae3a18beb6e09064ed54cfd245b7191 0.1s done
#17 DONE 0.1s

#18 [nest-ai-service 1/6] FROM docker.io/library/node:22-alpine@sha256:ab07539e0988b63558ff621f5fbe1077054c39d9809112974fb79993949d41cd
#18 resolve docker.io/library/node:22-alpine@sha256:ab07539e0988b63558ff621f5fbe1077054c39d9809112974fb79993949d41cd
#18 resolve docker.io/library/node:22-alpine@sha256:ab07539e0988b63558ff621f5fbe1077054c39d9809112974fb79993949d41cd 0.1s done
#18 DONE 0.1s

#14 [go-core-service internal] load build context
#14 transferring context: 1.76kB 0.0s done
#14 DONE 0.0s

#19 [go-core-service stage-1 2/3] WORKDIR /app
#19 CACHED

#20 [go-core-service builder 3/5] COPY . .
#20 CACHED

#21 [go-core-service builder 5/5] RUN CGO_ENABLED=0 GOOS=linux go build -o api ./cmd/api
#21 CACHED

#22 [go-core-service builder 2/5] WORKDIR /app
#22 CACHED

#23 [go-core-service builder 4/5] RUN go mod download
#23 CACHED

#24 [go-core-service stage-1 3/3] COPY --from=builder /app/api .
#24 CACHED

#25 [go-core-service] exporting to image
#25 exporting layers done
#25 exporting manifest sha256:b36b5075a27a765118a5a69cd7977e80df25079f39c89ee9d4623d021f8bec98 done
#25 exporting config sha256:6b1f0048ed010450c5f1e963a292539ae16ced95066623b3e4c5da56f7dfc9b4 done
#25 exporting attestation manifest sha256:23dd08cf6e95018122be6c7a618214efe04a0e328719ffd3b238cb3a8ae42f37
#25 ...

#26 [embedding-service internal] load metadata for docker.io/library/python:3.12-slim
#26 DONE 2.2s

#27 [embedding-service internal] load .dockerignore
#27 transferring context: 2B done
#27 DONE 0.0s

#28 [embedding-service internal] load build context
#28 transferring context: 93B 0.0s done
#28 DONE 0.0s

#25 [go-core-service] exporting to image
#25 exporting attestation manifest sha256:23dd08cf6e95018122be6c7a618214efe04a0e328719ffd3b238cb3a8ae42f37 0.1s done
#25 exporting manifest list sha256:12f6bca387b66046e7aeeffea4b31fa0a34da04f7bf2d89ff83bbc2c8e2789c4 0.0s done
#25 naming to docker.io/library/producttrace-ai-go-core-service:latest done
#25 unpacking to docker.io/library/producttrace-ai-go-core-service:latest 0.0s done
#25 DONE 0.2s

#29 [embedding-service 1/5] FROM docker.io/library/python:3.12-slim@sha256:d764629ce0ddd8c71fd371e9901efb324a95789d2315a47db7e4d27e78f1b0e9
#29 resolve docker.io/library/python:3.12-slim@sha256:d764629ce0ddd8c71fd371e9901efb324a95789d2315a47db7e4d27e78f1b0e9 0.1s done
#29 DONE 0.1s

#30 [embedding-service 2/5] WORKDIR /app
#30 CACHED

#31 [embedding-service 3/5] COPY ./requirements.txt ./
#31 CACHED

#32 [embedding-service 4/5] RUN pip install --no-cache-dir -r requirements.txt
#32 CACHED

#33 [embedding-service 5/5] COPY . .
#33 CACHED

#34 [embedding-service] exporting to image
#34 exporting layers 0.0s done
#34 exporting manifest sha256:a4abbaf34542a295b8503110cfbbd4f5f796ebed7fa7cb54b3d064504ea4c837
#34 exporting manifest sha256:a4abbaf34542a295b8503110cfbbd4f5f796ebed7fa7cb54b3d064504ea4c837 0.0s done
#34 exporting config sha256:e60f1211161c374efa423fba1cf12383f2971284956e9941997e6decb490bdaa 0.0s done
#34 exporting attestation manifest sha256:adb0d2ecbe40c93c26b227f4668eb9a658a783f3eb62edb6efbf497f982ade14 0.1s done
#34 exporting manifest list sha256:f3c903a8c244225f92d296ad6122a1168b014a7edca43b644ba12752f00d70b5
#34 exporting manifest list sha256:f3c903a8c244225f92d296ad6122a1168b014a7edca43b644ba12752f00d70b5 0.0s done
#34 naming to docker.io/library/producttrace-ai-embedding-service:latest done
#34 unpacking to docker.io/library/producttrace-ai-embedding-service:latest 0.0s done
#34 DONE 0.3s

#35 [go-core-service] resolving provenance for metadata file
#35 DONE 0.0s

#15 [nest-ai-service internal] load build context
#15 ...

#36 [embedding-service] resolving provenance for metadata file
#36 DONE 0.0s

#15 [nest-ai-service internal] load build context
#15 transferring context: 1.82MB 1.6s done
#15 DONE 1.6s

#37 [nest-ai-service 4/6] RUN npm install
#37 CACHED

#38 [nest-ai-service 5/6] COPY . .
#38 CACHED

#39 [nest-ai-service 2/6] WORKDIR /app
#39 CACHED

#40 [nest-ai-service 3/6] COPY package*.json ./
#40 CACHED

#41 [nest-ai-service 6/6] RUN npm run build
#41 CACHED

#42 [nest-ai-service] exporting to image
#42 exporting layers done
#42 exporting manifest sha256:ea82dec12dead8cdd2b1372a1e35574952e7a2a2ae36958ed94d92032527dc14 done
#42 exporting config sha256:72c3b4c06af3bda9f8c240b146ca4a5070793878c1cd7203381e82ba26133271 done
#42 exporting attestation manifest sha256:dacd7010e58a9b9e699a6ac623ddf9f2a55b8e9d6672dd6139ca86de6ef08b4c 0.0s done
#42 exporting manifest list sha256:abc3161c41bb4eb8417a5e81371a3e11f101c074a0c97432c55698afafa0adef
#42 exporting manifest list sha256:abc3161c41bb4eb8417a5e81371a3e11f101c074a0c97432c55698afafa0adef 0.0s done
#42 naming to docker.io/library/producttrace-ai-nest-ai-service:latest done
#42 unpacking to docker.io/library/producttrace-ai-nest-ai-service:latest 0.0s done
#42 DONE 0.2s

#43 [nest-ai-service] resolving provenance for metadata file
#43 DONE 0.0s
 Image producttrace-ai-go-core-service Built 
 Image producttrace-ai-embedding-service Built 
 Image producttrace-ai-nest-ai-service Built 
 Container product-trace-db Running 
 Container product-trace-redis Running 
 Container product-trace-rabbitmq Running 
 Container product-trace-qdrant Running 
 Container product-trace-zookeeper Running 
 Container product-trace-embedding-service Recreate 
 Container go-core-service Recreate 
 Container go-core-service Recreated 
 Container product-trace-embedding-service Recreated 
 Container nest-ai-service Recreate 
 Container nest-ai-service Recreated 
Attaching to go-core-service, nest-ai-service, product-trace-db, product-trace-embedding-service, product-trace-kafka, product-trace-migrate, product-trace-qdrant, product-trace-rabbitmq, product-trace-redis, product-trace-zookeeper
 Container product-trace-db Waiting 
 Container product-trace-kafka Starting 
 Container product-trace-embedding-service Starting 
 Container product-trace-embedding-service Started 
product-trace-kafka  | ===> User
product-trace-kafka  | uid=1000(appuser) gid=1000(appuser) groups=1000(appuser)
product-trace-kafka  | ===> Configuring ...
product-trace-kafka  | Running in Zookeeper mode...
 Container product-trace-db Healthy 
 Container product-trace-migrate Starting 
 Container product-trace-kafka Started 
 Container product-trace-migrate Started 
 Container product-trace-rabbitmq Waiting 
 Container product-trace-migrate Waiting 
 Container product-trace-redis Waiting 
product-trace-migrate  | no change

[Kproduct-trace-migrate exited with code 0
 Container product-trace-migrate Exited 
 Container product-trace-redis Healthy 
 Container product-trace-rabbitmq Healthy 
 Container go-core-service Starting 
product-trace-embedding-service  | INFO:     Started server process [1]
product-trace-embedding-service  | INFO:     Waiting for application startup.
product-trace-embedding-service  | INFO:     Application startup complete.
product-trace-embedding-service  | INFO:     Uvicorn running on 
http://0.0.0.0:8000 (Press CTRL+C to quit)
product-trace-rabbitmq           | 2026-06-19 02:30:02.918837+00:00 [info] <0.1794.0> accepting AMQP connection <0.1794.0> (172.20.0.9:48574 -> 172.20.0.4:5672)[0m
product-trace-rabbitmq           | 2026-06-19 02:30:02.927880+00:00 [info] <0.1794.0> connection <0.1794.0> (172.20.0.9:48574 -> 172.20.0.4:5672): user 'admin' authenticated and granted access to vhost '/'[0m
go-core-service                  | 2026/06/19 02:30:02 RabbitMQ connected
go-core-service                  | 2026/06/19 02:30:02 RabbitMQ topology 
initialized
go-core-service                  | 2026/06/19 02:30:02 Go service is running 
on port 8080
 Container go-core-service Started 
 Container product-trace-redis Waiting 
 Container product-trace-rabbitmq Waiting 
 Container product-trace-redis Healthy 
 Container product-trace-rabbitmq Healthy 
 Container nest-ai-service Starting 
 Container nest-ai-service Started 
nest-ai-service                  | [32m[Nest] 1  - [39m06/19/2026, 2:30:04 AM [32m    LOG[39m [38;5;3m[NestFactory] [39m[32mStarting Nest application...[39m
nest-ai-service                  | [32m[Nest] 1  - [39m06/19/2026, 2:30:04 AM [32m    LOG[39m [38;5;3m[InstanceLoader] [39m[32mAppModule dependencies initialized[39m[38;5;3m +27ms[39m
nest-ai-service                  | [32m[Nest] 1  - [39m06/19/2026, 2:30:04 AM [32m    LOG[39m [38;5;3m[InstanceLoader] [39m[32mConfigHostModule dependencies initialized[39m[38;5;3m +1ms[39m
nest-ai-service                  | [32m[Nest] 1  - [39m06/19/2026, 2:30:04 AM [32m    LOG[39m [38;5;3m[InstanceLoader] [39m[32mConfigModule dependencies initialized[39m[38;5;3m +5ms[39m
nest-ai-service                  | [32m[Nest] 1  - [39m06/19/2026, 2:30:04 AM [32m    LOG[39m [38;5;3m[InstanceLoader] [39m[32mConfigModule dependencies initialized[39m[38;5;3m +0ms[39m
nest-ai-service                  | [32m[Nest] 1  - [39m06/19/2026, 2:30:04 AM [32m    LOG[39m [38;5;3m[InstanceLoader] [39m[32mEmbeddingModule dependencies initialized[39m[38;5;3m +2ms[39m
nest-ai-service                  | [33m[Nest] 1  - [39m06/19/2026, 2:30:04 AM [33m   WARN[39m [38;5;3m[ServerKafka] [39m[33mWARN [undefined] KafkaJS v2.0.0 switched default partitioner. To retain the same partitioning behavior as in previous versions, create the producer with the option "createPartitioner: Partitioners.LegacyPartitioner". See the migration guide at https://kafka.js.org/docs/migration-guide-v2.0.0#producer-new-default-partitioner for details. Silence this warning by setting the environment variable "KAFKAJS_NO_PARTITIONER_WARNING=1" {"timestamp":"2026-06-19T02:30:04.724Z","logger":"kafkajs"}[39m
nest-ai-service                  | [31m[Nest] 1  - [39m06/19/2026, 2:30:04 
AM [31m  ERROR[39m [38;5;3m[ServerKafka] [39m[31mERROR [Connection] 
Connection error: connect ECONNREFUSED 172.20.0.8:9092 {"timestamp":"2026-06-19
T02:30:04.751Z","logger":"kafkajs","broker":"kafka:9092","clientId":"nest-ai-se
rvice-server","stack":"Error: connect ECONNREFUSED 172.20.0.8:9092\n    at 
TCPConnectWrap.afterConnect [as oncomplete] (node:net:1638:16)"}[39m
nest-ai-service                  | [31m[Nest] 1  - [39m06/19/2026, 2:30:04 
AM [31m  ERROR[39m [38;5;3m[ServerKafka] [39m[31mERROR [BrokerPool] 
Failed to connect to seed broker, trying another broker from the list: 
Connection error: connect ECONNREFUSED 172.20.0.8:9092 {"timestamp":"2026-06-19
T02:30:04.755Z","logger":"kafkajs","retryCount":0,"retryTime":258}[39m
nest-ai-service                  | [31m[Nest] 1  - [39m06/19/2026, 2:30:05 
AM [31m  ERROR[39m [38;5;3m[ServerKafka] [39m[31mERROR [Connection] 
Connection error: connect ECONNREFUSED 172.20.0.8:9092 {"timestamp":"2026-06-19
T02:30:05.017Z","logger":"kafkajs","broker":"kafka:9092","clientId":"nest-ai-se
rvice-server","stack":"Error: connect ECONNREFUSED 172.20.0.8:9092\n    at 
TCPConnectWrap.afterConnect [as oncomplete] (node:net:1638:16)"}[39m
nest-ai-service                  | [31m[Nest] 1  - [39m06/19/2026, 2:30:05 
AM [31m  ERROR[39m [38;5;3m[ServerKafka] [39m[31mERROR [BrokerPool] 
Failed to connect to seed broker, trying another broker from the list: 
Connection error: connect ECONNREFUSED 172.20.0.8:9092 {"timestamp":"2026-06-19
T02:30:05.018Z","logger":"kafkajs","retryCount":1,"retryTime":444}[39m
nest-ai-service                  | [31m[Nest] 1  - [39m06/19/2026, 2:30:05 
AM [31m  ERROR[39m [38;5;3m[ServerKafka] [39m[31mERROR [Connection] 
Connection error: connect ECONNREFUSED 172.20.0.8:9092 {"timestamp":"2026-06-19
T02:30:05.464Z","logger":"kafkajs","broker":"kafka:9092","clientId":"nest-ai-se
rvice-server","stack":"Error: connect ECONNREFUSED 172.20.0.8:9092\n    at 
TCPConnectWrap.afterConnect [as oncomplete] (node:net:1638:16)"}[39m
nest-ai-service                  | [31m[Nest] 1  - [39m06/19/2026, 2:30:05 
AM [31m  ERROR[39m [38;5;3m[ServerKafka] [39m[31mERROR [BrokerPool] 
Failed to connect to seed broker, trying another broker from the list: 
Connection error: connect ECONNREFUSED 172.20.0.8:9092 {"timestamp":"2026-06-19
T02:30:05.466Z","logger":"kafkajs","retryCount":2,"retryTime":1044}[39m
product-trace-kafka              | ===> Running preflight checks ... 
product-trace-kafka              | ===> Check if /var/lib/kafka/data is writable ...
product-trace-kafka              | ===> Check if Zookeeper is healthy ...
nest-ai-service                  | [31m[Nest] 1  - [39m06/19/2026, 2:30:06 
AM [31m  ERROR[39m [38;5;3m[ServerKafka] [39m[31mERROR [Connection] 
Connection error: connect ECONNREFUSED 172.20.0.8:9092 {"timestamp":"2026-06-19
T02:30:06.515Z","logger":"kafkajs","broker":"kafka:9092","clientId":"nest-ai-se
rvice-server","stack":"Error: connect ECONNREFUSED 172.20.0.8:9092\n    at 
TCPConnectWrap.afterConnect [as oncomplete] (node:net:1638:16)"}[39m
nest-ai-service                  | [31m[Nest] 1  - [39m06/19/2026, 2:30:06 
AM [31m  ERROR[39m [38;5;3m[ServerKafka] [39m[31mERROR [BrokerPool] 
Failed to connect to seed broker, trying another broker from the list: 
Connection error: connect ECONNREFUSED 172.20.0.8:9092 {"timestamp":"2026-06-19
T02:30:06.517Z","logger":"kafkajs","retryCount":3,"retryTime":2270}[39m
product-trace-kafka              | [2026-06-19 02:30:07,279] INFO Client environment:zookeeper.version=3.6.3--6401e4ad2087061bc6b9f80dec2d69f2e3c8660a, built on 04/08/2021 16:35 GMT (org.apache.zookeeper.ZooKeeper)
product-trace-kafka              | [2026-06-19 02:30:07,279] INFO Client environment:host.name=94f328872d6a (org.apache.zookeeper.ZooKeeper)
product-trace-kafka              | [2026-06-19 02:30:07,279] INFO Client environment:java.version=11.0.20 (org.apache.zookeeper.ZooKeeper)
product-trace-kafka              | [2026-06-19 02:30:07,279] INFO Client environment:java.vendor=Azul Systems, Inc. (org.apache.zookeeper.ZooKeeper)
product-trace-kafka              | [2026-06-19 02:30:07,279] INFO Client environment:java.home=/usr/lib/jvm/java-11-zulu-openjdk-ca (org.apache.zookeeper.ZooKeeper)
product-trace-kafka              | [2026-06-19 02:30:07,279] INFO Client environment:java.class.path=/usr/share/java/cp-base-new/re2j-1.6.jar:/usr/share/java/cp-base-new/snakeyaml-2.0.jar:/usr/share/java/cp-base-new/jose4j-0.9.3.jar:/usr/share/java/cp-base-new/scala-collection-compat_2.13-2.10.0.jar:/usr/share/java/cp-base-new/audience-annotations-0.5.0.jar:/usr/share/java/cp-base-new/zookeeper-3.6.3.jar:/usr/share/java/cp-base-new/kafka-tools-api-7.5.0-ccs.jar:/usr/share/java/cp-base-new/jopt-simple-5.0.4.jar:/usr/share/java/cp-base-new/zookeeper-jute-3.6.3.jar:/usr/share/java/cp-base-new/logredactor-1.0.12.jar:/usr/share/java/cp-base-new/jackson-annotations-2.14.2.jar:/usr/share/java/cp-base-new/jackson-core-2.14.2.jar:/usr/share/java/cp-base-new/logredactor-metrics-1.0.12.jar:/usr/share/java/cp-base-new/kafka-storage-api-7.5.0-ccs.jar:/usr/share/java/cp-base-new/metrics-core-2.2.0.jar:/usr/share/java/cp-base-new/paranamer-2.8.jar:/usr/share/java/cp-base-new/kafka-metadata-7.5.0-ccs.jar:/usr/share/java/cp-base-new/jackson-datatype-jdk8-2.14.2.jar:/usr/share/java/cp-base-new/slf4j-reload4j-1.7.36.jar:/usr/share/java/cp-base-new/scala-logging_2.13-3.9.4.jar:/usr/share/java/cp-base-new/jackson-module-scala_2.13-2.14.2.jar:/usr/share/java/cp-base-new/argparse4j-0.7.0.jar:/usr/share/java/cp-base-new/minimal-json-0.9.5.jar:/usr/share/java/cp-base-new/reload4j-1.2.19.jar:/usr/share/java/cp-base-new/jackson-dataformat-yaml-2.14.2.jar:/usr/share/java/cp-base-new/kafka-storage-7.5.0-ccs.jar:/usr/share/java/cp-base-new/metrics-core-4.1.12.1.jar:/usr/share/java/cp-base-new/lz4-java-1.8.0.jar:/usr/share/java/cp-base-new/jackson-dataformat-csv-2.14.2.jar:/usr/share/java/cp-base-new/kafka-raft-7.5.0-ccs.jar:/usr/share/java/cp-base-new/jolokia-jvm-1.7.1.jar:/usr/share/java/cp-base-new/gson-2.9.0.jar:/usr/share/java/cp-base-new/disk-usage-agent-7.5.0.jar:/usr/share/java/cp-base-new/json-simple-1.1.1.jar:/usr/share/java/cp-base-new/common-utils-7.5.0.jar:/usr/share/java/cp-base-new/slf4j-api-1.7.36.jar:/usr/share/java/cp-base-new/snappy-java-1.1.10.1.jar:/usr/share/java/cp-base-new/jmx_prometheus_javaagent-0.18.0.jar:/usr/share/java/cp-base-new/zstd-jni-1.5.5-1.jar:/usr/share/java/cp-base-new/kafka-server-common-7.5.0-ccs.jar:/usr/share/java/cp-base-new/kafka-group-coordinator-7.5.0-ccs.jar:/usr/share/java/cp-base-new/kafka-clients-7.5.0-ccs.jar:/usr/share/java/cp-base-new/scala-library-2.13.10.jar:/usr/share/java/cp-base-new/scala-java8-compat_2.13-1.0.2.jar:/usr/share/java/cp-base-new/commons-cli-1.4.jar:/usr/share/java/cp-base-new/scala-reflect-2.13.10.jar:/usr/share/java/cp-base-new/jolokia-core-1.7.1.jar:/usr/share/java/cp-base-new/jackson-databind-2.14.2.jar:/usr/share/java/cp-base-new/kafka_2.13-7.5.0-ccs.jar:/usr/share/java/cp-base-new/utility-belt-7.5.0.jar (org.apache.zookeeper.ZooKeeper)
product-trace-kafka              | [2026-06-19 02:30:07,279] INFO Client environment:java.library.path=/usr/java/packages/lib:/usr/lib64:/lib64:/lib:/usr/lib (org.apache.zookeeper.ZooKeeper)
product-trace-kafka              | [2026-06-19 02:30:07,279] INFO Client environment:java.io.tmpdir=/tmp (org.apache.zookeeper.ZooKeeper)
product-trace-kafka              | [2026-06-19 02:30:07,279] INFO Client environment:java.compiler=<NA> (org.apache.zookeeper.ZooKeeper)
product-trace-kafka              | [2026-06-19 02:30:07,280] INFO Client environment:os.name=Linux (org.apache.zookeeper.ZooKeeper)
product-trace-kafka              | [2026-06-19 02:30:07,280] INFO Client environment:os.arch=amd64 (org.apache.zookeeper.ZooKeeper)
product-trace-kafka              | [2026-06-19 02:30:07,280] INFO Client environment:os.version=6.6.114.1-microsoft-standard-WSL2 (org.apache.zookeeper.ZooKeeper)
product-trace-kafka              | [2026-06-19 02:30:07,280] INFO Client environment:user.name=appuser (org.apache.zookeeper.ZooKeeper)
product-trace-kafka              | [2026-06-19 02:30:07,280] INFO Client environment:user.home=/home/appuser (org.apache.zookeeper.ZooKeeper)
product-trace-kafka              | [2026-06-19 02:30:07,280] INFO Client environment:user.dir=/home/appuser (org.apache.zookeeper.ZooKeeper)
product-trace-kafka              | [2026-06-19 02:30:07,280] INFO Client environment:os.memory.free=112MB (org.apache.zookeeper.ZooKeeper)
product-trace-kafka              | [2026-06-19 02:30:07,280] INFO Client environment:os.memory.max=1950MB (org.apache.zookeeper.ZooKeeper)
product-trace-kafka              | [2026-06-19 02:30:07,280] INFO Client environment:os.memory.total=122MB (org.apache.zookeeper.ZooKeeper)
product-trace-kafka              | [2026-06-19 02:30:07,286] INFO Initiating client connection, connectString=zookeeper:2181 sessionTimeout=40000 watcher=io.confluent.admin.utils.ZookeeperConnectionWatcher@221af3c0 (org.apache.zookeeper.ZooKeeper)
product-trace-kafka              | [2026-06-19 02:30:07,291] INFO Setting -D jdk.tls.rejectClientInitiatedRenegotiation=true to disable client-initiated TLS renegotiation (org.apache.zookeeper.common.X509Util)
product-trace-kafka              | [2026-06-19 02:30:07,297] INFO jute.maxbuffer value is 1048575 Bytes (org.apache.zookeeper.ClientCnxnSocket)
product-trace-kafka              | [2026-06-19 02:30:07,307] INFO zookeeper.request.timeout value is 0. feature enabled=false (org.apache.zookeeper.ClientCnxn)
product-trace-kafka              | [2026-06-19 02:30:07,340] INFO Opening socket connection to server zookeeper/172.20.0.5:2181. (org.apache.zookeeper.ClientCnxn)
product-trace-kafka              | [2026-06-19 02:30:07,342] INFO SASL config status: Will not attempt to authenticate using SASL (unknown error) (org.apache.zookeeper.ClientCnxn)
product-trace-kafka              | [2026-06-19 02:30:07,354] INFO Socket connection established, initiating session, client: /172.20.0.8:43450, server: zookeeper/172.20.0.5:2181 (org.apache.zookeeper.ClientCnxn)
product-trace-kafka              | [2026-06-19 02:30:07,370] INFO Session establishment complete on server zookeeper/172.20.0.5:2181, session id = 0x100001bb0550005, negotiated timeout = 40000 (org.apache.zookeeper.ClientCnxn)
product-trace-kafka              | [2026-06-19 02:30:07,395] WARN An exception was thrown while closing send thread for session 0x100001bb0550005. (org.apache.zookeeper.ClientCnxn)
product-trace-kafka              | EndOfStreamException: Unable to read additional data from server sessionid 0x100001bb0550005, likely server has closed socket
product-trace-kafka              | 	at org.apache.zookeeper.ClientCnxnSocketNIO.doIO(ClientCnxnSocketNIO.java:77)
product-trace-kafka              | 	at org.apache.zookeeper.ClientCnxnSocketNIO.doTransport(ClientCnxnSocketNIO.java:350)
product-trace-kafka              | 	at org.apache.zookeeper.ClientCnxn$SendThread.run(ClientCnxn.java:1290)
product-trace-kafka              | [2026-06-19 02:30:07,499] INFO Session: 0x100001bb0550005 closed (org.apache.zookeeper.ZooKeeper)
product-trace-kafka              | [2026-06-19 02:30:07,500] INFO EventThread shut down for session: 0x100001bb0550005 (org.apache.zookeeper.ClientCnxn)
product-trace-kafka              | Using log4j config /etc/kafka/log4j.properties
product-trace-kafka              | ===> Launching ... 
product-trace-kafka              | ===> Launching kafka ... 
product-trace-kafka              | [2026-06-19 02:30:08,297] INFO Registered kafka:type=kafka.Log4jController MBean (kafka.utils.Log4jControllerRegistration$)
product-trace-kafka              | [2026-06-19 02:30:08,784] INFO Setting -D jdk.tls.rejectClientInitiatedRenegotiation=true to disable client-initiated TLS renegotiation (org.apache.zookeeper.common.X509Util)
nest-ai-service                  | [31m[Nest] 1  - [39m06/19/2026, 2:30:08 
AM [31m  ERROR[39m [38;5;3m[ServerKafka] [39m[31mERROR [Connection] 
Connection error: connect ECONNREFUSED 172.20.0.8:9092 {"timestamp":"2026-06-19
T02:30:08.794Z","logger":"kafkajs","broker":"kafka:9092","clientId":"nest-ai-se
rvice-server","stack":"Error: connect ECONNREFUSED 172.20.0.8:9092\n    at 
TCPConnectWrap.afterConnect [as oncomplete] (node:net:1638:16)"}[39m
nest-ai-service                  | [31m[Nest] 1  - [39m06/19/2026, 2:30:08 
AM [31m  ERROR[39m [38;5;3m[ServerKafka] [39m[31mERROR [BrokerPool] 
Failed to connect to seed broker, trying another broker from the list: 
Connection error: connect ECONNREFUSED 172.20.0.8:9092 {"timestamp":"2026-06-19
T02:30:08.795Z","logger":"kafkajs","retryCount":4,"retryTime":4370}[39m
product-trace-kafka              | [2026-06-19 02:30:08,812] ERROR Exiting Kafka due to fatal exception (kafka.Kafka$)
product-trace-kafka              | java.lang.IllegalArgumentException: Error creating broker listeners from 'PLAINTEXT://0.0.0.0:9092,PLAINTEXT_HOST://0.0.0.0:29092': No security protocol defined for listener PLAINTEXT_HOST
product-trace-kafka              | 	at kafka.utils.CoreUtils$.listenerListToEndPoints(CoreUtils.scala:254)
product-trace-kafka              | 	at kafka.server.KafkaConfig.listeners(KafkaConfig.scala:2053)
product-trace-kafka              | 	at kafka.server.KafkaConfig.<init>(KafkaConfig.scala:1772)
product-trace-kafka              | 	at kafka.server.KafkaConfig.<init>(KafkaConfig.scala:1569)
product-trace-kafka              | 	at kafka.Kafka$.buildServer(Kafka.scala:72)
product-trace-kafka              | 	at kafka.Kafka$.main(Kafka.scala:91)
product-trace-kafka              | 	at kafka.Kafka.main(Kafka.scala)
product-trace-kafka              | Caused by: java.lang.IllegalArgumentException: No security protocol defined for listener PLAINTEXT_HOST
product-trace-kafka              | 	at kafka.cluster.EndPoint$.$anonfun$createEndPoint$2(EndPoint.scala:49)
product-trace-kafka              | 	at scala.collection.immutable.Map$Map4.getOrElse(Map.scala:528)
product-trace-kafka              | 	at kafka.cluster.EndPoint$.securityProtocol$1(EndPoint.scala:49)
product-trace-kafka              | 	at kafka.cluster.EndPoint$.createEndPoint(EndPoint.scala:57)
product-trace-kafka              | 	at kafka.utils.CoreUtils$.$anonfun$listenerListToEndPoints$6(CoreUtils.scala:251)
product-trace-kafka              | 	at scala.collection.StrictOptimizedIterableOps.map(StrictOptimizedIterableOps.scala:100)
product-trace-kafka              | 	at scala.collection.StrictOptimizedIterableOps.map$(StrictOptimizedIterableOps.scala:87)
product-trace-kafka              | 	at scala.collection.mutable.ArraySeq.map(ArraySeq.scala:37)
product-trace-kafka              | 	at kafka.utils.CoreUtils$.listenerListToEndPoints(CoreUtils.scala:251)
product-trace-kafka              | 	... 6 more

[Kproduct-trace-kafka exited with code 1
nest-ai-service                  | [31m[Nest] 1  - [39m06/19/2026, 2:30:14 
AM [31m  ERROR[39m [38;5;3m[ServerKafka] [39m[31mERROR [Connection] 
Connection timeout {"timestamp":"2026-06-19T02:30:14.166Z","logger":"kafkajs","
broker":"kafka:9092","clientId":"nest-ai-service-server"}[39m
nest-ai-service                  | [31m[Nest] 1  - [39m06/19/2026, 2:30:14 
AM [31m  ERROR[39m [38;5;3m[ServerKafka] [39m[31mERROR [BrokerPool] 
Failed to connect to seed broker, trying another broker from the list: 
Connection timeout {"timestamp":"2026-06-19T02:30:14.167Z","logger":"kafkajs","
retryCount":5,"retryTime":7838}[39m
nest-ai-service                  | node:internal/process/promises:394
nest-ai-service                  |     triggerUncaughtException(err, true /* 
fromPromise */);
nest-ai-service                  |     ^
nest-ai-service                  | 
nest-ai-service                  | KafkaJSNonRetriableError
nest-ai-service                  |   Caused by: KafkaJSConnectionError: 
Connection timeout
nest-ai-service                  |     at Timeout.onTimeout [as _onTimeout] 
(/app/node_modules/kafkajs/src/network/connection.js:223:23)
nest-ai-service                  |     at listOnTimeout 
(node:internal/timers:585:17)
nest-ai-service                  |     at process.processTimers 
(node:internal/timers:521:7) {
nest-ai-service                  |   name: 'KafkaJSNumberOfRetriesExceeded',
nest-ai-service                  |   retriable: false,
nest-ai-service                  |   helpUrl: undefined,
nest-ai-service                  |   retryCount: 5,
nest-ai-service                  |   retryTime: 7838,
nest-ai-service                  |   [cause]: KafkaJSConnectionError: 
Connection timeout
nest-ai-service                  |       at Timeout.onTimeout [as _onTimeout] 
(/app/node_modules/kafkajs/src/network/connection.js:223:23)
nest-ai-service                  |       at listOnTimeout 
(node:internal/timers:585:17)
nest-ai-service                  |       at process.processTimers 
(node:internal/timers:521:7) {
nest-ai-service                  |     retriable: true,
nest-ai-service                  |     helpUrl: undefined,
nest-ai-service                  |     broker: 'kafka:9092',
nest-ai-service                  |     code: undefined,
nest-ai-service                  |     [cause]: undefined
nest-ai-service                  |   }
nest-ai-service                  | }
nest-ai-service                  | 
nest-ai-service                  | Node.js v22.23.0

[Knest-ai-service exited with code 1

[Kgo-core-service has been recreated

[Kproduct-trace-embedding-service has been recreated
product-trace-rabbitmq           | [38;5;214m2026-06-19 02:48:48.401601+00:00 [warning] <0.1794.0> closing AMQP connection <0.1794.0> (172.20.0.9:48574 -> 172.20.0.4:5672, vhost: '/', user: 'admin'):[0m
product-trace-rabbitmq           | [38;5;214m2026-06-19 02:48:48.401601+00:00 [warning] <0.1794.0> client unexpectedly closed TCP connection[0m
product-trace-embedding-service  | INFO:     Shutting down
product-trace-embedding-service  | INFO:     Waiting for application shutdown.
product-trace-embedding-service  | INFO:     Application shutdown complete.
product-trace-embedding-service  | INFO:     Finished server process [1]

[Kproduct-trace-kafka has been recreated

[Kgo-core-service exited with code 2

[Kproduct-trace-embedding-service exited with code 0

[Knest-ai-service has been recreated
product-trace-kafka              | ===> User
product-trace-kafka              | uid=1000(appuser) gid=1000(appuser) groups=1000(appuser)
product-trace-kafka              | ===> Configuring ...
product-trace-kafka              | Running in Zookeeper mode...

[Kproduct-trace-migrate exited with code 0
product-trace-embedding-service  | INFO:     Started server process [1]
product-trace-embedding-service  | INFO:     Waiting for application startup.
product-trace-embedding-service  | INFO:     Application startup complete.
product-trace-embedding-service  | INFO:     Uvicorn running on http://0.0.0.0:8000 (Press CTRL+C to quit)
product-trace-rabbitmq           | 2026-06-19 02:48:51.496481+00:00 [info] <0.2287.0> accepting AMQP connection <0.2287.0> (172.20.0.9:33838 -> 172.20.0.4:5672)[0m
product-trace-rabbitmq           | 2026-06-19 02:48:51.505220+00:00 [info] <0.2287.0> connection <0.2287.0> (172.20.0.9:33838 -> 172.20.0.4:5672): user 'admin' authenticated and granted access to vhost '/'[0m
go-core-service                  | 2026/06/19 02:48:51 RabbitMQ connected
go-core-service                  | 2026/06/19 02:48:51 RabbitMQ topology initialized
go-core-service                  | 2026/06/19 02:48:51 Go service is running on port 8080
nest-ai-service                  | [32m[Nest] 1  - [39m06/19/2026, 2:48:52 AM [32m    LOG[39m [38;5;3m[NestFactory] [39m[32mStarting Nest application...[39m
nest-ai-service                  | [32m[Nest] 1  - [39m06/19/2026, 2:48:52 AM [32m    LOG[39m [38;5;3m[InstanceLoader] [39m[32mAppModule dependencies initialized[39m[38;5;3m +33ms[39m
nest-ai-service                  | [32m[Nest] 1  - [39m06/19/2026, 2:48:52 AM [32m    LOG[39m [38;5;3m[InstanceLoader] [39m[32mConfigHostModule dependencies initialized[39m[38;5;3m +1ms[39m
nest-ai-service                  | [32m[Nest] 1  - [39m06/19/2026, 2:48:52 AM [32m    LOG[39m [38;5;3m[InstanceLoader] [39m[32mConfigModule dependencies initialized[39m[38;5;3m +1ms[39m
nest-ai-service                  | [32m[Nest] 1  - [39m06/19/2026, 2:48:52 AM [32m    LOG[39m [38;5;3m[InstanceLoader] [39m[32mConfigModule dependencies initialized[39m[38;5;3m +1ms[39m
nest-ai-service                  | [32m[Nest] 1  - [39m06/19/2026, 2:48:52 AM [32m    LOG[39m [38;5;3m[InstanceLoader] [39m[32mEmbeddingModule dependencies initialized[39m[38;5;3m +8ms[39m
nest-ai-service                  | [33m[Nest] 1  - [39m06/19/2026, 2:48:53 AM [33m   WARN[39m [38;5;3m[ServerKafka] [39m[33mWARN [undefined] KafkaJS v2.0.0 switched default partitioner. To retain the same partitioning behavior as in previous versions, create the producer with the option "createPartitioner: Partitioners.LegacyPartitioner". See the migration guide at https://kafka.js.org/docs/migration-guide-v2.0.0#producer-new-default-partitioner for details. Silence this warning by setting the environment variable "KAFKAJS_NO_PARTITIONER_WARNING=1" {"timestamp":"2026-06-19T02:48:53.047Z","logger":"kafkajs"}[39m
nest-ai-service                  | [31m[Nest] 1  - [39m06/19/2026, 2:48:53 AM [31m  ERROR[39m [38;5;3m[ServerKafka] [39m[31mERROR [Connection] Connection error: connect ECONNREFUSED 172.20.0.8:9092 {"timestamp":"2026-06-19T02:48:53.074Z","logger":"kafkajs","broker":"kafka:9092","clientId":"nest-ai-service-server","stack":"Error: connect ECONNREFUSED 172.20.0.8:9092\n    at TCPConnectWrap.afterConnect [as oncomplete] (node:net:1638:16)"}[39m
nest-ai-service                  | [31m[Nest] 1  - [39m06/19/2026, 2:48:53 AM [31m  ERROR[39m [38;5;3m[ServerKafka] [39m[31mERROR [BrokerPool] Failed to connect to seed broker, trying another broker from the list: Connection error: connect ECONNREFUSED 172.20.0.8:9092 {"timestamp":"2026-06-19T02:48:53.077Z","logger":"kafkajs","retryCount":0,"retryTime":258}[39m
nest-ai-service                  | [31m[Nest] 1  - [39m06/19/2026, 2:48:53 AM [31m  ERROR[39m [38;5;3m[ServerKafka] [39m[31mERROR [Connection] Connection error: connect ECONNREFUSED 172.20.0.8:9092 {"timestamp":"2026-06-19T02:48:53.338Z","logger":"kafkajs","broker":"kafka:9092","clientId":"nest-ai-service-server","stack":"Error: connect ECONNREFUSED 172.20.0.8:9092\n    at TCPConnectWrap.afterConnect [as oncomplete] (node:net:1638:16)"}[39m
nest-ai-service                  | [31m[Nest] 1  - [39m06/19/2026, 2:48:53 AM [31m  ERROR[39m [38;5;3m[ServerKafka] [39m[31mERROR [BrokerPool] Failed to connect to seed broker, trying another broker from the list: Connection error: connect ECONNREFUSED 172.20.0.8:9092 {"timestamp":"2026-06-19T02:48:53.339Z","logger":"kafkajs","retryCount":1,"retryTime":550}[39m
nest-ai-service                  | [31m[Nest] 1  - [39m06/19/2026, 2:48:53 AM [31m  ERROR[39m [38;5;3m[ServerKafka] [39m[31mERROR [Connection] Connection error: connect ECONNREFUSED 172.20.0.8:9092 {"timestamp":"2026-06-19T02:48:53.888Z","logger":"kafkajs","broker":"kafka:9092","clientId":"nest-ai-service-server","stack":"Error: connect ECONNREFUSED 172.20.0.8:9092\n    at TCPConnectWrap.afterConnect [as oncomplete] (node:net:1638:16)"}[39m
nest-ai-service                  | [31m[Nest] 1  - [39m06/19/2026, 2:48:53 AM [31m  ERROR[39m [38;5;3m[ServerKafka] [39m[31mERROR [BrokerPool] Failed to connect to seed broker, trying another broker from the list: Connection error: connect ECONNREFUSED 172.20.0.8:9092 {"timestamp":"2026-06-19T02:48:53.889Z","logger":"kafkajs","retryCount":2,"retryTime":1282}[39m
product-trace-kafka              | ===> Running preflight checks ... 
product-trace-kafka              | ===> Check if /var/lib/kafka/data is writable ...
product-trace-kafka              | ===> Check if Zookeeper is healthy ...
nest-ai-service                  | [31m[Nest] 1  - [39m06/19/2026, 2:48:55 AM [31m  ERROR[39m [38;5;3m[ServerKafka] [39m[31mERROR [Connection] Connection error: connect ECONNREFUSED 172.20.0.8:9092 {"timestamp":"2026-06-19T02:48:55.174Z","logger":"kafkajs","broker":"kafka:9092","clientId":"nest-ai-service-server","stack":"Error: connect ECONNREFUSED 172.20.0.8:9092\n    at TCPConnectWrap.afterConnect [as oncomplete] (node:net:1638:16)"}[39m
nest-ai-service                  | [31m[Nest] 1  - [39m06/19/2026, 2:48:55 AM [31m  ERROR[39m [38;5;3m[ServerKafka] [39m[31mERROR [BrokerPool] Failed to connect to seed broker, trying another broker from the list: Connection error: connect ECONNREFUSED 172.20.0.8:9092 {"timestamp":"2026-06-19T02:48:55.174Z","logger":"kafkajs","retryCount":3,"retryTime":2352}[39m
product-trace-kafka              | [2026-06-19 02:48:55,671] INFO Client environment:zookeeper.version=3.6.3--6401e4ad2087061bc6b9f80dec2d69f2e3c8660a, built on 04/08/2021 16:35 GMT (org.apache.zookeeper.ZooKeeper)
product-trace-kafka              | [2026-06-19 02:48:55,671] INFO Client environment:host.name=f620ce71a820 (org.apache.zookeeper.ZooKeeper)
product-trace-kafka              | [2026-06-19 02:48:55,671] INFO Client environment:java.version=11.0.20 (org.apache.zookeeper.ZooKeeper)
product-trace-kafka              | [2026-06-19 02:48:55,671] INFO Client environment:java.vendor=Azul Systems, Inc. (org.apache.zookeeper.ZooKeeper)
product-trace-kafka              | [2026-06-19 02:48:55,671] INFO Client environment:java.home=/usr/lib/jvm/java-11-zulu-openjdk-ca (org.apache.zookeeper.ZooKeeper)
product-trace-kafka              | [2026-06-19 02:48:55,672] INFO Client environment:java.class.path=/usr/share/java/cp-base-new/re2j-1.6.jar:/usr/share/java/cp-base-new/snakeyaml-2.0.jar:/usr/share/java/cp-base-new/jose4j-0.9.3.jar:/usr/share/java/cp-base-new/scala-collection-compat_2.13-2.10.0.jar:/usr/share/java/cp-base-new/audience-annotations-0.5.0.jar:/usr/share/java/cp-base-new/zookeeper-3.6.3.jar:/usr/share/java/cp-base-new/kafka-tools-api-7.5.0-ccs.jar:/usr/share/java/cp-base-new/jopt-simple-5.0.4.jar:/usr/share/java/cp-base-new/zookeeper-jute-3.6.3.jar:/usr/share/java/cp-base-new/logredactor-1.0.12.jar:/usr/share/java/cp-base-new/jackson-annotations-2.14.2.jar:/usr/share/java/cp-base-new/jackson-core-2.14.2.jar:/usr/share/java/cp-base-new/logredactor-metrics-1.0.12.jar:/usr/share/java/cp-base-new/kafka-storage-api-7.5.0-ccs.jar:/usr/share/java/cp-base-new/metrics-core-2.2.0.jar:/usr/share/java/cp-base-new/paranamer-2.8.jar:/usr/share/java/cp-base-new/kafka-metadata-7.5.0-ccs.jar:/usr/share/java/cp-base-new/jackson-datatype-jdk8-2.14.2.jar:/usr/share/java/cp-base-new/slf4j-reload4j-1.7.36.jar:/usr/share/java/cp-base-new/scala-logging_2.13-3.9.4.jar:/usr/share/java/cp-base-new/jackson-module-scala_2.13-2.14.2.jar:/usr/share/java/cp-base-new/argparse4j-0.7.0.jar:/usr/share/java/cp-base-new/minimal-json-0.9.5.jar:/usr/share/java/cp-base-new/reload4j-1.2.19.jar:/usr/share/java/cp-base-new/jackson-dataformat-yaml-2.14.2.jar:/usr/share/java/cp-base-new/kafka-storage-7.5.0-ccs.jar:/usr/share/java/cp-base-new/metrics-core-4.1.12.1.jar:/usr/share/java/cp-base-new/lz4-java-1.8.0.jar:/usr/share/java/cp-base-new/jackson-dataformat-csv-2.14.2.jar:/usr/share/java/cp-base-new/kafka-raft-7.5.0-ccs.jar:/usr/share/java/cp-base-new/jolokia-jvm-1.7.1.jar:/usr/share/java/cp-base-new/gson-2.9.0.jar:/usr/share/java/cp-base-new/disk-usage-agent-7.5.0.jar:/usr/share/java/cp-base-new/json-simple-1.1.1.jar:/usr/share/java/cp-base-new/common-utils-7.5.0.jar:/usr/share/java/cp-base-new/slf4j-api-1.7.36.jar:/usr/share/java/cp-base-new/snappy-java-1.1.10.1.jar:/usr/share/java/cp-base-new/jmx_prometheus_javaagent-0.18.0.jar:/usr/share/java/cp-base-new/zstd-jni-1.5.5-1.jar:/usr/share/java/cp-base-new/kafka-server-common-7.5.0-ccs.jar:/usr/share/java/cp-base-new/kafka-group-coordinator-7.5.0-ccs.jar:/usr/share/java/cp-base-new/kafka-clients-7.5.0-ccs.jar:/usr/share/java/cp-base-new/scala-library-2.13.10.jar:/usr/share/java/cp-base-new/scala-java8-compat_2.13-1.0.2.jar:/usr/share/java/cp-base-new/commons-cli-1.4.jar:/usr/share/java/cp-base-new/scala-reflect-2.13.10.jar:/usr/share/java/cp-base-new/jolokia-core-1.7.1.jar:/usr/share/java/cp-base-new/jackson-databind-2.14.2.jar:/usr/share/java/cp-base-new/kafka_2.13-7.5.0-ccs.jar:/usr/share/java/cp-base-new/utility-belt-7.5.0.jar (org.apache.zookeeper.ZooKeeper)
product-trace-kafka              | [2026-06-19 02:48:55,672] INFO Client environment:java.library.path=/usr/java/packages/lib:/usr/lib64:/lib64:/lib:/usr/lib (org.apache.zookeeper.ZooKeeper)
product-trace-kafka              | [2026-06-19 02:48:55,672] INFO Client environment:java.io.tmpdir=/tmp (org.apache.zookeeper.ZooKeeper)
product-trace-kafka              | [2026-06-19 02:48:55,672] INFO Client environment:java.compiler=<NA> (org.apache.zookeeper.ZooKeeper)
product-trace-kafka              | [2026-06-19 02:48:55,672] INFO Client environment:os.name=Linux (org.apache.zookeeper.ZooKeeper)
product-trace-kafka              | [2026-06-19 02:48:55,672] INFO Client environment:os.arch=amd64 (org.apache.zookeeper.ZooKeeper)
product-trace-kafka              | [2026-06-19 02:48:55,672] INFO Client environment:os.version=6.6.114.1-microsoft-standard-WSL2 (org.apache.zookeeper.ZooKeeper)
product-trace-kafka              | [2026-06-19 02:48:55,672] INFO Client environment:user.name=appuser (org.apache.zookeeper.ZooKeeper)
product-trace-kafka              | [2026-06-19 02:48:55,672] INFO Client environment:user.home=/home/appuser (org.apache.zookeeper.ZooKeeper)
product-trace-kafka              | [2026-06-19 02:48:55,672] INFO Client environment:user.dir=/home/appuser (org.apache.zookeeper.ZooKeeper)
product-trace-kafka              | [2026-06-19 02:48:55,672] INFO Client environment:os.memory.free=112MB (org.apache.zookeeper.ZooKeeper)
product-trace-kafka              | [2026-06-19 02:48:55,672] INFO Client environment:os.memory.max=1950MB (org.apache.zookeeper.ZooKeeper)
product-trace-kafka              | [2026-06-19 02:48:55,672] INFO Client environment:os.memory.total=122MB (org.apache.zookeeper.ZooKeeper)
product-trace-kafka              | [2026-06-19 02:48:55,680] INFO Initiating client connection, connectString=zookeeper:2181 sessionTimeout=40000 watcher=io.confluent.admin.utils.ZookeeperConnectionWatcher@221af3c0 (org.apache.zookeeper.ZooKeeper)
product-trace-kafka              | [2026-06-19 02:48:55,693] INFO Setting -D jdk.tls.rejectClientInitiatedRenegotiation=true to disable client-initiated TLS renegotiation (org.apache.zookeeper.common.X509Util)
product-trace-kafka              | [2026-06-19 02:48:55,707] INFO jute.maxbuffer value is 1048575 Bytes (org.apache.zookeeper.ClientCnxnSocket)
product-trace-kafka              | [2026-06-19 02:48:55,722] INFO zookeeper.request.timeout value is 0. feature enabled=false (org.apache.zookeeper.ClientCnxn)
product-trace-kafka              | [2026-06-19 02:48:55,757] INFO Opening socket connection to server zookeeper/172.20.0.5:2181. (org.apache.zookeeper.ClientCnxn)
product-trace-kafka              | [2026-06-19 02:48:55,759] INFO SASL config status: Will not attempt to authenticate using SASL (unknown error) (org.apache.zookeeper.ClientCnxn)
product-trace-kafka              | [2026-06-19 02:48:55,773] INFO Socket connection established, initiating session, client: /172.20.0.8:50332, server: zookeeper/172.20.0.5:2181 (org.apache.zookeeper.ClientCnxn)
product-trace-kafka              | [2026-06-19 02:48:55,793] INFO Session establishment complete on server zookeeper/172.20.0.5:2181, session id = 0x100001bb0550006, negotiated timeout = 40000 (org.apache.zookeeper.ClientCnxn)
product-trace-kafka              | [2026-06-19 02:48:55,815] WARN An exception was thrown while closing send thread for session 0x100001bb0550006. (org.apache.zookeeper.ClientCnxn)
product-trace-kafka              | EndOfStreamException: Unable to read additional data from server sessionid 0x100001bb0550006, likely server has closed socket
product-trace-kafka              | 	at org.apache.zookeeper.ClientCnxnSocketNIO.doIO(ClientCnxnSocketNIO.java:77)
product-trace-kafka              | 	at org.apache.zookeeper.ClientCnxnSocketNIO.doTransport(ClientCnxnSocketNIO.java:350)
product-trace-kafka              | 	at org.apache.zookeeper.ClientCnxn$SendThread.run(ClientCnxn.java:1290)
product-trace-kafka              | [2026-06-19 02:48:55,922] INFO Session: 0x100001bb0550006 closed (org.apache.zookeeper.ZooKeeper)
product-trace-kafka              | [2026-06-19 02:48:55,922] INFO EventThread shut down for session: 0x100001bb0550006 (org.apache.zookeeper.ClientCnxn)
product-trace-kafka              | Using log4j config /etc/kafka/log4j.properties
product-trace-kafka              | ===> Launching ... 
product-trace-kafka              | ===> Launching kafka ... 
product-trace-kafka              | [2026-06-19 02:48:56,926] INFO Registered kafka:type=kafka.Log4jController MBean (kafka.utils.Log4jControllerRegistration$)
product-trace-kafka              | [2026-06-19 02:48:57,334] INFO Setting -D jdk.tls.rejectClientInitiatedRenegotiation=true to disable client-initiated TLS renegotiation (org.apache.zookeeper.common.X509Util)
product-trace-kafka              | [2026-06-19 02:48:57,443] INFO Registered signal handlers for TERM, INT, HUP (org.apache.kafka.common.utils.LoggingSignalHandler)
product-trace-kafka              | [2026-06-19 02:48:57,449] INFO starting (kafka.server.KafkaServer)
product-trace-kafka              | [2026-06-19 02:48:57,452] INFO Connecting to zookeeper on zookeeper:2181 (kafka.server.KafkaServer)
product-trace-kafka              | [2026-06-19 02:48:57,482] INFO [ZooKeeperClient Kafka server] Initializing a new session to zookeeper:2181. (kafka.zookeeper.ZooKeeperClient)
product-trace-kafka              | [2026-06-19 02:48:57,492] INFO Client environment:zookeeper.version=3.6.4--d65253dcf68e9097c6e95a126463fd5fdeb4521c, built on 12/18/2022 18:10 GMT (org.apache.zookeeper.ZooKeeper)
product-trace-kafka              | [2026-06-19 02:48:57,492] INFO Client environment:host.name=f620ce71a820 (org.apache.zookeeper.ZooKeeper)
product-trace-kafka              | [2026-06-19 02:48:57,492] INFO Client environment:java.version=11.0.20 (org.apache.zookeeper.ZooKeeper)
product-trace-kafka              | [2026-06-19 02:48:57,493] INFO Client environment:java.vendor=Azul Systems, Inc. (org.apache.zookeeper.ZooKeeper)
product-trace-kafka              | [2026-06-19 02:48:57,493] INFO Client environment:java.home=/usr/lib/jvm/java-11-zulu-openjdk-ca (org.apache.zookeeper.ZooKeeper)
product-trace-kafka              | [2026-06-19 02:48:57,493] INFO Client environment:java.class.path=/usr/bin/../share/java/kafka/netty-transport-4.1.96.Final.jar:/usr/bin/../share/java/kafka/jakarta.validation-api-2.0.2.jar:/usr/bin/../share/java/kafka/kafka.jar:/usr/bin/../share/java/kafka/connect-mirror-client-7.5.0-ccs.jar:/usr/bin/../share/java/kafka/netty-buffer-4.1.96.Final.jar:/usr/bin/../share/java/kafka/javax.servlet-api-3.1.0.jar:/usr/bin/../share/java/kafka/kafka-log4j-appender-7.5.0-ccs.jar:/usr/bin/../share/java/kafka/jline-3.22.0.jar:/usr/bin/../share/java/kafka/jose4j-0.9.3.jar:/usr/bin/../share/java/kafka/kafka-shell-7.5.0-ccs.jar:/usr/bin/../share/java/kafka/scala-collection-compat_2.13-2.10.0.jar:/usr/bin/../share/java/kafka/javax.annotation-api-1.3.2.jar:/usr/bin/../share/java/kafka/jackson-jaxrs-json-provider-2.13.5.jar:/usr/bin/../share/java/kafka/kafka-tools-api-7.5.0-ccs.jar:/usr/bin/../share/java/kafka/jopt-simple-5.0.4.jar:/usr/bin/../share/java/kafka/jackson-annotations-2.13.5.jar:/usr/bin/../share/java/kafka/jakarta.ws.rs-api-2.1.6.jar:/usr/bin/../share/java/kafka/netty-handler-4.1.96.Final.jar:/usr/bin/../share/java/kafka/netty-transport-classes-epoll-4.1.96.Final.jar:/usr/bin/../share/java/kafka/connect-transforms-7.5.0-ccs.jar:/usr/bin/../share/java/kafka/maven-artifact-3.8.4.jar:/usr/bin/../share/java/kafka/jetty-http-9.4.51.v20230217.jar:/usr/bin/../share/java/kafka/trogdor-7.5.0-ccs.jar:/usr/bin/../share/java/kafka/jackson-dataformat-csv-2.13.5.jar:/usr/bin/../share/java/kafka/jackson-core-2.13.5.jar:/usr/bin/../share/java/kafka/kafka-storage-api-7.5.0-ccs.jar:/usr/bin/../share/java/kafka/metrics-core-2.2.0.jar:/usr/bin/../share/java/kafka/snappy-java-1.1.10.0.jar:/usr/bin/../share/java/kafka/plexus-utils-3.3.0.jar:/usr/bin/../share/java/kafka/paranamer-2.8.jar:/usr/bin/../share/java/kafka/kafka-metadata-7.5.0-ccs.jar:/usr/bin/../share/java/kafka/hk2-utils-2.6.1.jar:/usr/bin/../share/java/kafka/jersey-container-servlet-core-2.39.1.jar:/usr/bin/../share/java/kafka/jetty-servlet-9.4.51.v20230217.jar:/usr/bin/../share/java/kafka/slf4j-reload4j-1.7.36.jar:/usr/bin/../share/java/kafka/rocksdbjni-7.1.2.jar:/usr/bin/../share/java/kafka/scala-logging_2.13-3.9.4.jar:/usr/bin/../share/java/kafka/connect-mirror-7.5.0-ccs.jar:/usr/bin/../share/java/kafka/zookeeper-jute-3.6.4.jar:/usr/bin/../share/java/kafka/jersey-container-servlet-2.39.1.jar:/usr/bin/../share/java/kafka/jaxb-api-2.3.1.jar:/usr/bin/../share/java/kafka/argparse4j-0.7.0.jar:/usr/bin/../share/java/kafka/jetty-client-9.4.51.v20230217.jar:/usr/bin/../share/java/kafka/connect-api-7.5.0-ccs.jar:/usr/bin/../share/java/kafka/jakarta.activation-api-1.2.2.jar:/usr/bin/../share/java/kafka/jetty-io-9.4.51.v20230217.jar:/usr/bin/../share/java/kafka/jetty-servlets-9.4.51.v20230217.jar:/usr/bin/../share/java/kafka/jetty-continuation-9.4.51.v20230217.jar:/usr/bin/../share/java/kafka/netty-resolver-4.1.96.Final.jar:/usr/bin/../share/java/kafka/kafka-streams-test-utils-7.5.0-ccs.jar:/usr/bin/../share/java/kafka/kafka-storage-7.5.0-ccs.jar:/usr/bin/../share/java/kafka/netty-transport-native-unix-common-4.1.96.Final.jar:/usr/bin/../share/java/kafka/kafka-streams-scala_2.13-7.5.0-ccs.jar:/usr/bin/../share/java/kafka/metrics-core-4.1.12.1.jar:/usr/bin/../share/java/kafka/aopalliance-repackaged-2.6.1.jar:/usr/bin/../share/java/kafka/lz4-java-1.8.0.jar:/usr/bin/../share/java/kafka/kafka-raft-7.5.0-ccs.jar:/usr/bin/../share/java/kafka/jetty-util-9.4.51.v20230217.jar:/usr/bin/../share/java/kafka/javassist-3.29.2-GA.jar:/usr/bin/../share/java/kafka/hk2-api-2.6.1.jar:/usr/bin/../share/java/kafka/jersey-client-2.39.1.jar:/usr/bin/../share/java/kafka/audience-annotations-0.13.0.jar:/usr/bin/../share/java/kafka/kafka-streams-7.5.0-ccs.jar:/usr/bin/../share/java/kafka/jackson-databind-2.13.5.jar:/usr/bin/../share/java/kafka/connect-json-7.5.0-ccs.jar:/usr/bin/../share/java/kafka/jackson-module-jaxb-annotations-2.13.5.jar:/usr/bin/../share/java/kafka/hk2-locator-2.6.1.jar:/usr/bin/../share/java/kafka/netty-transport-native-epoll-4.1.96.Final.jar:/usr/bin/../share/java/kafka/jersey-hk2-2.39.1.jar:/usr/bin/../share/java/kafka/zookeeper-3.6.4.jar:/usr/bin/../share/java/kafka/jetty-server-9.4.51.v20230217.jar:/usr/bin/../share/java/kafka/netty-codec-4.1.96.Final.jar:/usr/bin/../share/java/kafka/jackson-module-scala_2.13-2.13.5.jar:/usr/bin/../share/java/kafka/jackson-jaxrs-base-2.13.5.jar:/usr/bin/../share/java/kafka/slf4j-api-1.7.36.jar:/usr/bin/../share/java/kafka/swagger-annotations-2.2.8.jar:/usr/bin/../share/java/kafka/connect-basic-auth-extension-7.5.0-ccs.jar:/usr/bin/../share/java/kafka/commons-lang3-3.8.1.jar:/usr/bin/../share/java/kafka/netty-common-4.1.96.Final.jar:/usr/bin/../share/java/kafka/jersey-server-2.39.1.jar:/usr/bin/../share/java/kafka/zstd-jni-1.5.5-1.jar:/usr/bin/../share/java/kafka/kafka-server-common-7.5.0-ccs.jar:/usr/bin/../share/java/kafka/jetty-security-9.4.51.v20230217.jar:/usr/bin/../share/java/kafka/jakarta.annotation-api-1.3.5.jar:/usr/bin/../share/java/kafka/jersey-common-2.39.1.jar:/usr/bin/../share/java/kafka/reload4j-1.2.25.jar:/usr/bin/../share/java/kafka/jakarta.xml.bind-api-2.3.3.jar:/usr/bin/../share/java/kafka/kafka-group-coordinator-7.5.0-ccs.jar:/usr/bin/../share/java/kafka/jakarta.inject-2.6.1.jar:/usr/bin/../share/java/kafka/connect-runtime-7.5.0-ccs.jar:/usr/bin/../share/java/kafka/kafka-clients-7.5.0-ccs.jar:/usr/bin/../share/java/kafka/javax.ws.rs-api-2.1.1.jar:/usr/bin/../share/java/kafka/jetty-util-ajax-9.4.51.v20230217.jar:/usr/bin/../share/java/kafka/scala-library-2.13.10.jar:/usr/bin/../share/java/kafka/scala-java8-compat_2.13-1.0.2.jar:/usr/bin/../share/java/kafka/commons-cli-1.4.jar:/usr/bin/../share/java/kafka/kafka-tools-7.5.0-ccs.jar:/usr/bin/../share/java/kafka/jackson-datatype-jdk8-2.13.5.jar:/usr/bin/../share/java/kafka/scala-reflect-2.13.10.jar:/usr/bin/../share/java/kafka/reflections-0.9.12.jar:/usr/bin/../share/java/kafka/osgi-resource-locator-1.0.3.jar:/usr/bin/../share/java/kafka/javax.activation-api-1.2.0.jar:/usr/bin/../share/java/kafka/kafka_2.13-7.5.0-ccs.jar:/usr/bin/../share/java/kafka/activation-1.1.1.jar:/usr/bin/../share/java/kafka/kafka-streams-examples-7.5.0-ccs.jar:/usr/bin/../share/java/confluent-telemetry/* (org.apache.zookeeper.ZooKeeper)
product-trace-kafka              | [2026-06-19 02:48:57,493] INFO Client environment:java.library.path=/usr/java/packages/lib:/usr/lib64:/lib64:/lib:/usr/lib (org.apache.zookeeper.ZooKeeper)
product-trace-kafka              | [2026-06-19 02:48:57,493] INFO Client environment:java.io.tmpdir=/tmp (org.apache.zookeeper.ZooKeeper)
product-trace-kafka              | [2026-06-19 02:48:57,493] INFO Client environment:java.compiler=<NA> (org.apache.zookeeper.ZooKeeper)
product-trace-kafka              | [2026-06-19 02:48:57,493] INFO Client environment:os.name=Linux (org.apache.zookeeper.ZooKeeper)
product-trace-kafka              | [2026-06-19 02:48:57,493] INFO Client environment:os.arch=amd64 (org.apache.zookeeper.ZooKeeper)
product-trace-kafka              | [2026-06-19 02:48:57,493] INFO Client environment:os.version=6.6.114.1-microsoft-standard-WSL2 (org.apache.zookeeper.ZooKeeper)
product-trace-kafka              | [2026-06-19 02:48:57,493] INFO Client environment:user.name=appuser (org.apache.zookeeper.ZooKeeper)
product-trace-kafka              | [2026-06-19 02:48:57,493] INFO Client environment:user.home=/home/appuser (org.apache.zookeeper.ZooKeeper)
product-trace-kafka              | [2026-06-19 02:48:57,493] INFO Client environment:user.dir=/home/appuser (org.apache.zookeeper.ZooKeeper)
product-trace-kafka              | [2026-06-19 02:48:57,493] INFO Client environment:os.memory.free=1009MB (org.apache.zookeeper.ZooKeeper)
product-trace-kafka              | [2026-06-19 02:48:57,493] INFO Client environment:os.memory.max=1024MB (org.apache.zookeeper.ZooKeeper)
product-trace-kafka              | [2026-06-19 02:48:57,493] INFO Client environment:os.memory.total=1024MB (org.apache.zookeeper.ZooKeeper)
product-trace-kafka              | [2026-06-19 02:48:57,501] INFO Initiating client connection, connectString=zookeeper:2181 sessionTimeout=18000 watcher=kafka.zookeeper.ZooKeeperClient$ZooKeeperClientWatcher$@13d73fa (org.apache.zookeeper.ZooKeeper)
product-trace-kafka              | [2026-06-19 02:48:57,509] INFO jute.maxbuffer value is 4194304 Bytes (org.apache.zookeeper.ClientCnxnSocket)
product-trace-kafka              | [2026-06-19 02:48:57,519] INFO zookeeper.request.timeout value is 0. feature enabled=false (org.apache.zookeeper.ClientCnxn)
product-trace-kafka              | [2026-06-19 02:48:57,522] INFO [ZooKeeperClient Kafka server] Waiting until connected. (kafka.zookeeper.ZooKeeperClient)
product-trace-kafka              | [2026-06-19 02:48:57,529] INFO Opening socket connection to server zookeeper/172.20.0.5:2181. (org.apache.zookeeper.ClientCnxn)
nest-ai-service                  | [31m[Nest] 1  - [39m06/19/2026, 2:48:57 AM [31m  ERROR[39m [38;5;3m[ServerKafka] [39m[31mERROR [Connection] Connection error: connect ECONNREFUSED 172.20.0.8:9092 {"timestamp":"2026-06-19T02:48:57.534Z","logger":"kafkajs","broker":"kafka:9092","clientId":"nest-ai-service-server","stack":"Error: connect ECONNREFUSED 172.20.0.8:9092\n    at TCPConnectWrap.afterConnect [as oncomplete] (node:net:1638:16)"}[39m
nest-ai-service                  | [31m[Nest] 1  - [39m06/19/2026, 2:48:57 AM [31m  ERROR[39m [38;5;3m[ServerKafka] [39m[31mERROR [BrokerPool] Failed to connect to seed broker, trying another broker from the list: Connection error: connect ECONNREFUSED 172.20.0.8:9092 {"timestamp":"2026-06-19T02:48:57.535Z","logger":"kafkajs","retryCount":4,"retryTime":5478}[39m
product-trace-kafka              | [2026-06-19 02:48:57,545] INFO Socket connection established, initiating session, client: /172.20.0.8:50342, server: zookeeper/172.20.0.5:2181 (org.apache.zookeeper.ClientCnxn)
product-trace-kafka              | [2026-06-19 02:48:57,561] INFO Session establishment complete on server zookeeper/172.20.0.5:2181, session id = 0x100001bb0550007, negotiated timeout = 18000 (org.apache.zookeeper.ClientCnxn)
product-trace-kafka              | [2026-06-19 02:48:57,568] INFO [ZooKeeperClient Kafka server] Connected. (kafka.zookeeper.ZooKeeperClient)
product-trace-kafka              | [2026-06-19 02:48:58,014] INFO Cluster ID = KJM66PtkQaSUrg8BXQDG9A (kafka.server.KafkaServer)
product-trace-kafka              | [2026-06-19 02:48:58,022] WARN No meta.properties file under dir /var/lib/kafka/data/meta.properties (kafka.server.BrokerMetadataCheckpoint)
product-trace-kafka              | [2026-06-19 02:48:58,091] INFO KafkaConfig values: 
product-trace-kafka              | 	advertised.listeners = PLAINTEXT://kafka:9092,PLAINTEXT_HOST://localhost:29092
product-trace-kafka              | 	alter.config.policy.class.name = null
product-trace-kafka              | 	alter.log.dirs.replication.quota.window.num = 11
product-trace-kafka              | 	alter.log.dirs.replication.quota.window.size.seconds = 1
product-trace-kafka              | 	authorizer.class.name = 
product-trace-kafka              | 	auto.create.topics.enable = true
product-trace-kafka              | 	auto.include.jmx.reporter = true
product-trace-kafka              | 	auto.leader.rebalance.enable = true
product-trace-kafka              | 	background.threads = 10
product-trace-kafka              | 	broker.heartbeat.interval.ms = 2000
product-trace-kafka              | 	broker.id = 1
product-trace-kafka              | 	broker.id.generation.enable = true
product-trace-kafka              | 	broker.rack = null
product-trace-kafka              | 	broker.session.timeout.ms = 9000
product-trace-kafka              | 	client.quota.callback.class = null
product-trace-kafka              | 	compression.type = producer
product-trace-kafka              | 	connection.failed.authentication.delay.ms = 100
product-trace-kafka              | 	connections.max.idle.ms = 600000
product-trace-kafka              | 	connections.max.reauth.ms = 0
product-trace-kafka              | 	control.plane.listener.name = null
product-trace-kafka              | 	controlled.shutdown.enable = true
product-trace-kafka              | 	controlled.shutdown.max.retries = 3
product-trace-kafka              | 	controlled.shutdown.retry.backoff.ms = 5000
product-trace-kafka              | 	controller.listener.names = null
product-trace-kafka              | 	controller.quorum.append.linger.ms = 25
product-trace-kafka              | 	controller.quorum.election.backoff.max.ms = 1000
product-trace-kafka              | 	controller.quorum.election.timeout.ms = 1000
product-trace-kafka              | 	controller.quorum.fetch.timeout.ms = 2000
product-trace-kafka              | 	controller.quorum.request.timeout.ms = 2000
product-trace-kafka              | 	controller.quorum.retry.backoff.ms = 20
product-trace-kafka              | 	controller.quorum.voters = []
product-trace-kafka              | 	controller.quota.window.num = 11
product-trace-kafka              | 	controller.quota.window.size.seconds = 1
product-trace-kafka              | 	controller.socket.timeout.ms = 30000
product-trace-kafka              | 	create.topic.policy.class.name = null
product-trace-kafka              | 	default.replication.factor = 1
product-trace-kafka              | 	delegation.token.expiry.check.interval.ms = 3600000
product-trace-kafka              | 	delegation.token.expiry.time.ms = 86400000
product-trace-kafka              | 	delegation.token.master.key = null
product-trace-kafka              | 	delegation.token.max.lifetime.ms = 604800000
product-trace-kafka              | 	delegation.token.secret.key = null
product-trace-kafka              | 	delete.records.purgatory.purge.interval.requests = 1
product-trace-kafka              | 	delete.topic.enable = true
product-trace-kafka              | 	early.start.listeners = null
product-trace-kafka              | 	fetch.max.bytes = 57671680
product-trace-kafka              | 	fetch.purgatory.purge.interval.requests = 1000
product-trace-kafka              | 	group.consumer.assignors = []
product-trace-kafka              | 	group.consumer.heartbeat.interval.ms = 5000
product-trace-kafka              | 	group.consumer.max.heartbeat.interval.ms = 15000
product-trace-kafka              | 	group.consumer.max.session.timeout.ms = 60000
product-trace-kafka              | 	group.consumer.max.size = 2147483647
product-trace-kafka              | 	group.consumer.min.heartbeat.interval.ms = 5000
product-trace-kafka              | 	group.consumer.min.session.timeout.ms = 45000
product-trace-kafka              | 	group.consumer.session.timeout.ms = 45000
product-trace-kafka              | 	group.coordinator.new.enable = false
product-trace-kafka              | 	group.coordinator.threads = 1
product-trace-kafka              | 	group.initial.rebalance.delay.ms = 0
product-trace-kafka              | 	group.max.session.timeout.ms = 1800000
product-trace-kafka              | 	group.max.size = 2147483647
product-trace-kafka              | 	group.min.session.timeout.ms = 6000
product-trace-kafka              | 	initial.broker.registration.timeout.ms = 60000
product-trace-kafka              | 	inter.broker.listener.name = PLAINTEXT
product-trace-kafka              | 	inter.broker.protocol.version = 3.5-IV2
product-trace-kafka              | 	kafka.metrics.polling.interval.secs = 10
product-trace-kafka              | 	kafka.metrics.reporters = []
product-trace-kafka              | 	leader.imbalance.check.interval.seconds = 300
product-trace-kafka              | 	leader.imbalance.per.broker.percentage = 10
product-trace-kafka              | 	listener.security.protocol.map = PLAINTEXT:PLAINTEXT,PLAINTEXT_HOST:PLAINTEXT
product-trace-kafka              | 	listeners = PLAINTEXT://0.0.0.0:9092,PLAINTEXT_HOST://0.0.0.0:29092
product-trace-kafka              | 	log.cleaner.backoff.ms = 15000
product-trace-kafka              | 	log.cleaner.dedupe.buffer.size = 134217728
product-trace-kafka              | 	log.cleaner.delete.retention.ms = 86400000
product-trace-kafka              | 	log.cleaner.enable = true
product-trace-kafka              | 	log.cleaner.io.buffer.load.factor = 0.9
product-trace-kafka              | 	log.cleaner.io.buffer.size = 524288
product-trace-kafka              | 	log.cleaner.io.max.bytes.per.second = 1.7976931348623157E308
product-trace-kafka              | 	log.cleaner.max.compaction.lag.ms = 9223372036854775807
product-trace-kafka              | 	log.cleaner.min.cleanable.ratio = 0.5
product-trace-kafka              | 	log.cleaner.min.compaction.lag.ms = 0
product-trace-kafka              | 	log.cleaner.threads = 1
product-trace-kafka              | 	log.cleanup.policy = [delete]
product-trace-kafka              | 	log.dir = /tmp/kafka-logs
product-trace-kafka              | 	log.dirs = /var/lib/kafka/data
product-trace-kafka              | 	log.flush.interval.messages = 9223372036854775807
product-trace-kafka              | 	log.flush.interval.ms = null
product-trace-kafka              | 	log.flush.offset.checkpoint.interval.ms = 60000
product-trace-kafka              | 	log.flush.scheduler.interval.ms = 9223372036854775807
product-trace-kafka              | 	log.flush.start.offset.checkpoint.interval.ms = 60000
product-trace-kafka              | 	log.index.interval.bytes = 4096
product-trace-kafka              | 	log.index.size.max.bytes = 10485760
product-trace-kafka              | 	log.message.downconversion.enable = true
product-trace-kafka              | 	log.message.format.version = 3.0-IV1
product-trace-kafka              | 	log.message.timestamp.difference.max.ms = 9223372036854775807
product-trace-kafka              | 	log.message.timestamp.type = CreateTime
product-trace-kafka              | 	log.preallocate = false
product-trace-kafka              | 	log.retention.bytes = -1
product-trace-kafka              | 	log.retention.check.interval.ms = 300000
product-trace-kafka              | 	log.retention.hours = 168
product-trace-kafka              | 	log.retention.minutes = null
product-trace-kafka              | 	log.retention.ms = null
product-trace-kafka              | 	log.roll.hours = 168
product-trace-kafka              | 	log.roll.jitter.hours = 0
product-trace-kafka              | 	log.roll.jitter.ms = null
product-trace-kafka              | 	log.roll.ms = null
product-trace-kafka              | 	log.segment.bytes = 1073741824
product-trace-kafka              | 	log.segment.delete.delay.ms = 60000
product-trace-kafka              | 	max.connection.creation.rate = 2147483647
product-trace-kafka              | 	max.connections = 2147483647
product-trace-kafka              | 	max.connections.per.ip = 2147483647
product-trace-kafka              | 	max.connections.per.ip.overrides = 
product-trace-kafka              | 	max.incremental.fetch.session.cache.slots = 1000
product-trace-kafka              | 	message.max.bytes = 1048588
product-trace-kafka              | 	metadata.log.dir = null
product-trace-kafka              | 	metadata.log.max.record.bytes.between.snapshots = 20971520
product-trace-kafka              | 	metadata.log.max.snapshot.interval.ms = 3600000
product-trace-kafka              | 	metadata.log.segment.bytes = 1073741824
product-trace-kafka              | 	metadata.log.segment.min.bytes = 8388608
product-trace-kafka              | 	metadata.log.segment.ms = 604800000
product-trace-kafka              | 	metadata.max.idle.interval.ms = 500
product-trace-kafka              | 	metadata.max.retention.bytes = 104857600
product-trace-kafka              | 	metadata.max.retention.ms = 604800000
product-trace-kafka              | 	metric.reporters = []
product-trace-kafka              | 	metrics.num.samples = 2
product-trace-kafka              | 	metrics.recording.level = INFO
product-trace-kafka              | 	metrics.sample.window.ms = 30000
product-trace-kafka              | 	min.insync.replicas = 1
product-trace-kafka              | 	node.id = 1
product-trace-kafka              | 	num.io.threads = 8
product-trace-kafka              | 	num.network.threads = 3
product-trace-kafka              | 	num.partitions = 1
product-trace-kafka              | 	num.recovery.threads.per.data.dir = 1
product-trace-kafka              | 	num.replica.alter.log.dirs.threads = null
product-trace-kafka              | 	num.replica.fetchers = 1
product-trace-kafka              | 	offset.metadata.max.bytes = 4096
product-trace-kafka              | 	offsets.commit.required.acks = -1
product-trace-kafka              | 	offsets.commit.timeout.ms = 5000
product-trace-kafka              | 	offsets.load.buffer.size = 5242880
product-trace-kafka              | 	offsets.retention.check.interval.ms = 600000
product-trace-kafka              | 	offsets.retention.minutes = 10080
product-trace-kafka              | 	offsets.topic.compression.codec = 0
product-trace-kafka              | 	offsets.topic.num.partitions = 50
product-trace-kafka              | 	offsets.topic.replication.factor = 1
product-trace-kafka              | 	offsets.topic.segment.bytes = 104857600
product-trace-kafka              | 	password.encoder.cipher.algorithm = AES/CBC/PKCS5Padding
product-trace-kafka              | 	password.encoder.iterations = 4096
product-trace-kafka              | 	password.encoder.key.length = 128
product-trace-kafka              | 	password.encoder.keyfactory.algorithm = null
product-trace-kafka              | 	password.encoder.old.secret = null
product-trace-kafka              | 	password.encoder.secret = null
product-trace-kafka              | 	principal.builder.class = class org.apache.kafka.common.security.authenticator.DefaultKafkaPrincipalBuilder
product-trace-kafka              | 	process.roles = []
product-trace-kafka              | 	producer.id.expiration.check.interval.ms = 600000
product-trace-kafka              | 	producer.id.expiration.ms = 86400000
product-trace-kafka              | 	producer.purgatory.purge.interval.requests = 1000
product-trace-kafka              | 	queued.max.request.bytes = -1
product-trace-kafka              | 	queued.max.requests = 500
product-trace-kafka              | 	quota.window.num = 11
product-trace-kafka              | 	quota.window.size.seconds = 1
product-trace-kafka              | 	remote.log.index.file.cache.total.size.bytes = 1073741824
product-trace-kafka              | 	remote.log.manager.task.interval.ms = 30000
product-trace-kafka              | 	remote.log.manager.task.retry.backoff.max.ms = 30000
product-trace-kafka              | 	remote.log.manager.task.retry.backoff.ms = 500
product-trace-kafka              | 	remote.log.manager.task.retry.jitter = 0.2
product-trace-kafka              | 	remote.log.manager.thread.pool.size = 10
product-trace-kafka              | 	remote.log.metadata.manager.class.name = null
product-trace-kafka              | 	remote.log.metadata.manager.class.path = null
product-trace-kafka              | 	remote.log.metadata.manager.impl.prefix = null
product-trace-kafka              | 	remote.log.metadata.manager.listener.name = null
product-trace-kafka              | 	remote.log.reader.max.pending.tasks = 100
product-trace-kafka              | 	remote.log.reader.threads = 10
product-trace-kafka              | 	remote.log.storage.manager.class.name = null
product-trace-kafka              | 	remote.log.storage.manager.class.path = null
product-trace-kafka              | 	remote.log.storage.manager.impl.prefix = null
product-trace-kafka              | 	remote.log.storage.system.enable = false
product-trace-kafka              | 	replica.fetch.backoff.ms = 1000
product-trace-kafka              | 	replica.fetch.max.bytes = 1048576
product-trace-kafka              | 	replica.fetch.min.bytes = 1
product-trace-kafka              | 	replica.fetch.response.max.bytes = 10485760
product-trace-kafka              | 	replica.fetch.wait.max.ms = 500
product-trace-kafka              | 	replica.high.watermark.checkpoint.interval.ms = 5000
product-trace-kafka              | 	replica.lag.time.max.ms = 30000
product-trace-kafka              | 	replica.selector.class = null
product-trace-kafka              | 	replica.socket.receive.buffer.bytes = 65536
product-trace-kafka              | 	replica.socket.timeout.ms = 30000
product-trace-kafka              | 	replication.quota.window.num = 11
product-trace-kafka              | 	replication.quota.window.size.seconds = 1
product-trace-kafka              | 	request.timeout.ms = 30000
product-trace-kafka              | 	reserved.broker.max.id = 1000
product-trace-kafka              | 	sasl.client.callback.handler.class = null
product-trace-kafka              | 	sasl.enabled.mechanisms = [GSSAPI]
product-trace-kafka              | 	sasl.jaas.config = null
product-trace-kafka              | 	sasl.kerberos.kinit.cmd = /usr/bin/kinit
product-trace-kafka              | 	sasl.kerberos.min.time.before.relogin = 60000
product-trace-kafka              | 	sasl.kerberos.principal.to.local.rules = [DEFAULT]
product-trace-kafka              | 	sasl.kerberos.service.name = null
product-trace-kafka              | 	sasl.kerberos.ticket.renew.jitter = 0.05
product-trace-kafka              | 	sasl.kerberos.ticket.renew.window.factor = 0.8
product-trace-kafka              | 	sasl.login.callback.handler.class = null
product-trace-kafka              | 	sasl.login.class = null
product-trace-kafka              | 	sasl.login.connect.timeout.ms = null
product-trace-kafka              | 	sasl.login.read.timeout.ms = null
product-trace-kafka              | 	sasl.login.refresh.buffer.seconds = 300
product-trace-kafka              | 	sasl.login.refresh.min.period.seconds = 60
product-trace-kafka              | 	sasl.login.refresh.window.factor = 0.8
product-trace-kafka              | 	sasl.login.refresh.window.jitter = 0.05
product-trace-kafka              | 	sasl.login.retry.backoff.max.ms = 10000
product-trace-kafka              | 	sasl.login.retry.backoff.ms = 100
product-trace-kafka              | 	sasl.mechanism.controller.protocol = GSSAPI
product-trace-kafka              | 	sasl.mechanism.inter.broker.protocol = GSSAPI
product-trace-kafka              | 	sasl.oauthbearer.clock.skew.seconds = 30
product-trace-kafka              | 	sasl.oauthbearer.expected.audience = null
product-trace-kafka              | 	sasl.oauthbearer.expected.issuer = null
product-trace-kafka              | 	sasl.oauthbearer.jwks.endpoint.refresh.ms = 3600000
product-trace-kafka              | 	sasl.oauthbearer.jwks.endpoint.retry.backoff.max.ms = 10000
product-trace-kafka              | 	sasl.oauthbearer.jwks.endpoint.retry.backoff.ms = 100
product-trace-kafka              | 	sasl.oauthbearer.jwks.endpoint.url = null
product-trace-kafka              | 	sasl.oauthbearer.scope.claim.name = scope
product-trace-kafka              | 	sasl.oauthbearer.sub.claim.name = sub
product-trace-kafka              | 	sasl.oauthbearer.token.endpoint.url = null
product-trace-kafka              | 	sasl.server.callback.handler.class = null
product-trace-kafka              | 	sasl.server.max.receive.size = 524288
product-trace-kafka              | 	security.inter.broker.protocol = PLAINTEXT
product-trace-kafka              | 	security.providers = null
product-trace-kafka              | 	server.max.startup.time.ms = 9223372036854775807
product-trace-kafka              | 	socket.connection.setup.timeout.max.ms = 30000
product-trace-kafka              | 	socket.connection.setup.timeout.ms = 10000
product-trace-kafka              | 	socket.listen.backlog.size = 50
product-trace-kafka              | 	socket.receive.buffer.bytes = 102400
product-trace-kafka              | 	socket.request.max.bytes = 104857600
product-trace-kafka              | 	socket.send.buffer.bytes = 102400
product-trace-kafka              | 	ssl.cipher.suites = []
product-trace-kafka              | 	ssl.client.auth = none
product-trace-kafka              | 	ssl.enabled.protocols = [TLSv1.2, TLSv1.3]
product-trace-kafka              | 	ssl.endpoint.identification.algorithm = https
product-trace-kafka              | 	ssl.engine.factory.class = null
product-trace-kafka              | 	ssl.key.password = null
product-trace-kafka              | 	ssl.keymanager.algorithm = SunX509
product-trace-kafka              | 	ssl.keystore.certificate.chain = null
product-trace-kafka              | 	ssl.keystore.key = null
product-trace-kafka              | 	ssl.keystore.location = null
product-trace-kafka              | 	ssl.keystore.password = null
product-trace-kafka              | 	ssl.keystore.type = JKS
product-trace-kafka              | 	ssl.principal.mapping.rules = DEFAULT
product-trace-kafka              | 	ssl.protocol = TLSv1.3
product-trace-kafka              | 	ssl.provider = null
product-trace-kafka              | 	ssl.secure.random.implementation = null
product-trace-kafka              | 	ssl.trustmanager.algorithm = PKIX
product-trace-kafka              | 	ssl.truststore.certificates = null
product-trace-kafka              | 	ssl.truststore.location = null
product-trace-kafka              | 	ssl.truststore.password = null
product-trace-kafka              | 	ssl.truststore.type = JKS
product-trace-kafka              | 	transaction.abort.timed.out.transaction.cleanup.interval.ms = 10000
product-trace-kafka              | 	transaction.max.timeout.ms = 900000
product-trace-kafka              | 	transaction.remove.expired.transaction.cleanup.interval.ms = 3600000
product-trace-kafka              | 	transaction.state.log.load.buffer.size = 5242880
product-trace-kafka              | 	transaction.state.log.min.isr = 2
product-trace-kafka              | 	transaction.state.log.num.partitions = 50
product-trace-kafka              | 	transaction.state.log.replication.factor = 3
product-trace-kafka              | 	transaction.state.log.segment.bytes = 104857600
product-trace-kafka              | 	transactional.id.expiration.ms = 604800000
product-trace-kafka              | 	unclean.leader.election.enable = false
product-trace-kafka              | 	unstable.api.versions.enable = false
product-trace-kafka              | 	zookeeper.clientCnxnSocket = null
product-trace-kafka              | 	zookeeper.connect = zookeeper:2181
product-trace-kafka              | 	zookeeper.connection.timeout.ms = null
product-trace-kafka              | 	zookeeper.max.in.flight.requests = 10
product-trace-kafka              | 	zookeeper.metadata.migration.enable = false
product-trace-kafka              | 	zookeeper.session.timeout.ms = 18000
product-trace-kafka              | 	zookeeper.set.acl = false
product-trace-kafka              | 	zookeeper.ssl.cipher.suites = null
product-trace-kafka              | 	zookeeper.ssl.client.enable = false
product-trace-kafka              | 	zookeeper.ssl.crl.enable = false
product-trace-kafka              | 	zookeeper.ssl.enabled.protocols = null
product-trace-kafka              | 	zookeeper.ssl.endpoint.identification.algorithm = HTTPS
product-trace-kafka              | 	zookeeper.ssl.keystore.location = null
product-trace-kafka              | 	zookeeper.ssl.keystore.password = null
product-trace-kafka              | 	zookeeper.ssl.keystore.type = null
product-trace-kafka              | 	zookeeper.ssl.ocsp.enable = false
product-trace-kafka              | 	zookeeper.ssl.protocol = TLSv1.2
product-trace-kafka              | 	zookeeper.ssl.truststore.location = null
product-trace-kafka              | 	zookeeper.ssl.truststore.password = null
product-trace-kafka              | 	zookeeper.ssl.truststore.type = null
product-trace-kafka              |  (kafka.server.KafkaConfig)
product-trace-kafka              | [2026-06-19 02:48:58,182] INFO [ThrottledChannelReaper-Fetch]: Starting (kafka.server.ClientQuotaManager$ThrottledChannelReaper)
product-trace-kafka              | [2026-06-19 02:48:58,185] INFO [ThrottledChannelReaper-Produce]: Starting (kafka.server.ClientQuotaManager$ThrottledChannelReaper)
product-trace-kafka              | [2026-06-19 02:48:58,190] INFO [ThrottledChannelReaper-Request]: Starting (kafka.server.ClientQuotaManager$ThrottledChannelReaper)
product-trace-kafka              | [2026-06-19 02:48:58,199] INFO [ThrottledChannelReaper-ControllerMutation]: Starting (kafka.server.ClientQuotaManager$ThrottledChannelReaper)
product-trace-kafka              | [2026-06-19 02:48:58,261] INFO Loading logs from log dirs ArraySeq(/var/lib/kafka/data) (kafka.log.LogManager)
product-trace-kafka              | [2026-06-19 02:48:58,269] INFO No logs found to be loaded in /var/lib/kafka/data (kafka.log.LogManager)
product-trace-kafka              | [2026-06-19 02:48:58,285] INFO Loaded 0 logs in 23ms (kafka.log.LogManager)
product-trace-kafka              | [2026-06-19 02:48:58,288] INFO Starting log cleanup with a period of 300000 ms. (kafka.log.LogManager)
product-trace-kafka              | [2026-06-19 02:48:58,291] INFO Starting log flusher with a default period of 9223372036854775807 ms. (kafka.log.LogManager)
product-trace-kafka              | [2026-06-19 02:48:58,310] INFO Starting the log cleaner (kafka.log.LogCleaner)
product-trace-kafka              | [2026-06-19 02:48:58,460] INFO [kafka-log-cleaner-thread-0]: Starting (kafka.log.LogCleaner$CleanerThread)
product-trace-kafka              | [2026-06-19 02:48:58,497] INFO [feature-zk-node-event-process-thread]: Starting (kafka.server.FinalizedFeatureChangeListener$ChangeNotificationProcessorThread)
product-trace-kafka              | [2026-06-19 02:48:58,523] INFO Feature ZK node at path: /feature does not exist (kafka.server.FinalizedFeatureChangeListener)
product-trace-kafka              | [2026-06-19 02:48:58,596] INFO [zk-broker-1-to-controller-forwarding-channel-manager]: Starting (kafka.server.BrokerToControllerRequestThread)
product-trace-kafka              | [2026-06-19 02:48:59,408] INFO Updated connection-accept-rate max connection creation rate to 2147483647 (kafka.network.ConnectionQuotas)
product-trace-kafka              | [2026-06-19 02:48:59,471] INFO [SocketServer listenerType=ZK_BROKER, nodeId=1] Created data-plane acceptor and processors for endpoint : ListenerName(PLAINTEXT) (kafka.network.SocketServer)
product-trace-kafka              | [2026-06-19 02:48:59,472] INFO Updated connection-accept-rate max connection creation rate to 2147483647 (kafka.network.ConnectionQuotas)
product-trace-kafka              | [2026-06-19 02:48:59,487] INFO [SocketServer listenerType=ZK_BROKER, nodeId=1] Created data-plane acceptor and processors for endpoint : ListenerName(PLAINTEXT_HOST) (kafka.network.SocketServer)
product-trace-kafka              | [2026-06-19 02:48:59,506] INFO [zk-broker-1-to-controller-alter-partition-channel-manager]: Starting (kafka.server.BrokerToControllerRequestThread)
product-trace-kafka              | [2026-06-19 02:48:59,551] INFO [ExpirationReaper-1-Produce]: Starting (kafka.server.DelayedOperationPurgatory$ExpiredOperationReaper)
product-trace-kafka              | [2026-06-19 02:48:59,555] INFO [ExpirationReaper-1-Fetch]: Starting (kafka.server.DelayedOperationPurgatory$ExpiredOperationReaper)
product-trace-kafka              | [2026-06-19 02:48:59,562] INFO [ExpirationReaper-1-DeleteRecords]: Starting (kafka.server.DelayedOperationPurgatory$ExpiredOperationReaper)
product-trace-kafka              | [2026-06-19 02:48:59,565] INFO [ExpirationReaper-1-ElectLeader]: Starting (kafka.server.DelayedOperationPurgatory$ExpiredOperationReaper)
product-trace-kafka              | [2026-06-19 02:48:59,587] INFO [LogDirFailureHandler]: Starting (kafka.server.ReplicaManager$LogDirFailureHandler)
product-trace-kafka              | [2026-06-19 02:48:59,626] INFO Creating /brokers/ids/1 (is it secure? false) (kafka.zk.KafkaZkClient)
product-trace-kafka              | [2026-06-19 02:48:59,669] INFO Stat of the created znode at /brokers/ids/1 is: 39,39,1781837339651,1781837339651,1,0,0,72057712960405511,258,0,39
product-trace-kafka              |  (kafka.zk.KafkaZkClient)
product-trace-kafka              | [2026-06-19 02:48:59,671] INFO Registered broker 1 at path /brokers/ids/1 with addresses: PLAINTEXT://kafka:9092,PLAINTEXT_HOST://localhost:29092, czxid (broker epoch): 39 (kafka.zk.KafkaZkClient)
product-trace-kafka              | [2026-06-19 02:48:59,755] INFO [ControllerEventThread controllerId=1] Starting (kafka.controller.ControllerEventManager$ControllerEventThread)
product-trace-kafka              | [2026-06-19 02:48:59,772] INFO [ExpirationReaper-1-topic]: Starting (kafka.server.DelayedOperationPurgatory$ExpiredOperationReaper)
product-trace-kafka              | [2026-06-19 02:48:59,788] INFO [ExpirationReaper-1-Heartbeat]: Starting (kafka.server.DelayedOperationPurgatory$ExpiredOperationReaper)
product-trace-kafka              | [2026-06-19 02:48:59,792] INFO [ExpirationReaper-1-Rebalance]: Starting (kafka.server.DelayedOperationPurgatory$ExpiredOperationReaper)
product-trace-kafka              | [2026-06-19 02:48:59,797] INFO Successfully created /controller_epoch with initial epoch 0 (kafka.zk.KafkaZkClient)
product-trace-kafka              | [2026-06-19 02:48:59,814] INFO [Controller id=1] 1 successfully elected as the controller. Epoch incremented to 1 and epoch zk version is now 1 (kafka.controller.KafkaController)
product-trace-kafka              | [2026-06-19 02:48:59,824] INFO [Controller id=1] Creating FeatureZNode at path: /feature with contents: FeatureZNode(2,Enabled,Map()) (kafka.controller.KafkaController)
product-trace-kafka              | [2026-06-19 02:48:59,836] INFO [GroupCoordinator 1]: Starting up. (kafka.coordinator.group.GroupCoordinator)
product-trace-kafka              | [2026-06-19 02:48:59,839] INFO Feature ZK node created at path: /feature (kafka.server.FinalizedFeatureChangeListener)
product-trace-kafka              | [2026-06-19 02:48:59,853] INFO [GroupCoordinator 1]: Startup complete. (kafka.coordinator.group.GroupCoordinator)
product-trace-kafka              | [2026-06-19 02:48:59,890] INFO [TransactionCoordinator id=1] Starting up. (kafka.coordinator.transaction.TransactionCoordinator)
product-trace-kafka              | [2026-06-19 02:48:59,900] INFO [TxnMarkerSenderThread-1]: Starting (kafka.coordinator.transaction.TransactionMarkerChannelManager)
product-trace-kafka              | [2026-06-19 02:48:59,900] INFO [TransactionCoordinator id=1] Startup complete. (kafka.coordinator.transaction.TransactionCoordinator)
product-trace-kafka              | [2026-06-19 02:48:59,915] INFO [Controller id=1] Registering handlers (kafka.controller.KafkaController)
product-trace-kafka              | [2026-06-19 02:48:59,915] INFO [MetadataCache brokerId=1] Updated cache from existing <empty> to latest FinalizedFeaturesAndEpoch(features=Map(), epoch=0). (kafka.server.metadata.ZkMetadataCache)
product-trace-kafka              | [2026-06-19 02:48:59,927] INFO [Controller id=1] Deleting log dir event notifications (kafka.controller.KafkaController)
product-trace-kafka              | [2026-06-19 02:48:59,936] INFO [Controller id=1] Deleting isr change notifications (kafka.controller.KafkaController)
product-trace-kafka              | [2026-06-19 02:48:59,944] INFO [Controller id=1] Initializing controller context (kafka.controller.KafkaController)
product-trace-kafka              | [2026-06-19 02:48:59,986] INFO [Controller id=1] Initialized broker epochs cache: HashMap(1 -> 39) (kafka.controller.KafkaController)
product-trace-kafka              | [2026-06-19 02:49:00,001] DEBUG [Controller id=1] Register BrokerModifications handler for Set(1) (kafka.controller.KafkaController)
product-trace-kafka              | [2026-06-19 02:49:00,018] INFO [ExpirationReaper-1-AlterAcls]: Starting (kafka.server.DelayedOperationPurgatory$ExpiredOperationReaper)
product-trace-kafka              | [2026-06-19 02:49:00,019] DEBUG [Channel manager on controller 1]: Controller 1 trying to connect to broker 1 (kafka.controller.ControllerChannelManager)
product-trace-kafka              | [2026-06-19 02:49:00,042] INFO [RequestSendThread controllerId=1] Starting (kafka.controller.RequestSendThread)
product-trace-kafka              | [2026-06-19 02:49:00,047] INFO [Controller id=1] Currently active brokers in the cluster: Set(1) (kafka.controller.KafkaController)
product-trace-kafka              | [2026-06-19 02:49:00,048] INFO [Controller id=1] Currently shutting brokers in the cluster: HashSet() (kafka.controller.KafkaController)
product-trace-kafka              | [2026-06-19 02:49:00,051] INFO [Controller id=1] Current list of topics in the cluster: HashSet() (kafka.controller.KafkaController)
product-trace-kafka              | [2026-06-19 02:49:00,053] INFO [Controller id=1] Fetching topic deletions in progress (kafka.controller.KafkaController)
product-trace-kafka              | [2026-06-19 02:49:00,062] INFO [Controller id=1] List of topics to be deleted:  (kafka.controller.KafkaController)
product-trace-kafka              | [2026-06-19 02:49:00,063] INFO [Controller id=1] List of topics ineligible for deletion:  (kafka.controller.KafkaController)
product-trace-kafka              | [2026-06-19 02:49:00,065] INFO [Controller id=1] Initializing topic deletion manager (kafka.controller.KafkaController)
product-trace-kafka              | [2026-06-19 02:49:00,069] INFO [Topic Deletion Manager 1] Initializing manager with initial deletions: Set(), initial ineligible deletions: HashSet() (kafka.controller.TopicDeletionManager)
product-trace-kafka              | [2026-06-19 02:49:00,073] INFO [Controller id=1] Sending update metadata request (kafka.controller.KafkaController)
product-trace-kafka              | [2026-06-19 02:49:00,082] INFO [Controller id=1 epoch=1] Sending UpdateMetadata request to brokers HashSet(1) for 0 partitions (state.change.logger)
product-trace-kafka              | [2026-06-19 02:49:00,099] INFO [/config/changes-event-process-thread]: Starting (kafka.common.ZkNodeChangeNotificationListener$ChangeEventProcessThread)
product-trace-kafka              | [2026-06-19 02:49:00,113] INFO [ReplicaStateMachine controllerId=1] Initializing replica state (kafka.controller.ZkReplicaStateMachine)
product-trace-kafka              | [2026-06-19 02:49:00,115] INFO [ReplicaStateMachine controllerId=1] Triggering online replica state changes (kafka.controller.ZkReplicaStateMachine)
product-trace-kafka              | [2026-06-19 02:49:00,122] INFO [ReplicaStateMachine controllerId=1] Triggering offline replica state changes (kafka.controller.ZkReplicaStateMachine)
product-trace-kafka              | [2026-06-19 02:49:00,124] DEBUG [ReplicaStateMachine controllerId=1] Started replica state machine with initial state -> HashMap() (kafka.controller.ZkReplicaStateMachine)
product-trace-kafka              | [2026-06-19 02:49:00,125] INFO [PartitionStateMachine controllerId=1] Initializing partition state (kafka.controller.ZkPartitionStateMachine)
product-trace-kafka              | [2026-06-19 02:49:00,132] INFO [PartitionStateMachine controllerId=1] Triggering online partition state changes (kafka.controller.ZkPartitionStateMachine)
product-trace-kafka              | [2026-06-19 02:49:00,138] INFO [Controller id=1, targetBrokerId=1] Node 1 disconnected. (org.apache.kafka.clients.NetworkClient)
product-trace-kafka              | [2026-06-19 02:49:00,140] DEBUG [PartitionStateMachine controllerId=1] Started partition state machine with initial state -> HashMap() (kafka.controller.ZkPartitionStateMachine)
product-trace-kafka              | [2026-06-19 02:49:00,141] INFO [Controller id=1] Ready to serve as the new controller with epoch 1 (kafka.controller.KafkaController)
product-trace-kafka              | [2026-06-19 02:49:00,152] WARN [Controller id=1, targetBrokerId=1] Connection to node 1 (kafka/172.20.0.8:9092) could not be established. Broker may not be available. (org.apache.kafka.clients.NetworkClient)
product-trace-kafka              | [2026-06-19 02:49:00,156] WARN [RequestSendThread controllerId=1] Controller 1's connection to broker kafka:9092 (id: 1 rack: null) was unsuccessful (kafka.controller.RequestSendThread)
product-trace-kafka              | java.io.IOException: Connection to kafka:9092 (id: 1 rack: null) failed.
product-trace-kafka              | 	at org.apache.kafka.clients.NetworkClientUtils.awaitReady(NetworkClientUtils.java:70)
product-trace-kafka              | 	at kafka.controller.RequestSendThread.brokerReady(ControllerChannelManager.scala:296)
product-trace-kafka              | 	at kafka.controller.RequestSendThread.doWork(ControllerChannelManager.scala:249)
product-trace-kafka              | 	at org.apache.kafka.server.util.ShutdownableThread.run(ShutdownableThread.java:127)
product-trace-kafka              | [2026-06-19 02:49:00,160] INFO [Controller id=1, targetBrokerId=1] Client requested connection close from node 1 (org.apache.kafka.clients.NetworkClient)
product-trace-kafka              | [2026-06-19 02:49:00,162] INFO [Controller id=1] Partitions undergoing preferred replica election:  (kafka.controller.KafkaController)
product-trace-kafka              | [2026-06-19 02:49:00,163] INFO [Controller id=1] Partitions that completed preferred replica election:  (kafka.controller.KafkaController)
product-trace-kafka              | [2026-06-19 02:49:00,165] INFO [Controller id=1] Skipping preferred replica election for partitions due to topic deletion:  (kafka.controller.KafkaController)
product-trace-kafka              | [2026-06-19 02:49:00,170] INFO [Controller id=1] Resuming preferred replica election for partitions:  (kafka.controller.KafkaController)
product-trace-kafka              | [2026-06-19 02:49:00,179] INFO [Controller id=1] Starting replica leader election (PREFERRED) for partitions  triggered by ZkTriggered (kafka.controller.KafkaController)
product-trace-kafka              | [2026-06-19 02:49:00,179] INFO [SocketServer listenerType=ZK_BROKER, nodeId=1] Enabling request processing. (kafka.network.SocketServer)
product-trace-kafka              | [2026-06-19 02:49:00,190] INFO Awaiting socket connections on 0.0.0.0:29092. (kafka.network.DataPlaneAcceptor)
product-trace-kafka              | [2026-06-19 02:49:00,201] INFO Awaiting socket connections on 0.0.0.0:9092. (kafka.network.DataPlaneAcceptor)
product-trace-kafka              | [2026-06-19 02:49:00,225] INFO Kafka version: 7.5.0-ccs (org.apache.kafka.common.utils.AppInfoParser)
product-trace-kafka              | [2026-06-19 02:49:00,225] INFO Kafka commitId: ff3c201baa948d97889dc26c99d7cdc23d038f2e (org.apache.kafka.common.utils.AppInfoParser)
product-trace-kafka              | [2026-06-19 02:49:00,226] INFO Kafka startTimeMs: 1781837340207 (org.apache.kafka.common.utils.AppInfoParser)
product-trace-kafka              | [2026-06-19 02:49:00,229] INFO [KafkaServer id=1] started (kafka.server.KafkaServer)
product-trace-kafka              | [2026-06-19 02:49:00,229] INFO [Controller id=1] Starting the controller scheduler (kafka.controller.KafkaController)
product-trace-kafka              | [2026-06-19 02:49:00,266] INFO [RequestSendThread controllerId=1] Controller 1 connected to kafka:9092 (id: 1 rack: null) for sending state change requests (kafka.controller.RequestSendThread)
product-trace-kafka              | [2026-06-19 02:49:00,488] TRACE [Controller id=1 epoch=1] Received response UpdateMetadataResponseData(errorCode=0) for request UPDATE_METADATA with correlation id 0 sent to broker kafka:9092 (id: 1 rack: null) (state.change.logger)
product-trace-kafka              | [2026-06-19 02:49:00,518] INFO [zk-broker-1-to-controller-alter-partition-channel-manager]: Recorded new controller, from now on will use node kafka:9092 (id: 1 rack: null) (kafka.server.BrokerToControllerRequestThread)
product-trace-kafka              | [2026-06-19 02:49:00,546] INFO [zk-broker-1-to-controller-forwarding-channel-manager]: Recorded new controller, from now on will use node kafka:9092 (id: 1 rack: null) (kafka.server.BrokerToControllerRequestThread)
product-trace-kafka              | [2026-06-19 02:49:03,120] INFO Creating topic trace-events with configuration {} and initial partition assignment HashMap(0 -> ArrayBuffer(1)) (kafka.zk.AdminZkClient)
product-trace-kafka              | [2026-06-19 02:49:03,169] INFO Creating topic product-events with configuration {} and initial partition assignment HashMap(0 -> ArrayBuffer(1)) (kafka.zk.AdminZkClient)
product-trace-kafka              | [2026-06-19 02:49:03,184] INFO [Controller id=1] New topics: [Set(trace-events)], deleted topics: [HashSet()], new partition replica assignment [Set(TopicIdReplicaAssignment(trace-events,Some(xSbbHOhxSn6jp8EAYFYZlA),Map(trace-events-0 -> ReplicaAssignment(replicas=1, addingReplicas=, removingReplicas=))))] (kafka.controller.KafkaController)
product-trace-kafka              | [2026-06-19 02:49:03,188] INFO [Controller id=1] New partition creation callback for trace-events-0 (kafka.controller.KafkaController)
product-trace-kafka              | [2026-06-19 02:49:03,194] INFO [Controller id=1 epoch=1] Changed partition trace-events-0 state from NonExistentPartition to NewPartition with assigned replicas 1 (state.change.logger)
product-trace-kafka              | [2026-06-19 02:49:03,194] INFO [Controller id=1 epoch=1] Sending UpdateMetadata request to brokers HashSet() for 0 partitions (state.change.logger)
nest-ai-service                  | [31m[Nest] 1  - [39m06/19/2026, 2:49:03 AM [31m  ERROR[39m [38;5;3m[ServerKafka] [39m[31mERROR [Connection] Response Metadata(key: 3, version: 6) {"timestamp":"2026-06-19T02:49:03.208Z","logger":"kafkajs","broker":"kafka:9092","clientId":"nest-ai-service-server","error":"There is no leader for this topic-partition as we are in the middle of a leadership election","correlationId":1,"size":105}[39m
product-trace-kafka              | [2026-06-19 02:49:03,208] TRACE [Controller id=1 epoch=1] Changed state of replica 1 for partition trace-events-0 from NonExistentReplica to NewReplica (state.change.logger)
product-trace-kafka              | [2026-06-19 02:49:03,208] INFO [Controller id=1 epoch=1] Sending UpdateMetadata request to brokers HashSet() for 0 partitions (state.change.logger)
product-trace-kafka              | [2026-06-19 02:49:03,254] INFO [Controller id=1 epoch=1] Changed partition trace-events-0 from NewPartition to OnlinePartition with state LeaderAndIsr(leader=1, leaderEpoch=0, isrWithBrokerEpoch=List(BrokerState(brokerId=1, brokerEpoch=-1)), leaderRecoveryState=RECOVERED, partitionEpoch=0) (state.change.logger)
product-trace-kafka              | [2026-06-19 02:49:03,258] TRACE [Controller id=1 epoch=1] Sending become-leader LeaderAndIsr request LeaderAndIsrPartitionState(topicName='trace-events', partitionIndex=0, controllerEpoch=1, leader=1, leaderEpoch=0, isr=[1], partitionEpoch=0, replicas=[1], addingReplicas=[], removingReplicas=[], isNew=true, leaderRecoveryState=0) to broker 1 for partition trace-events-0 (state.change.logger)
product-trace-kafka              | [2026-06-19 02:49:03,261] INFO [Controller id=1 epoch=1] Sending LeaderAndIsr request to broker 1 with 1 become-leader and 0 become-follower partitions (state.change.logger)
product-trace-kafka              | [2026-06-19 02:49:03,265] INFO [Controller id=1 epoch=1] Sending UpdateMetadata request to brokers HashSet(1) for 1 partitions (state.change.logger)
product-trace-kafka              | [2026-06-19 02:49:03,269] TRACE [Controller id=1 epoch=1] Changed state of replica 1 for partition trace-events-0 from NewReplica to OnlineReplica (state.change.logger)
product-trace-kafka              | [2026-06-19 02:49:03,270] INFO [Controller id=1 epoch=1] Sending UpdateMetadata request to brokers HashSet() for 0 partitions (state.change.logger)
product-trace-kafka              | [2026-06-19 02:49:03,274] INFO [Broker id=1] Handling LeaderAndIsr request correlationId 1 from controller 1 for 1 partitions (state.change.logger)
product-trace-kafka              | [2026-06-19 02:49:03,276] TRACE [Broker id=1] Received LeaderAndIsr request LeaderAndIsrPartitionState(topicName='trace-events', partitionIndex=0, controllerEpoch=1, leader=1, leaderEpoch=0, isr=[1], partitionEpoch=0, replicas=[1], addingReplicas=[], removingReplicas=[], isNew=true, leaderRecoveryState=0) correlation id 1 from controller 1 epoch 1 (state.change.logger)
product-trace-kafka              | [2026-06-19 02:49:03,280] INFO [Controller id=1] New topics: [Set(product-events)], deleted topics: [HashSet()], new partition replica assignment [Set(TopicIdReplicaAssignment(product-events,Some(fVzIc2IRSyquodxyppv5yg),Map(product-events-0 -> ReplicaAssignment(replicas=1, addingReplicas=, removingReplicas=))))] (kafka.controller.KafkaController)
product-trace-kafka              | [2026-06-19 02:49:03,280] INFO [Controller id=1] New partition creation callback for product-events-0 (kafka.controller.KafkaController)
product-trace-kafka              | [2026-06-19 02:49:03,280] INFO [Controller id=1 epoch=1] Changed partition product-events-0 state from NonExistentPartition to NewPartition with assigned replicas 1 (state.change.logger)
product-trace-kafka              | [2026-06-19 02:49:03,280] INFO [Controller id=1 epoch=1] Sending UpdateMetadata request to brokers HashSet() for 0 partitions (state.change.logger)
product-trace-kafka              | [2026-06-19 02:49:03,281] TRACE [Controller id=1 epoch=1] Changed state of replica 1 for partition product-events-0 from NonExistentReplica to NewReplica (state.change.logger)
product-trace-kafka              | [2026-06-19 02:49:03,281] INFO [Controller id=1 epoch=1] Sending UpdateMetadata request to brokers HashSet() for 0 partitions (state.change.logger)
product-trace-kafka              | [2026-06-19 02:49:03,302] INFO [Controller id=1 epoch=1] Changed partition product-events-0 from NewPartition to OnlinePartition with state LeaderAndIsr(leader=1, leaderEpoch=0, isrWithBrokerEpoch=List(BrokerState(brokerId=1, brokerEpoch=-1)), leaderRecoveryState=RECOVERED, partitionEpoch=0) (state.change.logger)
product-trace-kafka              | [2026-06-19 02:49:03,302] TRACE [Controller id=1 epoch=1] Sending become-leader LeaderAndIsr request LeaderAndIsrPartitionState(topicName='product-events', partitionIndex=0, controllerEpoch=1, leader=1, leaderEpoch=0, isr=[1], partitionEpoch=0, replicas=[1], addingReplicas=[], removingReplicas=[], isNew=true, leaderRecoveryState=0) to broker 1 for partition product-events-0 (state.change.logger)
product-trace-kafka              | [2026-06-19 02:49:03,303] INFO [Controller id=1 epoch=1] Sending LeaderAndIsr request to broker 1 with 1 become-leader and 0 become-follower partitions (state.change.logger)
product-trace-kafka              | [2026-06-19 02:49:03,303] INFO [Controller id=1 epoch=1] Sending UpdateMetadata request to brokers HashSet(1) for 1 partitions (state.change.logger)
product-trace-kafka              | [2026-06-19 02:49:03,304] TRACE [Controller id=1 epoch=1] Changed state of replica 1 for partition product-events-0 from NewReplica to OnlineReplica (state.change.logger)
product-trace-kafka              | [2026-06-19 02:49:03,304] INFO [Controller id=1 epoch=1] Sending UpdateMetadata request to brokers HashSet() for 0 partitions (state.change.logger)
product-trace-kafka              | [2026-06-19 02:49:03,316] TRACE [Broker id=1] Handling LeaderAndIsr request correlationId 1 from controller 1 epoch 1 starting the become-leader transition for partition trace-events-0 (state.change.logger)
product-trace-kafka              | [2026-06-19 02:49:03,317] INFO [ReplicaFetcherManager on broker 1] Removed fetcher for partitions Set(trace-events-0) (kafka.server.ReplicaFetcherManager)
product-trace-kafka              | [2026-06-19 02:49:03,318] INFO [Broker id=1] Stopped fetchers as part of LeaderAndIsr request correlationId 1 from controller 1 epoch 1 as part of the become-leader transition for 1 partitions (state.change.logger)
product-trace-kafka              | [2026-06-19 02:49:03,395] INFO [LogLoader partition=trace-events-0, dir=/var/lib/kafka/data] Loading producer state till offset 0 with message format version 2 (kafka.log.UnifiedLog$)
product-trace-kafka              | [2026-06-19 02:49:03,416] INFO Created log for partition trace-events-0 in /var/lib/kafka/data/trace-events-0 with properties {} (kafka.log.LogManager)
product-trace-kafka              | [2026-06-19 02:49:03,420] INFO [Partition trace-events-0 broker=1] No checkpointed highwatermark is found for partition trace-events-0 (kafka.cluster.Partition)
product-trace-kafka              | [2026-06-19 02:49:03,423] INFO [Partition trace-events-0 broker=1] Log loaded for partition trace-events-0 with initial high watermark 0 (kafka.cluster.Partition)
product-trace-kafka              | [2026-06-19 02:49:03,427] INFO [Broker id=1] Leader trace-events-0 with topic id Some(xSbbHOhxSn6jp8EAYFYZlA) starts at leader epoch 0 from offset 0 with partition epoch 0, high watermark 0, ISR [1], adding replicas [] and removing replicas [] . Previous leader epoch was -1. (state.change.logger)
product-trace-kafka              | [2026-06-19 02:49:03,446] TRACE [Broker id=1] Completed LeaderAndIsr request correlationId 1 from controller 1 epoch 1 for the become-leader transition for partition trace-events-0 (state.change.logger)
product-trace-kafka              | [2026-06-19 02:49:03,457] INFO [Broker id=1] Finished LeaderAndIsr request in 185ms correlationId 1 from controller 1 for 1 partitions (state.change.logger)
product-trace-kafka              | [2026-06-19 02:49:03,463] TRACE [Controller id=1 epoch=1] Received response LeaderAndIsrResponseData(errorCode=0, partitionErrors=[], topics=[LeaderAndIsrTopicError(topicId=xSbbHOhxSn6jp8EAYFYZlA, partitionErrors=[LeaderAndIsrPartitionError(topicName='', partitionIndex=0, errorCode=0)])]) for request LEADER_AND_ISR with correlation id 1 sent to broker kafka:9092 (id: 1 rack: null) (state.change.logger)
product-trace-kafka              | [2026-06-19 02:49:03,473] TRACE [Broker id=1] Cached leader info UpdateMetadataPartitionState(topicName='trace-events', partitionIndex=0, controllerEpoch=1, leader=1, leaderEpoch=0, isr=[1], zkVersion=0, replicas=[1], offlineReplicas=[]) for partition trace-events-0 in response to UpdateMetadata request sent by controller 1 epoch 1 with correlation id 2 (state.change.logger)
product-trace-kafka              | [2026-06-19 02:49:03,475] INFO [Broker id=1] Add 1 partitions and deleted 0 partitions from metadata cache in response to UpdateMetadata request sent by controller 1 epoch 1 with correlation id 2 (state.change.logger)
product-trace-kafka              | [2026-06-19 02:49:03,477] TRACE [Controller id=1 epoch=1] Received response UpdateMetadataResponseData(errorCode=0) for request UPDATE_METADATA with correlation id 2 sent to broker kafka:9092 (id: 1 rack: null) (state.change.logger)
product-trace-kafka              | [2026-06-19 02:49:03,479] INFO [Broker id=1] Handling LeaderAndIsr request correlationId 3 from controller 1 for 1 partitions (state.change.logger)
product-trace-kafka              | [2026-06-19 02:49:03,479] TRACE [Broker id=1] Received LeaderAndIsr request LeaderAndIsrPartitionState(topicName='product-events', partitionIndex=0, controllerEpoch=1, leader=1, leaderEpoch=0, isr=[1], partitionEpoch=0, replicas=[1], addingReplicas=[], removingReplicas=[], isNew=true, leaderRecoveryState=0) correlation id 3 from controller 1 epoch 1 (state.change.logger)
product-trace-kafka              | [2026-06-19 02:49:03,481] TRACE [Broker id=1] Handling LeaderAndIsr request correlationId 3 from controller 1 epoch 1 starting the become-leader transition for partition product-events-0 (state.change.logger)
product-trace-kafka              | [2026-06-19 02:49:03,483] INFO [ReplicaFetcherManager on broker 1] Removed fetcher for partitions Set(product-events-0) (kafka.server.ReplicaFetcherManager)
product-trace-kafka              | [2026-06-19 02:49:03,484] INFO [Broker id=1] Stopped fetchers as part of LeaderAndIsr request correlationId 3 from controller 1 epoch 1 as part of the become-leader transition for 1 partitions (state.change.logger)
product-trace-kafka              | [2026-06-19 02:49:03,495] INFO [LogLoader partition=product-events-0, dir=/var/lib/kafka/data] Loading producer state till offset 0 with message format version 2 (kafka.log.UnifiedLog$)
product-trace-kafka              | [2026-06-19 02:49:03,499] INFO Created log for partition product-events-0 in /var/lib/kafka/data/product-events-0 with properties {} (kafka.log.LogManager)
product-trace-kafka              | [2026-06-19 02:49:03,503] INFO [Partition product-events-0 broker=1] No checkpointed highwatermark is found for partition product-events-0 (kafka.cluster.Partition)
product-trace-kafka              | [2026-06-19 02:49:03,504] INFO [Partition product-events-0 broker=1] Log loaded for partition product-events-0 with initial high watermark 0 (kafka.cluster.Partition)
product-trace-kafka              | [2026-06-19 02:49:03,504] INFO [Broker id=1] Leader product-events-0 with topic id Some(fVzIc2IRSyquodxyppv5yg) starts at leader epoch 0 from offset 0 with partition epoch 0, high watermark 0, ISR [1], adding replicas [] and removing replicas [] . Previous leader epoch was -1. (state.change.logger)
product-trace-kafka              | [2026-06-19 02:49:03,513] TRACE [Broker id=1] Completed LeaderAndIsr request correlationId 3 from controller 1 epoch 1 for the become-leader transition for partition product-events-0 (state.change.logger)
product-trace-kafka              | [2026-06-19 02:49:03,515] INFO [Broker id=1] Finished LeaderAndIsr request in 36ms correlationId 3 from controller 1 for 1 partitions (state.change.logger)
product-trace-kafka              | [2026-06-19 02:49:03,517] TRACE [Controller id=1 epoch=1] Received response LeaderAndIsrResponseData(errorCode=0, partitionErrors=[], topics=[LeaderAndIsrTopicError(topicId=fVzIc2IRSyquodxyppv5yg, partitionErrors=[LeaderAndIsrPartitionError(topicName='', partitionIndex=0, errorCode=0)])]) for request LEADER_AND_ISR with correlation id 3 sent to broker kafka:9092 (id: 1 rack: null) (state.change.logger)
product-trace-kafka              | [2026-06-19 02:49:03,520] TRACE [Broker id=1] Cached leader info UpdateMetadataPartitionState(topicName='product-events', partitionIndex=0, controllerEpoch=1, leader=1, leaderEpoch=0, isr=[1], zkVersion=0, replicas=[1], offlineReplicas=[]) for partition product-events-0 in response to UpdateMetadata request sent by controller 1 epoch 1 with correlation id 4 (state.change.logger)
product-trace-kafka              | [2026-06-19 02:49:03,520] INFO [Broker id=1] Add 1 partitions and deleted 0 partitions from metadata cache in response to UpdateMetadata request sent by controller 1 epoch 1 with correlation id 4 (state.change.logger)
product-trace-kafka              | [2026-06-19 02:49:03,522] TRACE [Controller id=1 epoch=1] Received response UpdateMetadataResponseData(errorCode=0) for request UPDATE_METADATA with correlation id 4 sent to broker kafka:9092 (id: 1 rack: null) (state.change.logger)
nest-ai-service                  | [32m[Nest] 1  - [39m06/19/2026, 2:49:03 AM [32m    LOG[39m [38;5;3m[ServerKafka] [39m[32mINFO [Consumer] Starting {"timestamp":"2026-06-19T02:49:03.534Z","logger":"kafkajs","groupId":"nest-ai-service-group-server"}[39m
product-trace-kafka              | [2026-06-19 02:49:03,555] INFO Creating topic __consumer_offsets with configuration {compression.type=producer, cleanup.policy=compact, segment.bytes=104857600} and initial partition assignment HashMap(0 -> ArrayBuffer(1), 1 -> ArrayBuffer(1), 2 -> ArrayBuffer(1), 3 -> ArrayBuffer(1), 4 -> ArrayBuffer(1), 5 -> ArrayBuffer(1), 6 -> ArrayBuffer(1), 7 -> ArrayBuffer(1), 8 -> ArrayBuffer(1), 9 -> ArrayBuffer(1), 10 -> ArrayBuffer(1), 11 -> ArrayBuffer(1), 12 -> ArrayBuffer(1), 13 -> ArrayBuffer(1), 14 -> ArrayBuffer(1), 15 -> ArrayBuffer(1), 16 -> ArrayBuffer(1), 17 -> ArrayBuffer(1), 18 -> ArrayBuffer(1), 19 -> ArrayBuffer(1), 20 -> ArrayBuffer(1), 21 -> ArrayBuffer(1), 22 -> ArrayBuffer(1), 23 -> ArrayBuffer(1), 24 -> ArrayBuffer(1), 25 -> ArrayBuffer(1), 26 -> ArrayBuffer(1), 27 -> ArrayBuffer(1), 28 -> ArrayBuffer(1), 29 -> ArrayBuffer(1), 30 -> ArrayBuffer(1), 31 -> ArrayBuffer(1), 32 -> ArrayBuffer(1), 33 -> ArrayBuffer(1), 34 -> ArrayBuffer(1), 35 -> ArrayBuffer(1), 36 -> ArrayBuffer(1), 37 -> ArrayBuffer(1), 38 -> ArrayBuffer(1), 39 -> ArrayBuffer(1), 40 -> ArrayBuffer(1), 41 -> ArrayBuffer(1), 42 -> ArrayBuffer(1), 43 -> ArrayBuffer(1), 44 -> ArrayBuffer(1), 45 -> ArrayBuffer(1), 46 -> ArrayBuffer(1), 47 -> ArrayBuffer(1), 48 -> ArrayBuffer(1), 49 -> ArrayBuffer(1)) (kafka.zk.AdminZkClient)
nest-ai-service                  | [31m[Nest] 1  - [39m06/19/2026, 2:49:03 AM [31m  ERROR[39m [38;5;3m[ServerKafka] [39m[31mERROR [Connection] Response GroupCoordinator(key: 10, version: 2) {"timestamp":"2026-06-19T02:49:03.578Z","logger":"kafkajs","broker":"kafka:9092","clientId":"nest-ai-service-server","error":"The group coordinator is not available","correlationId":3,"size":55}[39m
product-trace-kafka              | [2026-06-19 02:49:03,585] INFO [Controller id=1] New topics: [Set(__consumer_offsets)], deleted topics: [HashSet()], new partition replica assignment [Set(TopicIdReplicaAssignment(__consumer_offsets,Some(ViOP5iFbRwShO6HbtnRNPw),HashMap(__consumer_offsets-22 -> ReplicaAssignment(replicas=1, addingReplicas=, removingReplicas=), __consumer_offsets-30 -> ReplicaAssignment(replicas=1, addingReplicas=, removingReplicas=), __consumer_offsets-25 -> ReplicaAssignment(replicas=1, addingReplicas=, removingReplicas=), __consumer_offsets-35 -> ReplicaAssignment(replicas=1, addingReplicas=, removingReplicas=), __consumer_offsets-37 -> ReplicaAssignment(replicas=1, addingReplicas=, removingReplicas=), __consumer_offsets-38 -> ReplicaAssignment(replicas=1, addingReplicas=, removingReplicas=), __consumer_offsets-13 -> ReplicaAssignment(replicas=1, addingReplicas=, removingReplicas=), __consumer_offsets-8 -> ReplicaAssignment(replicas=1, addingReplicas=, removingReplicas=), __consumer_offsets-21 -> ReplicaAssignment(replicas=1, addingReplicas=, removingReplicas=), __consumer_offsets-4 -> ReplicaAssignment(replicas=1, addingReplicas=, removingReplicas=), __consumer_offsets-27 -> ReplicaAssignment(replicas=1, addingReplicas=, removingReplicas=), __consumer_offsets-7 -> ReplicaAssignment(replicas=1, addingReplicas=, removingReplicas=), __consumer_offsets-9 -> ReplicaAssignment(replicas=1, addingReplicas=, removingReplicas=), __consumer_offsets-46 -> ReplicaAssignment(replicas=1, addingReplicas=, removingReplicas=), __consumer_offsets-41 -> ReplicaAssignment(replicas=1, addingReplicas=, removingReplicas=), __consumer_offsets-33 -> ReplicaAssignment(replicas=1, addingReplicas=, removingReplicas=), __consumer_offsets-23 -> ReplicaAssignment(replicas=1, addingReplicas=, removingReplicas=), __consumer_offsets-49 -> ReplicaAssignment(replicas=1, addingReplicas=, removingReplicas=), __consumer_offsets-47 -> ReplicaAssignment(replicas=1, addingReplicas=, removingReplicas=), __consumer_offsets-16 -> ReplicaAssignment(replicas=1, addingReplicas=, removingReplicas=), __consumer_offsets-28 -> ReplicaAssignment(replicas=1, addingReplicas=, removingReplicas=), __consumer_offsets-31 -> ReplicaAssignment(replicas=1, addingReplicas=, removingReplicas=), __consumer_offsets-36 -> ReplicaAssignment(replicas=1, addingReplicas=, removingReplicas=), __consumer_offsets-42 -> ReplicaAssignment(replicas=1, addingReplicas=, removingReplicas=), __consumer_offsets-3 -> ReplicaAssignment(replicas=1, addingReplicas=, removingReplicas=), __consumer_offsets-18 -> ReplicaAssignment(replicas=1, addingReplicas=, removingReplicas=), __consumer_offsets-15 -> ReplicaAssignment(replicas=1, addingReplicas=, removingReplicas=), __consumer_offsets-24 -> ReplicaAssignment(replicas=1, addingReplicas=, removingReplicas=), __consumer_offsets-17 -> ReplicaAssignment(replicas=1, addingReplicas=, removingReplicas=), __consumer_offsets-48 -> ReplicaAssignment(replicas=1, addingReplicas=, removingReplicas=), __consumer_offsets-19 -> ReplicaAssignment(replicas=1, addingReplicas=, removingReplicas=), __consumer_offsets-11 -> ReplicaAssignment(replicas=1, addingReplicas=, removingReplicas=), __consumer_offsets-2 -> ReplicaAssignment(replicas=1, addingReplicas=, removingReplicas=), __consumer_offsets-43 -> ReplicaAssignment(replicas=1, addingReplicas=, removingReplicas=), __consumer_offsets-6 -> ReplicaAssignment(replicas=1, addingReplicas=, removingReplicas=), __consumer_offsets-14 -> ReplicaAssignment(replicas=1, addingReplicas=, removingReplicas=), __consumer_offsets-20 -> ReplicaAssignment(replicas=1, addingReplicas=, removingReplicas=), __consumer_offsets-0 -> ReplicaAssignment(replicas=1, addingReplicas=, removingReplicas=), __consumer_offsets-44 -> ReplicaAssignment(replicas=1, addingReplicas=, removingReplicas=), __consumer_offsets-39 -> ReplicaAssignment(replicas=1, addingReplicas=, removingReplicas=), __consumer_offsets-12 -> ReplicaAssignment(replicas=1, addingReplicas=, removingReplicas=), __consumer_offsets-45 -> ReplicaAssignment(replicas=1, addingReplicas=, removingReplicas=), __consumer_offsets-1 -> ReplicaAssignment(replicas=1, addingReplicas=, removingReplicas=), __consumer_offsets-5 -> ReplicaAssignment(replicas=1, addingReplicas=, removingReplicas=), __consumer_offsets-26 -> ReplicaAssignment(replicas=1, addingReplicas=, removingReplicas=), __consumer_offsets-29 -> ReplicaAssignment(replicas=1, addingReplicas=, removingReplicas=), __consumer_offsets-34 -> ReplicaAssignment(replicas=1, addingReplicas=, removingReplicas=), __consumer_offsets-10 -> ReplicaAssignment(replicas=1, addingReplicas=, removingReplicas=), __consumer_offsets-32 -> ReplicaAssignment(replicas=1, addingReplicas=, removingReplicas=), __consumer_offsets-40 -> ReplicaAssignment(replicas=1, addingReplicas=, removingReplicas=))))] (kafka.controller.KafkaController)
product-trace-kafka              | [2026-06-19 02:49:03,586] INFO [Controller id=1] New partition creation callback for __consumer_offsets-22,__consumer_offsets-30,__consumer_offsets-25,__consumer_offsets-35,__consumer_offsets-37,__consumer_offsets-38,__consumer_offsets-13,__consumer_offsets-8,__consumer_offsets-21,__consumer_offsets-4,__consumer_offsets-27,__consumer_offsets-7,__consumer_offsets-9,__consumer_offsets-46,__consumer_offsets-41,__consumer_offsets-33,__consumer_offsets-23,__consumer_offsets-49,__consumer_offsets-47,__consumer_offsets-16,__consumer_offsets-28,__consumer_offsets-31,__consumer_offsets-36,__consumer_offsets-42,__consumer_offsets-3,__consumer_offsets-18,__consumer_offsets-15,__consumer_offsets-24,__consumer_offsets-17,__consumer_offsets-48,__consumer_offsets-19,__consumer_offsets-11,__consumer_offsets-2,__consumer_offsets-43,__consumer_offsets-6,__consumer_offsets-14,__consumer_offsets-20,__consumer_offsets-0,__consumer_offsets-44,__consumer_offsets-39,__consumer_offsets-12,__consumer_offsets-45,__consumer_offsets-1,__consumer_offsets-5,__consumer_offsets-26,__consumer_offsets-29,__consumer_offsets-34,__consumer_offsets-10,__consumer_offsets-32,__consumer_offsets-40 (kafka.controller.KafkaController)
product-trace-kafka              | [2026-06-19 02:49:03,586] INFO [Controller id=1 epoch=1] Changed partition __consumer_offsets-22 state from NonExistentPartition to NewPartition with assigned replicas 1 (state.change.logger)
product-trace-kafka              | [2026-06-19 02:49:03,587] INFO [Controller id=1 epoch=1] Changed partition __consumer_offsets-30 state from NonExistentPartition to NewPartition with assigned replicas 1 (state.change.logger)
product-trace-kafka              | [2026-06-19 02:49:03,587] INFO [Controller id=1 epoch=1] Changed partition __consumer_offsets-25 state from NonExistentPartition to NewPartition with assigned replicas 1 (state.change.logger)
product-trace-kafka              | [2026-06-19 02:49:03,587] INFO [Controller id=1 epoch=1] Changed partition __consumer_offsets-35 state from NonExistentPartition to NewPartition with assigned replicas 1 (state.change.logger)
product-trace-kafka              | [2026-06-19 02:49:03,587] INFO [Controller id=1 epoch=1] Changed partition __consumer_offsets-37 state from NonExistentPartition to NewPartition with assigned replicas 1 (state.change.logger)
product-trace-kafka              | [2026-06-19 02:49:03,587] INFO [Controller id=1 epoch=1] Changed partition __consumer_offsets-38 state from NonExistentPartition to NewPartition with assigned replicas 1 (state.change.logger)
product-trace-kafka              | [2026-06-19 02:49:03,587] INFO [Controller id=1 epoch=1] Changed partition __consumer_offsets-13 state from NonExistentPartition to NewPartition with assigned replicas 1 (state.change.logger)
product-trace-kafka              | [2026-06-19 02:49:03,587] INFO [Controller id=1 epoch=1] Changed partition __consumer_offsets-8 state from NonExistentPartition to NewPartition with assigned replicas 1 (state.change.logger)
product-trace-kafka              | [2026-06-19 02:49:03,587] INFO [Controller id=1 epoch=1] Changed partition __consumer_offsets-21 state from NonExistentPartition to NewPartition with assigned replicas 1 (state.change.logger)
product-trace-kafka              | [2026-06-19 02:49:03,587] INFO [Controller id=1 epoch=1] Changed partition __consumer_offsets-4 state from NonExistentPartition to NewPartition with assigned replicas 1 (state.change.logger)
product-trace-kafka              | [2026-06-19 02:49:03,587] INFO [Controller id=1 epoch=1] Changed partition __consumer_offsets-27 state from NonExistentPartition to NewPartition with assigned replicas 1 (state.change.logger)
product-trace-kafka              | [2026-06-19 02:49:03,587] INFO [Controller id=1 epoch=1] Changed partition __consumer_offsets-7 state from NonExistentPartition to NewPartition with assigned replicas 1 (state.change.logger)
product-trace-kafka              | [2026-06-19 02:49:03,587] INFO [Controller id=1 epoch=1] Changed partition __consumer_offsets-9 state from NonExistentPartition to NewPartition with assigned replicas 1 (state.change.logger)
product-trace-kafka              | [2026-06-19 02:49:03,588] INFO [Controller id=1 epoch=1] Changed partition __consumer_offsets-46 state from NonExistentPartition to NewPartition with assigned replicas 1 (state.change.logger)
product-trace-kafka              | [2026-06-19 02:49:03,588] INFO [Controller id=1 epoch=1] Changed partition __consumer_offsets-41 state from NonExistentPartition to NewPartition with assigned replicas 1 (state.change.logger)
product-trace-kafka              | [2026-06-19 02:49:03,588] INFO [Controller id=1 epoch=1] Changed partition __consumer_offsets-33 state from NonExistentPartition to NewPartition with assigned replicas 1 (state.change.logger)
product-trace-kafka              | [2026-06-19 02:49:03,588] INFO [Controller id=1 epoch=1] Changed partition __consumer_offsets-23 state from NonExistentPartition to NewPartition with assigned replicas 1 (state.change.logger)
product-trace-kafka              | [2026-06-19 02:49:03,588] INFO [Controller id=1 epoch=1] Changed partition __consumer_offsets-49 state from NonExistentPartition to NewPartition with assigned replicas 1 (state.change.logger)
product-trace-kafka              | [2026-06-19 02:49:03,588] INFO [Controller id=1 epoch=1] Changed partition __consumer_offsets-47 state from NonExistentPartition to NewPartition with assigned replicas 1 (state.change.logger)
product-trace-kafka              | [2026-06-19 02:49:03,588] INFO [Controller id=1 epoch=1] Changed partition __consumer_offsets-16 state from NonExistentPartition to NewPartition with assigned replicas 1 (state.change.logger)
product-trace-kafka              | [2026-06-19 02:49:03,588] INFO [Controller id=1 epoch=1] Changed partition __consumer_offsets-28 state from NonExistentPartition to NewPartition with assigned replicas 1 (state.change.logger)
product-trace-kafka              | [2026-06-19 02:49:03,588] INFO [Controller id=1 epoch=1] Changed partition __consumer_offsets-31 state from NonExistentPartition to NewPartition with assigned replicas 1 (state.change.logger)
product-trace-kafka              | [2026-06-19 02:49:03,588] INFO [Controller id=1 epoch=1] Changed partition __consumer_offsets-36 state from NonExistentPartition to NewPartition with assigned replicas 1 (state.change.logger)
product-trace-kafka              | [2026-06-19 02:49:03,588] INFO [Controller id=1 epoch=1] Changed partition __consumer_offsets-42 state from NonExistentPartition to NewPartition with assigned replicas 1 (state.change.logger)
product-trace-kafka              | [2026-06-19 02:49:03,588] INFO [Controller id=1 epoch=1] Changed partition __consumer_offsets-3 state from NonExistentPartition to NewPartition with assigned replicas 1 (state.change.logger)
product-trace-kafka              | [2026-06-19 02:49:03,588] INFO [Controller id=1 epoch=1] Changed partition __consumer_offsets-18 state from NonExistentPartition to NewPartition with assigned replicas 1 (state.change.logger)
product-trace-kafka              | [2026-06-19 02:49:03,588] INFO [Controller id=1 epoch=1] Changed partition __consumer_offsets-15 state from NonExistentPartition to NewPartition with assigned replicas 1 (state.change.logger)
product-trace-kafka              | [2026-06-19 02:49:03,588] INFO [Controller id=1 epoch=1] Changed partition __consumer_offsets-24 state from NonExistentPartition to NewPartition with assigned replicas 1 (state.change.logger)
product-trace-kafka              | [2026-06-19 02:49:03,588] INFO [Controller id=1 epoch=1] Changed partition __consumer_offsets-17 state from NonExistentPartition to NewPartition with assigned replicas 1 (state.change.logger)
product-trace-kafka              | [2026-06-19 02:49:03,588] INFO [Controller id=1 epoch=1] Changed partition __consumer_offsets-48 state from NonExistentPartition to NewPartition with assigned replicas 1 (state.change.logger)
product-trace-kafka              | [2026-06-19 02:49:03,588] INFO [Controller id=1 epoch=1] Changed partition __consumer_offsets-19 state from NonExistentPartition to NewPartition with assigned replicas 1 (state.change.logger)
product-trace-kafka              | [2026-06-19 02:49:03,588] INFO [Controller id=1 epoch=1] Changed partition __consumer_offsets-11 state from NonExistentPartition to NewPartition with assigned replicas 1 (state.change.logger)
product-trace-kafka              | [2026-06-19 02:49:03,588] INFO [Controller id=1 epoch=1] Changed partition __consumer_offsets-2 state from NonExistentPartition to NewPartition with assigned replicas 1 (state.change.logger)
product-trace-kafka              | [2026-06-19 02:49:03,588] INFO [Controller id=1 epoch=1] Changed partition __consumer_offsets-43 state from NonExistentPartition to NewPartition with assigned replicas 1 (state.change.logger)
product-trace-kafka              | [2026-06-19 02:49:03,588] INFO [Controller id=1 epoch=1] Changed partition __consumer_offsets-6 state from NonExistentPartition to NewPartition with assigned replicas 1 (state.change.logger)
product-trace-kafka              | [2026-06-19 02:49:03,588] INFO [Controller id=1 epoch=1] Changed partition __consumer_offsets-14 state from NonExistentPartition to NewPartition with assigned replicas 1 (state.change.logger)
product-trace-kafka              | [2026-06-19 02:49:03,589] INFO [Controller id=1 epoch=1] Changed partition __consumer_offsets-20 state from NonExistentPartition to NewPartition with assigned replicas 1 (state.change.logger)
product-trace-kafka              | [2026-06-19 02:49:03,589] INFO [Controller id=1 epoch=1] Changed partition __consumer_offsets-0 state from NonExistentPartition to NewPartition with assigned replicas 1 (state.change.logger)
product-trace-kafka              | [2026-06-19 02:49:03,589] INFO [Controller id=1 epoch=1] Changed partition __consumer_offsets-44 state from NonExistentPartition to NewPartition with assigned replicas 1 (state.change.logger)
product-trace-kafka              | [2026-06-19 02:49:03,589] INFO [Controller id=1 epoch=1] Changed partition __consumer_offsets-39 state from NonExistentPartition to NewPartition with assigned replicas 1 (state.change.logger)
product-trace-kafka              | [2026-06-19 02:49:03,589] INFO [Controller id=1 epoch=1] Changed partition __consumer_offsets-12 state from NonExistentPartition to NewPartition with assigned replicas 1 (state.change.logger)
product-trace-kafka              | [2026-06-19 02:49:03,589] INFO [Controller id=1 epoch=1] Changed partition __consumer_offsets-45 state from NonExistentPartition to NewPartition with assigned replicas 1 (state.change.logger)
product-trace-kafka              | [2026-06-19 02:49:03,589] INFO [Controller id=1 epoch=1] Changed partition __consumer_offsets-1 state from NonExistentPartition to NewPartition with assigned replicas 1 (state.change.logger)
product-trace-kafka              | [2026-06-19 02:49:03,589] INFO [Controller id=1 epoch=1] Changed partition __consumer_offsets-5 state from NonExistentPartition to NewPartition with assigned replicas 1 (state.change.logger)
product-trace-kafka              | [2026-06-19 02:49:03,589] INFO [Controller id=1 epoch=1] Changed partition __consumer_offsets-26 state from NonExistentPartition to NewPartition with assigned replicas 1 (state.change.logger)
product-trace-kafka              | [2026-06-19 02:49:03,589] INFO [Controller id=1 epoch=1] Changed partition __consumer_offsets-29 state from NonExistentPartition to NewPartition with assigned replicas 1 (state.change.logger)
product-trace-kafka              | [2026-06-19 02:49:03,589] INFO [Controller id=1 epoch=1] Changed partition __consumer_offsets-34 state from NonExistentPartition to NewPartition with assigned replicas 1 (state.change.logger)
product-trace-kafka              | [2026-06-19 02:49:03,589] INFO [Controller id=1 epoch=1] Changed partition __consumer_offsets-10 state from NonExistentPartition to NewPartition with assigned replicas 1 (state.change.logger)
product-trace-kafka              | [2026-06-19 02:49:03,590] INFO [Controller id=1 epoch=1] Changed partition __consumer_offsets-32 state from NonExistentPartition to NewPartition with assigned replicas 1 (state.change.logger)
product-trace-kafka              | [2026-06-19 02:49:03,592] INFO [Controller id=1 epoch=1] Changed partition __consumer_offsets-40 state from NonExistentPartition to NewPartition with assigned replicas 1 (state.change.logger)
product-trace-kafka              | [2026-06-19 02:49:03,596] INFO [Controller id=1 epoch=1] Sending UpdateMetadata request to brokers HashSet() for 0 partitions (state.change.logger)
product-trace-kafka              | [2026-06-19 02:49:03,602] TRACE [Controller id=1 epoch=1] Changed state of replica 1 for partition __consumer_offsets-32 from NonExistentReplica to NewReplica (state.change.logger)
product-trace-kafka              | [2026-06-19 02:49:03,602] TRACE [Controller id=1 epoch=1] Changed state of replica 1 for partition __consumer_offsets-5 from NonExistentReplica to NewReplica (state.change.logger)
product-trace-kafka              | [2026-06-19 02:49:03,603] TRACE [Controller id=1 epoch=1] Changed state of replica 1 for partition __consumer_offsets-44 from NonExistentReplica to NewReplica (state.change.logger)
product-trace-kafka              | [2026-06-19 02:49:03,603] TRACE [Controller id=1 epoch=1] Changed state of replica 1 for partition __consumer_offsets-48 from NonExistentReplica to NewReplica (state.change.logger)
product-trace-kafka              | [2026-06-19 02:49:03,603] TRACE [Controller id=1 epoch=1] Changed state of replica 1 for partition __consumer_offsets-46 from NonExistentReplica to NewReplica (state.change.logger)
product-trace-kafka              | [2026-06-19 02:49:03,603] TRACE [Controller id=1 epoch=1] Changed state of replica 1 for partition __consumer_offsets-20 from NonExistentReplica to NewReplica (state.change.logger)
product-trace-kafka              | [2026-06-19 02:49:03,603] TRACE [Controller id=1 epoch=1] Changed state of replica 1 for partition __consumer_offsets-43 from NonExistentReplica to NewReplica (state.change.logger)
product-trace-kafka              | [2026-06-19 02:49:03,603] TRACE [Controller id=1 epoch=1] Changed state of replica 1 for partition __consumer_offsets-24 from NonExistentReplica to NewReplica (state.change.logger)
product-trace-kafka              | [2026-06-19 02:49:03,603] TRACE [Controller id=1 epoch=1] Changed state of replica 1 for partition __consumer_offsets-6 from NonExistentReplica to NewReplica (state.change.logger)
product-trace-kafka              | [2026-06-19 02:49:03,603] TRACE [Controller id=1 epoch=1] Changed state of replica 1 for partition __consumer_offsets-18 from NonExistentReplica to NewReplica (state.change.logger)
product-trace-kafka              | [2026-06-19 02:49:03,603] TRACE [Controller id=1 epoch=1] Changed state of replica 1 for partition __consumer_offsets-21 from NonExistentReplica to NewReplica (state.change.logger)
product-trace-kafka              | [2026-06-19 02:49:03,603] TRACE [Controller id=1 epoch=1] Changed state of replica 1 for partition __consumer_offsets-1 from NonExistentReplica to NewReplica (state.change.logger)
product-trace-kafka              | [2026-06-19 02:49:03,603] TRACE [Controller id=1 epoch=1] Changed state of replica 1 for partition __consumer_offsets-14 from NonExistentReplica to NewReplica (state.change.logger)
product-trace-kafka              | [2026-06-19 02:49:03,603] TRACE [Controller id=1 epoch=1] Changed state of replica 1 for partition __consumer_offsets-34 from NonExistentReplica to NewReplica (state.change.logger)
product-trace-kafka              | [2026-06-19 02:49:03,603] TRACE [Controller id=1 epoch=1] Changed state of replica 1 for partition __consumer_offsets-16 from NonExistentReplica to NewReplica (state.change.logger)
product-trace-kafka              | [2026-06-19 02:49:03,603] TRACE [Controller id=1 epoch=1] Changed state of replica 1 for partition __consumer_offsets-29 from NonExistentReplica to NewReplica (state.change.logger)
product-trace-kafka              | [2026-06-19 02:49:03,603] TRACE [Controller id=1 epoch=1] Changed state of replica 1 for partition __consumer_offsets-11 from NonExistentReplica to NewReplica (state.change.logger)
product-trace-kafka              | [2026-06-19 02:49:03,604] TRACE [Controller id=1 epoch=1] Changed state of replica 1 for partition __consumer_offsets-0 from NonExistentReplica to NewReplica (state.change.logger)
product-trace-kafka              | [2026-06-19 02:49:03,604] TRACE [Controller id=1 epoch=1] Changed state of replica 1 for partition __consumer_offsets-22 from NonExistentReplica to NewReplica (state.change.logger)
product-trace-kafka              | [2026-06-19 02:49:03,604] TRACE [Controller id=1 epoch=1] Changed state of replica 1 for partition __consumer_offsets-47 from NonExistentReplica to NewReplica (state.change.logger)
product-trace-kafka              | [2026-06-19 02:49:03,604] TRACE [Controller id=1 epoch=1] Changed state of replica 1 for partition __consumer_offsets-36 from NonExistentReplica to NewReplica (state.change.logger)
product-trace-kafka              | [2026-06-19 02:49:03,604] TRACE [Controller id=1 epoch=1] Changed state of replica 1 for partition __consumer_offsets-28 from NonExistentReplica to NewReplica (state.change.logger)
product-trace-kafka              | [2026-06-19 02:49:03,604] TRACE [Controller id=1 epoch=1] Changed state of replica 1 for partition __consumer_offsets-42 from NonExistentReplica to NewReplica (state.change.logger)
product-trace-kafka              | [2026-06-19 02:49:03,604] TRACE [Controller id=1 epoch=1] Changed state of replica 1 for partition __consumer_offsets-9 from NonExistentReplica to NewReplica (state.change.logger)
product-trace-kafka              | [2026-06-19 02:49:03,604] TRACE [Controller id=1 epoch=1] Changed state of replica 1 for partition __consumer_offsets-37 from NonExistentReplica to NewReplica (state.change.logger)
product-trace-kafka              | [2026-06-19 02:49:03,604] TRACE [Controller id=1 epoch=1] Changed state of replica 1 for partition __consumer_offsets-13 from NonExistentReplica to NewReplica (state.change.logger)
product-trace-kafka              | [2026-06-19 02:49:03,604] TRACE [Controller id=1 epoch=1] Changed state of replica 1 for partition __consumer_offsets-30 from NonExistentReplica to NewReplica (state.change.logger)
product-trace-kafka              | [2026-06-19 02:49:03,604] TRACE [Controller id=1 epoch=1] Changed state of replica 1 for partition __consumer_offsets-35 from NonExistentReplica to NewReplica (state.change.logger)
product-trace-kafka              | [2026-06-19 02:49:03,604] TRACE [Controller id=1 epoch=1] Changed state of replica 1 for partition __consumer_offsets-39 from NonExistentReplica to NewReplica (state.change.logger)
product-trace-kafka              | [2026-06-19 02:49:03,605] TRACE [Controller id=1 epoch=1] Changed state of replica 1 for partition __consumer_offsets-12 from NonExistentReplica to NewReplica (state.change.logger)
product-trace-kafka              | [2026-06-19 02:49:03,605] TRACE [Controller id=1 epoch=1] Changed state of replica 1 for partition __consumer_offsets-27 from NonExistentReplica to NewReplica (state.change.logger)
product-trace-kafka              | [2026-06-19 02:49:03,605] TRACE [Controller id=1 epoch=1] Changed state of replica 1 for partition __consumer_offsets-45 from NonExistentReplica to NewReplica (state.change.logger)
product-trace-kafka              | [2026-06-19 02:49:03,605] TRACE [Controller id=1 epoch=1] Changed state of replica 1 for partition __consumer_offsets-19 from NonExistentReplica to NewReplica (state.change.logger)
product-trace-kafka              | [2026-06-19 02:49:03,605] TRACE [Controller id=1 epoch=1] Changed state of replica 1 for partition __consumer_offsets-49 from NonExistentReplica to NewReplica (state.change.logger)
product-trace-kafka              | [2026-06-19 02:49:03,605] TRACE [Controller id=1 epoch=1] Changed state of replica 1 for partition __consumer_offsets-40 from NonExistentReplica to NewReplica (state.change.logger)
product-trace-kafka              | [2026-06-19 02:49:03,605] TRACE [Controller id=1 epoch=1] Changed state of replica 1 for partition __consumer_offsets-41 from NonExistentReplica to NewReplica (state.change.logger)
product-trace-kafka              | [2026-06-19 02:49:03,605] TRACE [Controller id=1 epoch=1] Changed state of replica 1 for partition __consumer_offsets-38 from NonExistentReplica to NewReplica (state.change.logger)
product-trace-kafka              | [2026-06-19 02:49:03,605] TRACE [Controller id=1 epoch=1] Changed state of replica 1 for partition __consumer_offsets-8 from NonExistentReplica to NewReplica (state.change.logger)
product-trace-kafka              | [2026-06-19 02:49:03,605] TRACE [Controller id=1 epoch=1] Changed state of replica 1 for partition __consumer_offsets-7 from NonExistentReplica to NewReplica (state.change.logger)
product-trace-kafka              | [2026-06-19 02:49:03,606] TRACE [Controller id=1 epoch=1] Changed state of replica 1 for partition __consumer_offsets-33 from NonExistentReplica to NewReplica (state.change.logger)
product-trace-kafka              | [2026-06-19 02:49:03,606] TRACE [Controller id=1 epoch=1] Changed state of replica 1 for partition __consumer_offsets-25 from NonExistentReplica to NewReplica (state.change.logger)
product-trace-kafka              | [2026-06-19 02:49:03,606] TRACE [Controller id=1 epoch=1] Changed state of replica 1 for partition __consumer_offsets-31 from NonExistentReplica to NewReplica (state.change.logger)
product-trace-kafka              | [2026-06-19 02:49:03,606] TRACE [Controller id=1 epoch=1] Changed state of replica 1 for partition __consumer_offsets-23 from NonExistentReplica to NewReplica (state.change.logger)
product-trace-kafka              | [2026-06-19 02:49:03,606] TRACE [Controller id=1 epoch=1] Changed state of replica 1 for partition __consumer_offsets-10 from NonExistentReplica to NewReplica (state.change.logger)
product-trace-kafka              | [2026-06-19 02:49:03,606] TRACE [Controller id=1 epoch=1] Changed state of replica 1 for partition __consumer_offsets-2 from NonExistentReplica to NewReplica (state.change.logger)
product-trace-kafka              | [2026-06-19 02:49:03,606] TRACE [Controller id=1 epoch=1] Changed state of replica 1 for partition __consumer_offsets-17 from NonExistentReplica to NewReplica (state.change.logger)
product-trace-kafka              | [2026-06-19 02:49:03,606] TRACE [Controller id=1 epoch=1] Changed state of replica 1 for partition __consumer_offsets-4 from NonExistentReplica to NewReplica (state.change.logger)
product-trace-kafka              | [2026-06-19 02:49:03,606] TRACE [Controller id=1 epoch=1] Changed state of replica 1 for partition __consumer_offsets-15 from NonExistentReplica to NewReplica (state.change.logger)
product-trace-kafka              | [2026-06-19 02:49:03,606] TRACE [Controller id=1 epoch=1] Changed state of replica 1 for partition __consumer_offsets-26 from NonExistentReplica to NewReplica (state.change.logger)
product-trace-kafka              | [2026-06-19 02:49:03,606] TRACE [Controller id=1 epoch=1] Changed state of replica 1 for partition __consumer_offsets-3 from NonExistentReplica to NewReplica (state.change.logger)
product-trace-kafka              | [2026-06-19 02:49:03,607] INFO [Controller id=1 epoch=1] Sending UpdateMetadata request to brokers HashSet() for 0 partitions (state.change.logger)
product-trace-kafka              | [2026-06-19 02:49:03,801] INFO [Controller id=1 epoch=1] Changed partition __consumer_offsets-22 from NewPartition to OnlinePartition with state LeaderAndIsr(leader=1, leaderEpoch=0, isrWithBrokerEpoch=List(BrokerState(brokerId=1, brokerEpoch=-1)), leaderRecoveryState=RECOVERED, partitionEpoch=0) (state.change.logger)
product-trace-kafka              | [2026-06-19 02:49:03,801] INFO [Controller id=1 epoch=1] Changed partition __consumer_offsets-30 from NewPartition to OnlinePartition with state LeaderAndIsr(leader=1, leaderEpoch=0, isrWithBrokerEpoch=List(BrokerState(brokerId=1, brokerEpoch=-1)), leaderRecoveryState=RECOVERED, partitionEpoch=0) (state.change.logger)
product-trace-kafka              | [2026-06-19 02:49:03,801] INFO [Controller id=1 epoch=1] Changed partition __consumer_offsets-25 from NewPartition to OnlinePartition with state LeaderAndIsr(leader=1, leaderEpoch=0, isrWithBrokerEpoch=List(BrokerState(brokerId=1, brokerEpoch=-1)), leaderRecoveryState=RECOVERED, partitionEpoch=0) (state.change.logger)
product-trace-kafka              | [2026-06-19 02:49:03,801] INFO [Controller id=1 epoch=1] Changed partition __consumer_offsets-35 from NewPartition to OnlinePartition with state LeaderAndIsr(leader=1, leaderEpoch=0, isrWithBrokerEpoch=List(BrokerState(brokerId=1, brokerEpoch=-1)), leaderRecoveryState=RECOVERED, partitionEpoch=0) (state.change.logger)
product-trace-kafka              | [2026-06-19 02:49:03,801] INFO [Controller id=1 epoch=1] Changed partition __consumer_offsets-37 from NewPartition to OnlinePartition with state LeaderAndIsr(leader=1, leaderEpoch=0, isrWithBrokerEpoch=List(BrokerState(brokerId=1, brokerEpoch=-1)), leaderRecoveryState=RECOVERED, partitionEpoch=0) (state.change.logger)
product-trace-kafka              | [2026-06-19 02:49:03,801] INFO [Controller id=1 epoch=1] Changed partition __consumer_offsets-38 from NewPartition to OnlinePartition with state LeaderAndIsr(leader=1, leaderEpoch=0, isrWithBrokerEpoch=List(BrokerState(brokerId=1, brokerEpoch=-1)), leaderRecoveryState=RECOVERED, partitionEpoch=0) (state.change.logger)
product-trace-kafka              | [2026-06-19 02:49:03,801] INFO [Controller id=1 epoch=1] Changed partition __consumer_offsets-13 from NewPartition to OnlinePartition with state LeaderAndIsr(leader=1, leaderEpoch=0, isrWithBrokerEpoch=List(BrokerState(brokerId=1, brokerEpoch=-1)), leaderRecoveryState=RECOVERED, partitionEpoch=0) (state.change.logger)
product-trace-kafka              | [2026-06-19 02:49:03,801] INFO [Controller id=1 epoch=1] Changed partition __consumer_offsets-8 from NewPartition to OnlinePartition with state LeaderAndIsr(leader=1, leaderEpoch=0, isrWithBrokerEpoch=List(BrokerState(brokerId=1, brokerEpoch=-1)), leaderRecoveryState=RECOVERED, partitionEpoch=0) (state.change.logger)
product-trace-kafka              | [2026-06-19 02:49:03,801] INFO [Controller id=1 epoch=1] Changed partition __consumer_offsets-21 from NewPartition to OnlinePartition with state LeaderAndIsr(leader=1, leaderEpoch=0, isrWithBrokerEpoch=List(BrokerState(brokerId=1, brokerEpoch=-1)), leaderRecoveryState=RECOVERED, partitionEpoch=0) (state.change.logger)
product-trace-kafka              | [2026-06-19 02:49:03,801] INFO [Controller id=1 epoch=1] Changed partition __consumer_offsets-4 from NewPartition to OnlinePartition with state LeaderAndIsr(leader=1, leaderEpoch=0, isrWithBrokerEpoch=List(BrokerState(brokerId=1, brokerEpoch=-1)), leaderRecoveryState=RECOVERED, partitionEpoch=0) (state.change.logger)
product-trace-kafka              | [2026-06-19 02:49:03,801] INFO [Controller id=1 epoch=1] Changed partition __consumer_offsets-27 from NewPartition to OnlinePartition with state LeaderAndIsr(leader=1, leaderEpoch=0, isrWithBrokerEpoch=List(BrokerState(brokerId=1, brokerEpoch=-1)), leaderRecoveryState=RECOVERED, partitionEpoch=0) (state.change.logger)
product-trace-kafka              | [2026-06-19 02:49:03,802] INFO [Controller id=1 epoch=1] Changed partition __consumer_offsets-7 from NewPartition to OnlinePartition with state LeaderAndIsr(leader=1, leaderEpoch=0, isrWithBrokerEpoch=List(BrokerState(brokerId=1, brokerEpoch=-1)), leaderRecoveryState=RECOVERED, partitionEpoch=0) (state.change.logger)
product-trace-kafka              | [2026-06-19 02:49:03,802] INFO [Controller id=1 epoch=1] Changed partition __consumer_offsets-9 from NewPartition to OnlinePartition with state LeaderAndIsr(leader=1, leaderEpoch=0, isrWithBrokerEpoch=List(BrokerState(brokerId=1, brokerEpoch=-1)), leaderRecoveryState=RECOVERED, partitionEpoch=0) (state.change.logger)
product-trace-kafka              | [2026-06-19 02:49:03,802] INFO [Controller id=1 epoch=1] Changed partition __consumer_offsets-46 from NewPartition to OnlinePartition with state LeaderAndIsr(leader=1, leaderEpoch=0, isrWithBrokerEpoch=List(BrokerState(brokerId=1, brokerEpoch=-1)), leaderRecoveryState=RECOVERED, partitionEpoch=0) (state.change.logger)
product-trace-kafka              | [2026-06-19 02:49:03,802] INFO [Controller id=1 epoch=1] Changed partition __consumer_offsets-41 from NewPartition to OnlinePartition with state LeaderAndIsr(leader=1, leaderEpoch=0, isrWithBrokerEpoch=List(BrokerState(brokerId=1, brokerEpoch=-1)), leaderRecoveryState=RECOVERED, partitionEpoch=0) (state.change.logger)
product-trace-kafka              | [2026-06-19 02:49:03,802] INFO [Controller id=1 epoch=1] Changed partition __consumer_offsets-33 from NewPartition to OnlinePartition with state LeaderAndIsr(leader=1, leaderEpoch=0, isrWithBrokerEpoch=List(BrokerState(brokerId=1, brokerEpoch=-1)), leaderRecoveryState=RECOVERED, partitionEpoch=0) (state.change.logger)
product-trace-kafka              | [2026-06-19 02:49:03,802] INFO [Controller id=1 epoch=1] Changed partition __consumer_offsets-23 from NewPartition to OnlinePartition with state LeaderAndIsr(leader=1, leaderEpoch=0, isrWithBrokerEpoch=List(BrokerState(brokerId=1, brokerEpoch=-1)), leaderRecoveryState=RECOVERED, partitionEpoch=0) (state.change.logger)
product-trace-kafka              | [2026-06-19 02:49:03,802] INFO [Controller id=1 epoch=1] Changed partition __consumer_offsets-49 from NewPartition to OnlinePartition with state LeaderAndIsr(leader=1, leaderEpoch=0, isrWithBrokerEpoch=List(BrokerState(brokerId=1, brokerEpoch=-1)), leaderRecoveryState=RECOVERED, partitionEpoch=0) (state.change.logger)
product-trace-kafka              | [2026-06-19 02:49:03,802] INFO [Controller id=1 epoch=1] Changed partition __consumer_offsets-47 from NewPartition to OnlinePartition with state LeaderAndIsr(leader=1, leaderEpoch=0, isrWithBrokerEpoch=List(BrokerState(brokerId=1, brokerEpoch=-1)), leaderRecoveryState=RECOVERED, partitionEpoch=0) (state.change.logger)
product-trace-kafka              | [2026-06-19 02:49:03,802] INFO [Controller id=1 epoch=1] Changed partition __consumer_offsets-16 from NewPartition to OnlinePartition with state LeaderAndIsr(leader=1, leaderEpoch=0, isrWithBrokerEpoch=List(BrokerState(brokerId=1, brokerEpoch=-1)), leaderRecoveryState=RECOVERED, partitionEpoch=0) (state.change.logger)
product-trace-kafka              | [2026-06-19 02:49:03,803] INFO [Controller id=1 epoch=1] Changed partition __consumer_offsets-28 from NewPartition to OnlinePartition with state LeaderAndIsr(leader=1, leaderEpoch=0, isrWithBrokerEpoch=List(BrokerState(brokerId=1, brokerEpoch=-1)), leaderRecoveryState=RECOVERED, partitionEpoch=0) (state.change.logger)
product-trace-kafka              | [2026-06-19 02:49:03,803] INFO [Controller id=1 epoch=1] Changed partition __consumer_offsets-31 from NewPartition to OnlinePartition with state LeaderAndIsr(leader=1, leaderEpoch=0, isrWithBrokerEpoch=List(BrokerState(brokerId=1, brokerEpoch=-1)), leaderRecoveryState=RECOVERED, partitionEpoch=0) (state.change.logger)
product-trace-kafka              | [2026-06-19 02:49:03,803] INFO [Controller id=1 epoch=1] Changed partition __consumer_offsets-36 from NewPartition to OnlinePartition with state LeaderAndIsr(leader=1, leaderEpoch=0, isrWithBrokerEpoch=List(BrokerState(brokerId=1, brokerEpoch=-1)), leaderRecoveryState=RECOVERED, partitionEpoch=0) (state.change.logger)
product-trace-kafka              | [2026-06-19 02:49:03,803] INFO [Controller id=1 epoch=1] Changed partition __consumer_offsets-42 from NewPartition to OnlinePartition with state LeaderAndIsr(leader=1, leaderEpoch=0, isrWithBrokerEpoch=List(BrokerState(brokerId=1, brokerEpoch=-1)), leaderRecoveryState=RECOVERED, partitionEpoch=0) (state.change.logger)
product-trace-kafka              | [2026-06-19 02:49:03,803] INFO [Controller id=1 epoch=1] Changed partition __consumer_offsets-3 from NewPartition to OnlinePartition with state LeaderAndIsr(leader=1, leaderEpoch=0, isrWithBrokerEpoch=List(BrokerState(brokerId=1, brokerEpoch=-1)), leaderRecoveryState=RECOVERED, partitionEpoch=0) (state.change.logger)
product-trace-kafka              | [2026-06-19 02:49:03,803] INFO [Controller id=1 epoch=1] Changed partition __consumer_offsets-18 from NewPartition to OnlinePartition with state LeaderAndIsr(leader=1, leaderEpoch=0, isrWithBrokerEpoch=List(BrokerState(brokerId=1, brokerEpoch=-1)), leaderRecoveryState=RECOVERED, partitionEpoch=0) (state.change.logger)
product-trace-kafka              | [2026-06-19 02:49:03,803] INFO [Controller id=1 epoch=1] Changed partition __consumer_offsets-15 from NewPartition to OnlinePartition with state LeaderAndIsr(leader=1, leaderEpoch=0, isrWithBrokerEpoch=List(BrokerState(brokerId=1, brokerEpoch=-1)), leaderRecoveryState=RECOVERED, partitionEpoch=0) (state.change.logger)
product-trace-kafka              | [2026-06-19 02:49:03,803] INFO [Controller id=1 epoch=1] Changed partition __consumer_offsets-24 from NewPartition to OnlinePartition with state LeaderAndIsr(leader=1, leaderEpoch=0, isrWithBrokerEpoch=List(BrokerState(brokerId=1, brokerEpoch=-1)), leaderRecoveryState=RECOVERED, partitionEpoch=0) (state.change.logger)
product-trace-kafka              | [2026-06-19 02:49:03,803] INFO [Controller id=1 epoch=1] Changed partition __consumer_offsets-17 from NewPartition to OnlinePartition with state LeaderAndIsr(leader=1, leaderEpoch=0, isrWithBrokerEpoch=List(BrokerState(brokerId=1, brokerEpoch=-1)), leaderRecoveryState=RECOVERED, partitionEpoch=0) (state.change.logger)
product-trace-kafka              | [2026-06-19 02:49:03,803] INFO [Controller id=1 epoch=1] Changed partition __consumer_offsets-48 from NewPartition to OnlinePartition with state LeaderAndIsr(leader=1, leaderEpoch=0, isrWithBrokerEpoch=List(BrokerState(brokerId=1, brokerEpoch=-1)), leaderRecoveryState=RECOVERED, partitionEpoch=0) (state.change.logger)
product-trace-kafka              | [2026-06-19 02:49:03,803] INFO [Controller id=1 epoch=1] Changed partition __consumer_offsets-19 from NewPartition to OnlinePartition with state LeaderAndIsr(leader=1, leaderEpoch=0, isrWithBrokerEpoch=List(BrokerState(brokerId=1, brokerEpoch=-1)), leaderRecoveryState=RECOVERED, partitionEpoch=0) (state.change.logger)
product-trace-kafka              | [2026-06-19 02:49:03,803] INFO [Controller id=1 epoch=1] Changed partition __consumer_offsets-11 from NewPartition to OnlinePartition with state LeaderAndIsr(leader=1, leaderEpoch=0, isrWithBrokerEpoch=List(BrokerState(brokerId=1, brokerEpoch=-1)), leaderRecoveryState=RECOVERED, partitionEpoch=0) (state.change.logger)
product-trace-kafka              | [2026-06-19 02:49:03,803] INFO [Controller id=1 epoch=1] Changed partition __consumer_offsets-2 from NewPartition to OnlinePartition with state LeaderAndIsr(leader=1, leaderEpoch=0, isrWithBrokerEpoch=List(BrokerState(brokerId=1, brokerEpoch=-1)), leaderRecoveryState=RECOVERED, partitionEpoch=0) (state.change.logger)
product-trace-kafka              | [2026-06-19 02:49:03,803] INFO [Controller id=1 epoch=1] Changed partition __consumer_offsets-43 from NewPartition to OnlinePartition with state LeaderAndIsr(leader=1, leaderEpoch=0, isrWithBrokerEpoch=List(BrokerState(brokerId=1, brokerEpoch=-1)), leaderRecoveryState=RECOVERED, partitionEpoch=0) (state.change.logger)
product-trace-kafka              | [2026-06-19 02:49:03,803] INFO [Controller id=1 epoch=1] Changed partition __consumer_offsets-6 from NewPartition to OnlinePartition with state LeaderAndIsr(leader=1, leaderEpoch=0, isrWithBrokerEpoch=List(BrokerState(brokerId=1, brokerEpoch=-1)), leaderRecoveryState=RECOVERED, partitionEpoch=0) (state.change.logger)
product-trace-kafka              | [2026-06-19 02:49:03,803] INFO [Controller id=1 epoch=1] Changed partition __consumer_offsets-14 from NewPartition to OnlinePartition with state LeaderAndIsr(leader=1, leaderEpoch=0, isrWithBrokerEpoch=List(BrokerState(brokerId=1, brokerEpoch=-1)), leaderRecoveryState=RECOVERED, partitionEpoch=0) (state.change.logger)
product-trace-kafka              | [2026-06-19 02:49:03,803] INFO [Controller id=1 epoch=1] Changed partition __consumer_offsets-20 from NewPartition to OnlinePartition with state LeaderAndIsr(leader=1, leaderEpoch=0, isrWithBrokerEpoch=List(BrokerState(brokerId=1, brokerEpoch=-1)), leaderRecoveryState=RECOVERED, partitionEpoch=0) (state.change.logger)
product-trace-kafka              | [2026-06-19 02:49:03,804] INFO [Controller id=1 epoch=1] Changed partition __consumer_offsets-0 from NewPartition to OnlinePartition with state LeaderAndIsr(leader=1, leaderEpoch=0, isrWithBrokerEpoch=List(BrokerState(brokerId=1, brokerEpoch=-1)), leaderRecoveryState=RECOVERED, partitionEpoch=0) (state.change.logger)
product-trace-kafka              | [2026-06-19 02:49:03,805] INFO [Controller id=1 epoch=1] Changed partition __consumer_offsets-44 from NewPartition to OnlinePartition with state LeaderAndIsr(leader=1, leaderEpoch=0, isrWithBrokerEpoch=List(BrokerState(brokerId=1, brokerEpoch=-1)), leaderRecoveryState=RECOVERED, partitionEpoch=0) (state.change.logger)
product-trace-kafka              | [2026-06-19 02:49:03,805] INFO [Controller id=1 epoch=1] Changed partition __consumer_offsets-39 from NewPartition to OnlinePartition with state LeaderAndIsr(leader=1, leaderEpoch=0, isrWithBrokerEpoch=List(BrokerState(brokerId=1, brokerEpoch=-1)), leaderRecoveryState=RECOVERED, partitionEpoch=0) (state.change.logger)
product-trace-kafka              | [2026-06-19 02:49:03,805] INFO [Controller id=1 epoch=1] Changed partition __consumer_offsets-12 from NewPartition to OnlinePartition with state LeaderAndIsr(leader=1, leaderEpoch=0, isrWithBrokerEpoch=List(BrokerState(brokerId=1, brokerEpoch=-1)), leaderRecoveryState=RECOVERED, partitionEpoch=0) (state.change.logger)
product-trace-kafka              | [2026-06-19 02:49:03,805] INFO [Controller id=1 epoch=1] Changed partition __consumer_offsets-45 from NewPartition to OnlinePartition with state LeaderAndIsr(leader=1, leaderEpoch=0, isrWithBrokerEpoch=List(BrokerState(brokerId=1, brokerEpoch=-1)), leaderRecoveryState=RECOVERED, partitionEpoch=0) (state.change.logger)
product-trace-kafka              | [2026-06-19 02:49:03,805] INFO [Controller id=1 epoch=1] Changed partition __consumer_offsets-1 from NewPartition to OnlinePartition with state LeaderAndIsr(leader=1, leaderEpoch=0, isrWithBrokerEpoch=List(BrokerState(brokerId=1, brokerEpoch=-1)), leaderRecoveryState=RECOVERED, partitionEpoch=0) (state.change.logger)
product-trace-kafka              | [2026-06-19 02:49:03,805] INFO [Controller id=1 epoch=1] Changed partition __consumer_offsets-5 from NewPartition to OnlinePartition with state LeaderAndIsr(leader=1, leaderEpoch=0, isrWithBrokerEpoch=List(BrokerState(brokerId=1, brokerEpoch=-1)), leaderRecoveryState=RECOVERED, partitionEpoch=0) (state.change.logger)
product-trace-kafka              | [2026-06-19 02:49:03,805] INFO [Controller id=1 epoch=1] Changed partition __consumer_offsets-26 from NewPartition to OnlinePartition with state LeaderAndIsr(leader=1, leaderEpoch=0, isrWithBrokerEpoch=List(BrokerState(brokerId=1, brokerEpoch=-1)), leaderRecoveryState=RECOVERED, partitionEpoch=0) (state.change.logger)
product-trace-kafka              | [2026-06-19 02:49:03,805] INFO [Controller id=1 epoch=1] Changed partition __consumer_offsets-29 from NewPartition to OnlinePartition with state LeaderAndIsr(leader=1, leaderEpoch=0, isrWithBrokerEpoch=List(BrokerState(brokerId=1, brokerEpoch=-1)), leaderRecoveryState=RECOVERED, partitionEpoch=0) (state.change.logger)
product-trace-kafka              | [2026-06-19 02:49:03,805] INFO [Controller id=1 epoch=1] Changed partition __consumer_offsets-34 from NewPartition to OnlinePartition with state LeaderAndIsr(leader=1, leaderEpoch=0, isrWithBrokerEpoch=List(BrokerState(brokerId=1, brokerEpoch=-1)), leaderRecoveryState=RECOVERED, partitionEpoch=0) (state.change.logger)
product-trace-kafka              | [2026-06-19 02:49:03,805] INFO [Controller id=1 epoch=1] Changed partition __consumer_offsets-10 from NewPartition to OnlinePartition with state LeaderAndIsr(leader=1, leaderEpoch=0, isrWithBrokerEpoch=List(BrokerState(brokerId=1, brokerEpoch=-1)), leaderRecoveryState=RECOVERED, partitionEpoch=0) (state.change.logger)
product-trace-kafka              | [2026-06-19 02:49:03,805] INFO [Controller id=1 epoch=1] Changed partition __consumer_offsets-32 from NewPartition to OnlinePartition with state LeaderAndIsr(leader=1, leaderEpoch=0, isrWithBrokerEpoch=List(BrokerState(brokerId=1, brokerEpoch=-1)), leaderRecoveryState=RECOVERED, partitionEpoch=0) (state.change.logger)
product-trace-kafka              | [2026-06-19 02:49:03,806] INFO [Controller id=1 epoch=1] Changed partition __consumer_offsets-40 from NewPartition to OnlinePartition with state LeaderAndIsr(leader=1, leaderEpoch=0, isrWithBrokerEpoch=List(BrokerState(brokerId=1, brokerEpoch=-1)), leaderRecoveryState=RECOVERED, partitionEpoch=0) (state.change.logger)
product-trace-kafka              | [2026-06-19 02:49:03,806] TRACE [Controller id=1 epoch=1] Sending become-leader LeaderAndIsr request LeaderAndIsrPartitionState(topicName='__consumer_offsets', partitionIndex=13, controllerEpoch=1, leader=1, leaderEpoch=0, isr=[1], partitionEpoch=0, replicas=[1], addingReplicas=[], removingReplicas=[], isNew=true, leaderRecoveryState=0) to broker 1 for partition __consumer_offsets-13 (state.change.logger)
product-trace-kafka              | [2026-06-19 02:49:03,806] TRACE [Controller id=1 epoch=1] Sending become-leader LeaderAndIsr request LeaderAndIsrPartitionState(topicName='__consumer_offsets', partitionIndex=46, controllerEpoch=1, leader=1, leaderEpoch=0, isr=[1], partitionEpoch=0, replicas=[1], addingReplicas=[], removingReplicas=[], isNew=true, leaderRecoveryState=0) to broker 1 for partition __consumer_offsets-46 (state.change.logger)
product-trace-kafka              | [2026-06-19 02:49:03,806] TRACE [Controller id=1 epoch=1] Sending become-leader LeaderAndIsr request LeaderAndIsrPartitionState(topicName='__consumer_offsets', partitionIndex=9, controllerEpoch=1, leader=1, leaderEpoch=0, isr=[1], partitionEpoch=0, replicas=[1], addingReplicas=[], removingReplicas=[], isNew=true, leaderRecoveryState=0) to broker 1 for partition __consumer_offsets-9 (state.change.logger)
product-trace-kafka              | [2026-06-19 02:49:03,806] TRACE [Controller id=1 epoch=1] Sending become-leader LeaderAndIsr request LeaderAndIsrPartitionState(topicName='__consumer_offsets', partitionIndex=42, controllerEpoch=1, leader=1, leaderEpoch=0, isr=[1], partitionEpoch=0, replicas=[1], addingReplicas=[], removingReplicas=[], isNew=true, leaderRecoveryState=0) to broker 1 for partition __consumer_offsets-42 (state.change.logger)
product-trace-kafka              | [2026-06-19 02:49:03,806] TRACE [Controller id=1 epoch=1] Sending become-leader LeaderAndIsr request LeaderAndIsrPartitionState(topicName='__consumer_offsets', partitionIndex=21, controllerEpoch=1, leader=1, leaderEpoch=0, isr=[1], partitionEpoch=0, replicas=[1], addingReplicas=[], removingReplicas=[], isNew=true, leaderRecoveryState=0) to broker 1 for partition __consumer_offsets-21 (state.change.logger)
product-trace-kafka              | [2026-06-19 02:49:03,807] TRACE [Controller id=1 epoch=1] Sending become-leader LeaderAndIsr request LeaderAndIsrPartitionState(topicName='__consumer_offsets', partitionIndex=17, controllerEpoch=1, leader=1, leaderEpoch=0, isr=[1], partitionEpoch=0, replicas=[1], addingReplicas=[], removingReplicas=[], isNew=true, leaderRecoveryState=0) to broker 1 for partition __consumer_offsets-17 (state.change.logger)
product-trace-kafka              | [2026-06-19 02:49:03,807] TRACE [Controller id=1 epoch=1] Sending become-leader LeaderAndIsr request LeaderAndIsrPartitionState(topicName='__consumer_offsets', partitionIndex=30, controllerEpoch=1, leader=1, leaderEpoch=0, isr=[1], partitionEpoch=0, replicas=[1], addingReplicas=[], removingReplicas=[], isNew=true, leaderRecoveryState=0) to broker 1 for partition __consumer_offsets-30 (state.change.logger)
product-trace-kafka              | [2026-06-19 02:49:03,807] TRACE [Controller id=1 epoch=1] Sending become-leader LeaderAndIsr request LeaderAndIsrPartitionState(topicName='__consumer_offsets', partitionIndex=26, controllerEpoch=1, leader=1, leaderEpoch=0, isr=[1], partitionEpoch=0, replicas=[1], addingReplicas=[], removingReplicas=[], isNew=true, leaderRecoveryState=0) to broker 1 for partition __consumer_offsets-26 (state.change.logger)
product-trace-kafka              | [2026-06-19 02:49:03,807] TRACE [Controller id=1 epoch=1] Sending become-leader LeaderAndIsr request LeaderAndIsrPartitionState(topicName='__consumer_offsets', partitionIndex=5, controllerEpoch=1, leader=1, leaderEpoch=0, isr=[1], partitionEpoch=0, replicas=[1], addingReplicas=[], removingReplicas=[], isNew=true, leaderRecoveryState=0) to broker 1 for partition __consumer_offsets-5 (state.change.logger)
product-trace-kafka              | [2026-06-19 02:49:03,807] TRACE [Controller id=1 epoch=1] Sending become-leader LeaderAndIsr request LeaderAndIsrPartitionState(topicName='__consumer_offsets', partitionIndex=38, controllerEpoch=1, leader=1, leaderEpoch=0, isr=[1], partitionEpoch=0, replicas=[1], addingReplicas=[], removingReplicas=[], isNew=true, leaderRecoveryState=0) to broker 1 for partition __consumer_offsets-38 (state.change.logger)
product-trace-kafka              | [2026-06-19 02:49:03,807] TRACE [Controller id=1 epoch=1] Sending become-leader LeaderAndIsr request LeaderAndIsrPartitionState(topicName='__consumer_offsets', partitionIndex=1, controllerEpoch=1, leader=1, leaderEpoch=0, isr=[1], partitionEpoch=0, replicas=[1], addingReplicas=[], removingReplicas=[], isNew=true, leaderRecoveryState=0) to broker 1 for partition __consumer_offsets-1 (state.change.logger)
product-trace-kafka              | [2026-06-19 02:49:03,807] TRACE [Controller id=1 epoch=1] Sending become-leader LeaderAndIsr request LeaderAndIsrPartitionState(topicName='__consumer_offsets', partitionIndex=34, controllerEpoch=1, leader=1, leaderEpoch=0, isr=[1], partitionEpoch=0, replicas=[1], addingReplicas=[], removingReplicas=[], isNew=true, leaderRecoveryState=0) to broker 1 for partition __consumer_offsets-34 (state.change.logger)
product-trace-kafka              | [2026-06-19 02:49:03,807] TRACE [Controller id=1 epoch=1] Sending become-leader LeaderAndIsr request LeaderAndIsrPartitionState(topicName='__consumer_offsets', partitionIndex=16, controllerEpoch=1, leader=1, leaderEpoch=0, isr=[1], partitionEpoch=0, replicas=[1], addingReplicas=[], removingReplicas=[], isNew=true, leaderRecoveryState=0) to broker 1 for partition __consumer_offsets-16 (state.change.logger)
product-trace-kafka              | [2026-06-19 02:49:03,807] TRACE [Controller id=1 epoch=1] Sending become-leader LeaderAndIsr request LeaderAndIsrPartitionState(topicName='__consumer_offsets', partitionIndex=45, controllerEpoch=1, leader=1, leaderEpoch=0, isr=[1], partitionEpoch=0, replicas=[1], addingReplicas=[], removingReplicas=[], isNew=true, leaderRecoveryState=0) to broker 1 for partition __consumer_offsets-45 (state.change.logger)
product-trace-kafka              | [2026-06-19 02:49:03,807] TRACE [Controller id=1 epoch=1] Sending become-leader LeaderAndIsr request LeaderAndIsrPartitionState(topicName='__consumer_offsets', partitionIndex=12, controllerEpoch=1, leader=1, leaderEpoch=0, isr=[1], partitionEpoch=0, replicas=[1], addingReplicas=[], removingReplicas=[], isNew=true, leaderRecoveryState=0) to broker 1 for partition __consumer_offsets-12 (state.change.logger)
product-trace-kafka              | [2026-06-19 02:49:03,807] TRACE [Controller id=1 epoch=1] Sending become-leader LeaderAndIsr request LeaderAndIsrPartitionState(topicName='__consumer_offsets', partitionIndex=41, controllerEpoch=1, leader=1, leaderEpoch=0, isr=[1], partitionEpoch=0, replicas=[1], addingReplicas=[], removingReplicas=[], isNew=true, leaderRecoveryState=0) to broker 1 for partition __consumer_offsets-41 (state.change.logger)
product-trace-kafka              | [2026-06-19 02:49:03,807] TRACE [Controller id=1 epoch=1] Sending become-leader LeaderAndIsr request LeaderAndIsrPartitionState(topicName='__consumer_offsets', partitionIndex=24, controllerEpoch=1, leader=1, leaderEpoch=0, isr=[1], partitionEpoch=0, replicas=[1], addingReplicas=[], removingReplicas=[], isNew=true, leaderRecoveryState=0) to broker 1 for partition __consumer_offsets-24 (state.change.logger)
product-trace-kafka              | [2026-06-19 02:49:03,807] TRACE [Controller id=1 epoch=1] Sending become-leader LeaderAndIsr request LeaderAndIsrPartitionState(topicName='__consumer_offsets', partitionIndex=20, controllerEpoch=1, leader=1, leaderEpoch=0, isr=[1], partitionEpoch=0, replicas=[1], addingReplicas=[], removingReplicas=[], isNew=true, leaderRecoveryState=0) to broker 1 for partition __consumer_offsets-20 (state.change.logger)
product-trace-kafka              | [2026-06-19 02:49:03,807] TRACE [Controller id=1 epoch=1] Sending become-leader LeaderAndIsr request LeaderAndIsrPartitionState(topicName='__consumer_offsets', partitionIndex=49, controllerEpoch=1, leader=1, leaderEpoch=0, isr=[1], partitionEpoch=0, replicas=[1], addingReplicas=[], removingReplicas=[], isNew=true, leaderRecoveryState=0) to broker 1 for partition __consumer_offsets-49 (state.change.logger)
product-trace-kafka              | [2026-06-19 02:49:03,808] TRACE [Controller id=1 epoch=1] Sending become-leader LeaderAndIsr request LeaderAndIsrPartitionState(topicName='__consumer_offsets', partitionIndex=0, controllerEpoch=1, leader=1, leaderEpoch=0, isr=[1], partitionEpoch=0, replicas=[1], addingReplicas=[], removingReplicas=[], isNew=true, leaderRecoveryState=0) to broker 1 for partition __consumer_offsets-0 (state.change.logger)
product-trace-kafka              | [2026-06-19 02:49:03,808] TRACE [Controller id=1 epoch=1] Sending become-leader LeaderAndIsr request LeaderAndIsrPartitionState(topicName='__consumer_offsets', partitionIndex=29, controllerEpoch=1, leader=1, leaderEpoch=0, isr=[1], partitionEpoch=0, replicas=[1], addingReplicas=[], removingReplicas=[], isNew=true, leaderRecoveryState=0) to broker 1 for partition __consumer_offsets-29 (state.change.logger)
product-trace-kafka              | [2026-06-19 02:49:03,808] TRACE [Controller id=1 epoch=1] Sending become-leader LeaderAndIsr request LeaderAndIsrPartitionState(topicName='__consumer_offsets', partitionIndex=25, controllerEpoch=1, leader=1, leaderEpoch=0, isr=[1], partitionEpoch=0, replicas=[1], addingReplicas=[], removingReplicas=[], isNew=true, leaderRecoveryState=0) to broker 1 for partition __consumer_offsets-25 (state.change.logger)
product-trace-kafka              | [2026-06-19 02:49:03,808] TRACE [Controller id=1 epoch=1] Sending become-leader LeaderAndIsr request LeaderAndIsrPartitionState(topicName='__consumer_offsets', partitionIndex=8, controllerEpoch=1, leader=1, leaderEpoch=0, isr=[1], partitionEpoch=0, replicas=[1], addingReplicas=[], removingReplicas=[], isNew=true, leaderRecoveryState=0) to broker 1 for partition __consumer_offsets-8 (state.change.logger)
product-trace-kafka              | [2026-06-19 02:49:03,808] TRACE [Controller id=1 epoch=1] Sending become-leader LeaderAndIsr request LeaderAndIsrPartitionState(topicName='__consumer_offsets', partitionIndex=37, controllerEpoch=1, leader=1, leaderEpoch=0, isr=[1], partitionEpoch=0, replicas=[1], addingReplicas=[], removingReplicas=[], isNew=true, leaderRecoveryState=0) to broker 1 for partition __consumer_offsets-37 (state.change.logger)
product-trace-kafka              | [2026-06-19 02:49:03,808] TRACE [Controller id=1 epoch=1] Sending become-leader LeaderAndIsr request LeaderAndIsrPartitionState(topicName='__consumer_offsets', partitionIndex=4, controllerEpoch=1, leader=1, leaderEpoch=0, isr=[1], partitionEpoch=0, replicas=[1], addingReplicas=[], removingReplicas=[], isNew=true, leaderRecoveryState=0) to broker 1 for partition __consumer_offsets-4 (state.change.logger)
product-trace-kafka              | [2026-06-19 02:49:03,808] TRACE [Controller id=1 epoch=1] Sending become-leader LeaderAndIsr request LeaderAndIsrPartitionState(topicName='__consumer_offsets', partitionIndex=33, controllerEpoch=1, leader=1, leaderEpoch=0, isr=[1], partitionEpoch=0, replicas=[1], addingReplicas=[], removingReplicas=[], isNew=true, leaderRecoveryState=0) to broker 1 for partition __consumer_offsets-33 (state.change.logger)
product-trace-kafka              | [2026-06-19 02:49:03,808] TRACE [Controller id=1 epoch=1] Sending become-leader LeaderAndIsr request LeaderAndIsrPartitionState(topicName='__consumer_offsets', partitionIndex=15, controllerEpoch=1, leader=1, leaderEpoch=0, isr=[1], partitionEpoch=0, replicas=[1], addingReplicas=[], removingReplicas=[], isNew=true, leaderRecoveryState=0) to broker 1 for partition __consumer_offsets-15 (state.change.logger)
product-trace-kafka              | [2026-06-19 02:49:03,808] TRACE [Controller id=1 epoch=1] Sending become-leader LeaderAndIsr request LeaderAndIsrPartitionState(topicName='__consumer_offsets', partitionIndex=48, controllerEpoch=1, leader=1, leaderEpoch=0, isr=[1], partitionEpoch=0, replicas=[1], addingReplicas=[], removingReplicas=[], isNew=true, leaderRecoveryState=0) to broker 1 for partition __consumer_offsets-48 (state.change.logger)
product-trace-kafka              | [2026-06-19 02:49:03,808] TRACE [Controller id=1 epoch=1] Sending become-leader LeaderAndIsr request LeaderAndIsrPartitionState(topicName='__consumer_offsets', partitionIndex=11, controllerEpoch=1, leader=1, leaderEpoch=0, isr=[1], partitionEpoch=0, replicas=[1], addingReplicas=[], removingReplicas=[], isNew=true, leaderRecoveryState=0) to broker 1 for partition __consumer_offsets-11 (state.change.logger)
product-trace-kafka              | [2026-06-19 02:49:03,808] TRACE [Controller id=1 epoch=1] Sending become-leader LeaderAndIsr request LeaderAndIsrPartitionState(topicName='__consumer_offsets', partitionIndex=44, controllerEpoch=1, leader=1, leaderEpoch=0, isr=[1], partitionEpoch=0, replicas=[1], addingReplicas=[], removingReplicas=[], isNew=true, leaderRecoveryState=0) to broker 1 for partition __consumer_offsets-44 (state.change.logger)
product-trace-kafka              | [2026-06-19 02:49:03,808] TRACE [Controller id=1 epoch=1] Sending become-leader LeaderAndIsr request LeaderAndIsrPartitionState(topicName='__consumer_offsets', partitionIndex=23, controllerEpoch=1, leader=1, leaderEpoch=0, isr=[1], partitionEpoch=0, replicas=[1], addingReplicas=[], removingReplicas=[], isNew=true, leaderRecoveryState=0) to broker 1 for partition __consumer_offsets-23 (state.change.logger)
product-trace-kafka              | [2026-06-19 02:49:03,808] TRACE [Controller id=1 epoch=1] Sending become-leader LeaderAndIsr request LeaderAndIsrPartitionState(topicName='__consumer_offsets', partitionIndex=19, controllerEpoch=1, leader=1, leaderEpoch=0, isr=[1], partitionEpoch=0, replicas=[1], addingReplicas=[], removingReplicas=[], isNew=true, leaderRecoveryState=0) to broker 1 for partition __consumer_offsets-19 (state.change.logger)
product-trace-kafka              | [2026-06-19 02:49:03,808] TRACE [Controller id=1 epoch=1] Sending become-leader LeaderAndIsr request LeaderAndIsrPartitionState(topicName='__consumer_offsets', partitionIndex=32, controllerEpoch=1, leader=1, leaderEpoch=0, isr=[1], partitionEpoch=0, replicas=[1], addingReplicas=[], removingReplicas=[], isNew=true, leaderRecoveryState=0) to broker 1 for partition __consumer_offsets-32 (state.change.logger)
product-trace-kafka              | [2026-06-19 02:49:03,808] TRACE [Controller id=1 epoch=1] Sending become-leader LeaderAndIsr request LeaderAndIsrPartitionState(topicName='__consumer_offsets', partitionIndex=28, controllerEpoch=1, leader=1, leaderEpoch=0, isr=[1], partitionEpoch=0, replicas=[1], addingReplicas=[], removingReplicas=[], isNew=true, leaderRecoveryState=0) to broker 1 for partition __consumer_offsets-28 (state.change.logger)
product-trace-kafka              | [2026-06-19 02:49:03,808] TRACE [Controller id=1 epoch=1] Sending become-leader LeaderAndIsr request LeaderAndIsrPartitionState(topicName='__consumer_offsets', partitionIndex=7, controllerEpoch=1, leader=1, leaderEpoch=0, isr=[1], partitionEpoch=0, replicas=[1], addingReplicas=[], removingReplicas=[], isNew=true, leaderRecoveryState=0) to broker 1 for partition __consumer_offsets-7 (state.change.logger)
product-trace-kafka              | [2026-06-19 02:49:03,808] TRACE [Controller id=1 epoch=1] Sending become-leader LeaderAndIsr request LeaderAndIsrPartitionState(topicName='__consumer_offsets', partitionIndex=40, controllerEpoch=1, leader=1, leaderEpoch=0, isr=[1], partitionEpoch=0, replicas=[1], addingReplicas=[], removingReplicas=[], isNew=true, leaderRecoveryState=0) to broker 1 for partition __consumer_offsets-40 (state.change.logger)
product-trace-kafka              | [2026-06-19 02:49:03,808] TRACE [Controller id=1 epoch=1] Sending become-leader LeaderAndIsr request LeaderAndIsrPartitionState(topicName='__consumer_offsets', partitionIndex=3, controllerEpoch=1, leader=1, leaderEpoch=0, isr=[1], partitionEpoch=0, replicas=[1], addingReplicas=[], removingReplicas=[], isNew=true, leaderRecoveryState=0) to broker 1 for partition __consumer_offsets-3 (state.change.logger)
product-trace-kafka              | [2026-06-19 02:49:03,808] TRACE [Controller id=1 epoch=1] Sending become-leader LeaderAndIsr request LeaderAndIsrPartitionState(topicName='__consumer_offsets', partitionIndex=36, controllerEpoch=1, leader=1, leaderEpoch=0, isr=[1], partitionEpoch=0, replicas=[1], addingReplicas=[], removingReplicas=[], isNew=true, leaderRecoveryState=0) to broker 1 for partition __consumer_offsets-36 (state.change.logger)
product-trace-kafka              | [2026-06-19 02:49:03,809] TRACE [Controller id=1 epoch=1] Sending become-leader LeaderAndIsr request LeaderAndIsrPartitionState(topicName='__consumer_offsets', partitionIndex=47, controllerEpoch=1, leader=1, leaderEpoch=0, isr=[1], partitionEpoch=0, replicas=[1], addingReplicas=[], removingReplicas=[], isNew=true, leaderRecoveryState=0) to broker 1 for partition __consumer_offsets-47 (state.change.logger)
product-trace-kafka              | [2026-06-19 02:49:03,809] TRACE [Controller id=1 epoch=1] Sending become-leader LeaderAndIsr request LeaderAndIsrPartitionState(topicName='__consumer_offsets', partitionIndex=14, controllerEpoch=1, leader=1, leaderEpoch=0, isr=[1], partitionEpoch=0, replicas=[1], addingReplicas=[], removingReplicas=[], isNew=true, leaderRecoveryState=0) to broker 1 for partition __consumer_offsets-14 (state.change.logger)
product-trace-kafka              | [2026-06-19 02:49:03,809] TRACE [Controller id=1 epoch=1] Sending become-leader LeaderAndIsr request LeaderAndIsrPartitionState(topicName='__consumer_offsets', partitionIndex=43, controllerEpoch=1, leader=1, leaderEpoch=0, isr=[1], partitionEpoch=0, replicas=[1], addingReplicas=[], removingReplicas=[], isNew=true, leaderRecoveryState=0) to broker 1 for partition __consumer_offsets-43 (state.change.logger)
product-trace-kafka              | [2026-06-19 02:49:03,809] TRACE [Controller id=1 epoch=1] Sending become-leader LeaderAndIsr request LeaderAndIsrPartitionState(topicName='__consumer_offsets', partitionIndex=10, controllerEpoch=1, leader=1, leaderEpoch=0, isr=[1], partitionEpoch=0, replicas=[1], addingReplicas=[], removingReplicas=[], isNew=true, leaderRecoveryState=0) to broker 1 for partition __consumer_offsets-10 (state.change.logger)
product-trace-kafka              | [2026-06-19 02:49:03,809] TRACE [Controller id=1 epoch=1] Sending become-leader LeaderAndIsr request LeaderAndIsrPartitionState(topicName='__consumer_offsets', partitionIndex=22, controllerEpoch=1, leader=1, leaderEpoch=0, isr=[1], partitionEpoch=0, replicas=[1], addingReplicas=[], removingReplicas=[], isNew=true, leaderRecoveryState=0) to broker 1 for partition __consumer_offsets-22 (state.change.logger)
product-trace-kafka              | [2026-06-19 02:49:03,809] TRACE [Controller id=1 epoch=1] Sending become-leader LeaderAndIsr request LeaderAndIsrPartitionState(topicName='__consumer_offsets', partitionIndex=18, controllerEpoch=1, leader=1, leaderEpoch=0, isr=[1], partitionEpoch=0, replicas=[1], addingReplicas=[], removingReplicas=[], isNew=true, leaderRecoveryState=0) to broker 1 for partition __consumer_offsets-18 (state.change.logger)
product-trace-kafka              | [2026-06-19 02:49:03,809] TRACE [Controller id=1 epoch=1] Sending become-leader LeaderAndIsr request LeaderAndIsrPartitionState(topicName='__consumer_offsets', partitionIndex=31, controllerEpoch=1, leader=1, leaderEpoch=0, isr=[1], partitionEpoch=0, replicas=[1], addingReplicas=[], removingReplicas=[], isNew=true, leaderRecoveryState=0) to broker 1 for partition __consumer_offsets-31 (state.change.logger)
product-trace-kafka              | [2026-06-19 02:49:03,809] TRACE [Controller id=1 epoch=1] Sending become-leader LeaderAndIsr request LeaderAndIsrPartitionState(topicName='__consumer_offsets', partitionIndex=27, controllerEpoch=1, leader=1, leaderEpoch=0, isr=[1], partitionEpoch=0, replicas=[1], addingReplicas=[], removingReplicas=[], isNew=true, leaderRecoveryState=0) to broker 1 for partition __consumer_offsets-27 (state.change.logger)
product-trace-kafka              | [2026-06-19 02:49:03,809] TRACE [Controller id=1 epoch=1] Sending become-leader LeaderAndIsr request LeaderAndIsrPartitionState(topicName='__consumer_offsets', partitionIndex=39, controllerEpoch=1, leader=1, leaderEpoch=0, isr=[1], partitionEpoch=0, replicas=[1], addingReplicas=[], removingReplicas=[], isNew=true, leaderRecoveryState=0) to broker 1 for partition __consumer_offsets-39 (state.change.logger)
product-trace-kafka              | [2026-06-19 02:49:03,809] TRACE [Controller id=1 epoch=1] Sending become-leader LeaderAndIsr request LeaderAndIsrPartitionState(topicName='__consumer_offsets', partitionIndex=6, controllerEpoch=1, leader=1, leaderEpoch=0, isr=[1], partitionEpoch=0, replicas=[1], addingReplicas=[], removingReplicas=[], isNew=true, leaderRecoveryState=0) to broker 1 for partition __consumer_offsets-6 (state.change.logger)
product-trace-kafka              | [2026-06-19 02:49:03,809] TRACE [Controller id=1 epoch=1] Sending become-leader LeaderAndIsr request LeaderAndIsrPartitionState(topicName='__consumer_offsets', partitionIndex=35, controllerEpoch=1, leader=1, leaderEpoch=0, isr=[1], partitionEpoch=0, replicas=[1], addingReplicas=[], removingReplicas=[], isNew=true, leaderRecoveryState=0) to broker 1 for partition __consumer_offsets-35 (state.change.logger)
product-trace-kafka              | [2026-06-19 02:49:03,809] TRACE [Controller id=1 epoch=1] Sending become-leader LeaderAndIsr request LeaderAndIsrPartitionState(topicName='__consumer_offsets', partitionIndex=2, controllerEpoch=1, leader=1, leaderEpoch=0, isr=[1], partitionEpoch=0, replicas=[1], addingReplicas=[], removingReplicas=[], isNew=true, leaderRecoveryState=0) to broker 1 for partition __consumer_offsets-2 (state.change.logger)
product-trace-kafka              | [2026-06-19 02:49:03,809] INFO [Controller id=1 epoch=1] Sending LeaderAndIsr request to broker 1 with 50 become-leader and 0 become-follower partitions (state.change.logger)
product-trace-kafka              | [2026-06-19 02:49:03,814] INFO [Controller id=1 epoch=1] Sending UpdateMetadata request to brokers HashSet(1) for 50 partitions (state.change.logger)
product-trace-kafka              | [2026-06-19 02:49:03,818] INFO [Broker id=1] Handling LeaderAndIsr request correlationId 5 from controller 1 for 50 partitions (state.change.logger)
product-trace-kafka              | [2026-06-19 02:49:03,820] TRACE [Broker id=1] Received LeaderAndIsr request LeaderAndIsrPartitionState(topicName='__consumer_offsets', partitionIndex=13, controllerEpoch=1, leader=1, leaderEpoch=0, isr=[1], partitionEpoch=0, replicas=[1], addingReplicas=[], removingReplicas=[], isNew=true, leaderRecoveryState=0) correlation id 5 from controller 1 epoch 1 (state.change.logger)
product-trace-kafka              | [2026-06-19 02:49:03,820] TRACE [Broker id=1] Received LeaderAndIsr request LeaderAndIsrPartitionState(topicName='__consumer_offsets', partitionIndex=46, controllerEpoch=1, leader=1, leaderEpoch=0, isr=[1], partitionEpoch=0, replicas=[1], addingReplicas=[], removingReplicas=[], isNew=true, leaderRecoveryState=0) correlation id 5 from controller 1 epoch 1 (state.change.logger)
product-trace-kafka              | [2026-06-19 02:49:03,821] TRACE [Broker id=1] Received LeaderAndIsr request LeaderAndIsrPartitionState(topicName='__consumer_offsets', partitionIndex=9, controllerEpoch=1, leader=1, leaderEpoch=0, isr=[1], partitionEpoch=0, replicas=[1], addingReplicas=[], removingReplicas=[], isNew=true, leaderRecoveryState=0) correlation id 5 from controller 1 epoch 1 (state.change.logger)
product-trace-kafka              | [2026-06-19 02:49:03,821] TRACE [Broker id=1] Received LeaderAndIsr request LeaderAndIsrPartitionState(topicName='__consumer_offsets', partitionIndex=42, controllerEpoch=1, leader=1, leaderEpoch=0, isr=[1], partitionEpoch=0, replicas=[1], addingReplicas=[], removingReplicas=[], isNew=true, leaderRecoveryState=0) correlation id 5 from controller 1 epoch 1 (state.change.logger)
product-trace-kafka              | [2026-06-19 02:49:03,821] TRACE [Broker id=1] Received LeaderAndIsr request LeaderAndIsrPartitionState(topicName='__consumer_offsets', partitionIndex=21, controllerEpoch=1, leader=1, leaderEpoch=0, isr=[1], partitionEpoch=0, replicas=[1], addingReplicas=[], removingReplicas=[], isNew=true, leaderRecoveryState=0) correlation id 5 from controller 1 epoch 1 (state.change.logger)
product-trace-kafka              | [2026-06-19 02:49:03,821] TRACE [Broker id=1] Received LeaderAndIsr request LeaderAndIsrPartitionState(topicName='__consumer_offsets', partitionIndex=17, controllerEpoch=1, leader=1, leaderEpoch=0, isr=[1], partitionEpoch=0, replicas=[1], addingReplicas=[], removingReplicas=[], isNew=true, leaderRecoveryState=0) correlation id 5 from controller 1 epoch 1 (state.change.logger)
product-trace-kafka              | [2026-06-19 02:49:03,821] TRACE [Broker id=1] Received LeaderAndIsr request LeaderAndIsrPartitionState(topicName='__consumer_offsets', partitionIndex=30, controllerEpoch=1, leader=1, leaderEpoch=0, isr=[1], partitionEpoch=0, replicas=[1], addingReplicas=[], removingReplicas=[], isNew=true, leaderRecoveryState=0) correlation id 5 from controller 1 epoch 1 (state.change.logger)
product-trace-kafka              | [2026-06-19 02:49:03,821] TRACE [Broker id=1] Received LeaderAndIsr request LeaderAndIsrPartitionState(topicName='__consumer_offsets', partitionIndex=26, controllerEpoch=1, leader=1, leaderEpoch=0, isr=[1], partitionEpoch=0, replicas=[1], addingReplicas=[], removingReplicas=[], isNew=true, leaderRecoveryState=0) correlation id 5 from controller 1 epoch 1 (state.change.logger)
product-trace-kafka              | [2026-06-19 02:49:03,821] TRACE [Broker id=1] Received LeaderAndIsr request LeaderAndIsrPartitionState(topicName='__consumer_offsets', partitionIndex=5, controllerEpoch=1, leader=1, leaderEpoch=0, isr=[1], partitionEpoch=0, replicas=[1], addingReplicas=[], removingReplicas=[], isNew=true, leaderRecoveryState=0) correlation id 5 from controller 1 epoch 1 (state.change.logger)
product-trace-kafka              | [2026-06-19 02:49:03,821] TRACE [Broker id=1] Received LeaderAndIsr request LeaderAndIsrPartitionState(topicName='__consumer_offsets', partitionIndex=38, controllerEpoch=1, leader=1, leaderEpoch=0, isr=[1], partitionEpoch=0, replicas=[1], addingReplicas=[], removingReplicas=[], isNew=true, leaderRecoveryState=0) correlation id 5 from controller 1 epoch 1 (state.change.logger)
product-trace-kafka              | [2026-06-19 02:49:03,821] TRACE [Broker id=1] Received LeaderAndIsr request LeaderAndIsrPartitionState(topicName='__consumer_offsets', partitionIndex=1, controllerEpoch=1, leader=1, leaderEpoch=0, isr=[1], partitionEpoch=0, replicas=[1], addingReplicas=[], removingReplicas=[], isNew=true, leaderRecoveryState=0) correlation id 5 from controller 1 epoch 1 (state.change.logger)
product-trace-kafka              | [2026-06-19 02:49:03,821] TRACE [Broker id=1] Received LeaderAndIsr request LeaderAndIsrPartitionState(topicName='__consumer_offsets', partitionIndex=34, controllerEpoch=1, leader=1, leaderEpoch=0, isr=[1], partitionEpoch=0, replicas=[1], addingReplicas=[], removingReplicas=[], isNew=true, leaderRecoveryState=0) correlation id 5 from controller 1 epoch 1 (state.change.logger)
product-trace-kafka              | [2026-06-19 02:49:03,821] TRACE [Broker id=1] Received LeaderAndIsr request LeaderAndIsrPartitionState(topicName='__consumer_offsets', partitionIndex=16, controllerEpoch=1, leader=1, leaderEpoch=0, isr=[1], partitionEpoch=0, replicas=[1], addingReplicas=[], removingReplicas=[], isNew=true, leaderRecoveryState=0) correlation id 5 from controller 1 epoch 1 (state.change.logger)
product-trace-kafka              | [2026-06-19 02:49:03,821] TRACE [Broker id=1] Received LeaderAndIsr request LeaderAndIsrPartitionState(topicName='__consumer_offsets', partitionIndex=45, controllerEpoch=1, leader=1, leaderEpoch=0, isr=[1], partitionEpoch=0, replicas=[1], addingReplicas=[], removingReplicas=[], isNew=true, leaderRecoveryState=0) correlation id 5 from controller 1 epoch 1 (state.change.logger)
product-trace-kafka              | [2026-06-19 02:49:03,822] TRACE [Broker id=1] Received LeaderAndIsr request LeaderAndIsrPartitionState(topicName='__consumer_offsets', partitionIndex=12, controllerEpoch=1, leader=1, leaderEpoch=0, isr=[1], partitionEpoch=0, replicas=[1], addingReplicas=[], removingReplicas=[], isNew=true, leaderRecoveryState=0) correlation id 5 from controller 1 epoch 1 (state.change.logger)
product-trace-kafka              | [2026-06-19 02:49:03,822] TRACE [Broker id=1] Received LeaderAndIsr request LeaderAndIsrPartitionState(topicName='__consumer_offsets', partitionIndex=41, controllerEpoch=1, leader=1, leaderEpoch=0, isr=[1], partitionEpoch=0, replicas=[1], addingReplicas=[], removingReplicas=[], isNew=true, leaderRecoveryState=0) correlation id 5 from controller 1 epoch 1 (state.change.logger)
product-trace-kafka              | [2026-06-19 02:49:03,822] TRACE [Broker id=1] Received LeaderAndIsr request LeaderAndIsrPartitionState(topicName='__consumer_offsets', partitionIndex=24, controllerEpoch=1, leader=1, leaderEpoch=0, isr=[1], partitionEpoch=0, replicas=[1], addingReplicas=[], removingReplicas=[], isNew=true, leaderRecoveryState=0) correlation id 5 from controller 1 epoch 1 (state.change.logger)
product-trace-kafka              | [2026-06-19 02:49:03,822] TRACE [Broker id=1] Received LeaderAndIsr request LeaderAndIsrPartitionState(topicName='__consumer_offsets', partitionIndex=20, controllerEpoch=1, leader=1, leaderEpoch=0, isr=[1], partitionEpoch=0, replicas=[1], addingReplicas=[], removingReplicas=[], isNew=true, leaderRecoveryState=0) correlation id 5 from controller 1 epoch 1 (state.change.logger)
product-trace-kafka              | [2026-06-19 02:49:03,822] TRACE [Broker id=1] Received LeaderAndIsr request LeaderAndIsrPartitionState(topicName='__consumer_offsets', partitionIndex=49, controllerEpoch=1, leader=1, leaderEpoch=0, isr=[1], partitionEpoch=0, replicas=[1], addingReplicas=[], removingReplicas=[], isNew=true, leaderRecoveryState=0) correlation id 5 from controller 1 epoch 1 (state.change.logger)
product-trace-kafka              | [2026-06-19 02:49:03,822] TRACE [Broker id=1] Received LeaderAndIsr request LeaderAndIsrPartitionState(topicName='__consumer_offsets', partitionIndex=0, controllerEpoch=1, leader=1, leaderEpoch=0, isr=[1], partitionEpoch=0, replicas=[1], addingReplicas=[], removingReplicas=[], isNew=true, leaderRecoveryState=0) correlation id 5 from controller 1 epoch 1 (state.change.logger)
product-trace-kafka              | [2026-06-19 02:49:03,822] TRACE [Broker id=1] Received LeaderAndIsr request LeaderAndIsrPartitionState(topicName='__consumer_offsets', partitionIndex=29, controllerEpoch=1, leader=1, leaderEpoch=0, isr=[1], partitionEpoch=0, replicas=[1], addingReplicas=[], removingReplicas=[], isNew=true, leaderRecoveryState=0) correlation id 5 from controller 1 epoch 1 (state.change.logger)
product-trace-kafka              | [2026-06-19 02:49:03,822] TRACE [Broker id=1] Received LeaderAndIsr request LeaderAndIsrPartitionState(topicName='__consumer_offsets', partitionIndex=25, controllerEpoch=1, leader=1, leaderEpoch=0, isr=[1], partitionEpoch=0, replicas=[1], addingReplicas=[], removingReplicas=[], isNew=true, leaderRecoveryState=0) correlation id 5 from controller 1 epoch 1 (state.change.logger)
product-trace-kafka              | [2026-06-19 02:49:03,822] TRACE [Broker id=1] Received LeaderAndIsr request LeaderAndIsrPartitionState(topicName='__consumer_offsets', partitionIndex=8, controllerEpoch=1, leader=1, leaderEpoch=0, isr=[1], partitionEpoch=0, replicas=[1], addingReplicas=[], removingReplicas=[], isNew=true, leaderRecoveryState=0) correlation id 5 from controller 1 epoch 1 (state.change.logger)
product-trace-kafka              | [2026-06-19 02:49:03,822] TRACE [Broker id=1] Received LeaderAndIsr request LeaderAndIsrPartitionState(topicName='__consumer_offsets', partitionIndex=37, controllerEpoch=1, leader=1, leaderEpoch=0, isr=[1], partitionEpoch=0, replicas=[1], addingReplicas=[], removingReplicas=[], isNew=true, leaderRecoveryState=0) correlation id 5 from controller 1 epoch 1 (state.change.logger)
product-trace-kafka              | [2026-06-19 02:49:03,822] TRACE [Broker id=1] Received LeaderAndIsr request LeaderAndIsrPartitionState(topicName='__consumer_offsets', partitionIndex=4, controllerEpoch=1, leader=1, leaderEpoch=0, isr=[1], partitionEpoch=0, replicas=[1], addingReplicas=[], removingReplicas=[], isNew=true, leaderRecoveryState=0) correlation id 5 from controller 1 epoch 1 (state.change.logger)
product-trace-kafka              | [2026-06-19 02:49:03,822] TRACE [Broker id=1] Received LeaderAndIsr request LeaderAndIsrPartitionState(topicName='__consumer_offsets', partitionIndex=33, controllerEpoch=1, leader=1, leaderEpoch=0, isr=[1], partitionEpoch=0, replicas=[1], addingReplicas=[], removingReplicas=[], isNew=true, leaderRecoveryState=0) correlation id 5 from controller 1 epoch 1 (state.change.logger)
product-trace-kafka              | [2026-06-19 02:49:03,822] TRACE [Broker id=1] Received LeaderAndIsr request LeaderAndIsrPartitionState(topicName='__consumer_offsets', partitionIndex=15, controllerEpoch=1, leader=1, leaderEpoch=0, isr=[1], partitionEpoch=0, replicas=[1], addingReplicas=[], removingReplicas=[], isNew=true, leaderRecoveryState=0) correlation id 5 from controller 1 epoch 1 (state.change.logger)
product-trace-kafka              | [2026-06-19 02:49:03,822] TRACE [Broker id=1] Received LeaderAndIsr request LeaderAndIsrPartitionState(topicName='__consumer_offsets', partitionIndex=48, controllerEpoch=1, leader=1, leaderEpoch=0, isr=[1], partitionEpoch=0, replicas=[1], addingReplicas=[], removingReplicas=[], isNew=true, leaderRecoveryState=0) correlation id 5 from controller 1 epoch 1 (state.change.logger)
product-trace-kafka              | [2026-06-19 02:49:03,822] TRACE [Broker id=1] Received LeaderAndIsr request LeaderAndIsrPartitionState(topicName='__consumer_offsets', partitionIndex=11, controllerEpoch=1, leader=1, leaderEpoch=0, isr=[1], partitionEpoch=0, replicas=[1], addingReplicas=[], removingReplicas=[], isNew=true, leaderRecoveryState=0) correlation id 5 from controller 1 epoch 1 (state.change.logger)
product-trace-kafka              | [2026-06-19 02:49:03,822] TRACE [Broker id=1] Received LeaderAndIsr request LeaderAndIsrPartitionState(topicName='__consumer_offsets', partitionIndex=44, controllerEpoch=1, leader=1, leaderEpoch=0, isr=[1], partitionEpoch=0, replicas=[1], addingReplicas=[], removingReplicas=[], isNew=true, leaderRecoveryState=0) correlation id 5 from controller 1 epoch 1 (state.change.logger)
product-trace-kafka              | [2026-06-19 02:49:03,822] TRACE [Controller id=1 epoch=1] Changed state of replica 1 for partition __consumer_offsets-32 from NewReplica to OnlineReplica (state.change.logger)
product-trace-kafka              | [2026-06-19 02:49:03,822] TRACE [Broker id=1] Received LeaderAndIsr request LeaderAndIsrPartitionState(topicName='__consumer_offsets', partitionIndex=23, controllerEpoch=1, leader=1, leaderEpoch=0, isr=[1], partitionEpoch=0, replicas=[1], addingReplicas=[], removingReplicas=[], isNew=true, leaderRecoveryState=0) correlation id 5 from controller 1 epoch 1 (state.change.logger)
product-trace-kafka              | [2026-06-19 02:49:03,822] TRACE [Controller id=1 epoch=1] Changed state of replica 1 for partition __consumer_offsets-5 from NewReplica to OnlineReplica (state.change.logger)
product-trace-kafka              | [2026-06-19 02:49:03,822] TRACE [Broker id=1] Received LeaderAndIsr request LeaderAndIsrPartitionState(topicName='__consumer_offsets', partitionIndex=19, controllerEpoch=1, leader=1, leaderEpoch=0, isr=[1], partitionEpoch=0, replicas=[1], addingReplicas=[], removingReplicas=[], isNew=true, leaderRecoveryState=0) correlation id 5 from controller 1 epoch 1 (state.change.logger)
product-trace-kafka              | [2026-06-19 02:49:03,822] TRACE [Controller id=1 epoch=1] Changed state of replica 1 for partition __consumer_offsets-44 from NewReplica to OnlineReplica (state.change.logger)
product-trace-kafka              | [2026-06-19 02:49:03,822] TRACE [Broker id=1] Received LeaderAndIsr request LeaderAndIsrPartitionState(topicName='__consumer_offsets', partitionIndex=32, controllerEpoch=1, leader=1, leaderEpoch=0, isr=[1], partitionEpoch=0, replicas=[1], addingReplicas=[], removingReplicas=[], isNew=true, leaderRecoveryState=0) correlation id 5 from controller 1 epoch 1 (state.change.logger)
product-trace-kafka              | [2026-06-19 02:49:03,822] TRACE [Controller id=1 epoch=1] Changed state of replica 1 for partition __consumer_offsets-48 from NewReplica to OnlineReplica (state.change.logger)
product-trace-kafka              | [2026-06-19 02:49:03,822] TRACE [Broker id=1] Received LeaderAndIsr request LeaderAndIsrPartitionState(topicName='__consumer_offsets', partitionIndex=28, controllerEpoch=1, leader=1, leaderEpoch=0, isr=[1], partitionEpoch=0, replicas=[1], addingReplicas=[], removingReplicas=[], isNew=true, leaderRecoveryState=0) correlation id 5 from controller 1 epoch 1 (state.change.logger)
product-trace-kafka              | [2026-06-19 02:49:03,822] TRACE [Controller id=1 epoch=1] Changed state of replica 1 for partition __consumer_offsets-46 from NewReplica to OnlineReplica (state.change.logger)
product-trace-kafka              | [2026-06-19 02:49:03,822] TRACE [Broker id=1] Received LeaderAndIsr request LeaderAndIsrPartitionState(topicName='__consumer_offsets', partitionIndex=7, controllerEpoch=1, leader=1, leaderEpoch=0, isr=[1], partitionEpoch=0, replicas=[1], addingReplicas=[], removingReplicas=[], isNew=true, leaderRecoveryState=0) correlation id 5 from controller 1 epoch 1 (state.change.logger)
product-trace-kafka              | [2026-06-19 02:49:03,822] TRACE [Controller id=1 epoch=1] Changed state of replica 1 for partition __consumer_offsets-20 from NewReplica to OnlineReplica (state.change.logger)
product-trace-kafka              | [2026-06-19 02:49:03,822] TRACE [Broker id=1] Received LeaderAndIsr request LeaderAndIsrPartitionState(topicName='__consumer_offsets', partitionIndex=40, controllerEpoch=1, leader=1, leaderEpoch=0, isr=[1], partitionEpoch=0, replicas=[1], addingReplicas=[], removingReplicas=[], isNew=true, leaderRecoveryState=0) correlation id 5 from controller 1 epoch 1 (state.change.logger)
product-trace-kafka              | [2026-06-19 02:49:03,823] TRACE [Controller id=1 epoch=1] Changed state of replica 1 for partition __consumer_offsets-43 from NewReplica to OnlineReplica (state.change.logger)
product-trace-kafka              | [2026-06-19 02:49:03,823] TRACE [Broker id=1] Received LeaderAndIsr request LeaderAndIsrPartitionState(topicName='__consumer_offsets', partitionIndex=3, controllerEpoch=1, leader=1, leaderEpoch=0, isr=[1], partitionEpoch=0, replicas=[1], addingReplicas=[], removingReplicas=[], isNew=true, leaderRecoveryState=0) correlation id 5 from controller 1 epoch 1 (state.change.logger)
product-trace-kafka              | [2026-06-19 02:49:03,823] TRACE [Broker id=1] Received LeaderAndIsr request LeaderAndIsrPartitionState(topicName='__consumer_offsets', partitionIndex=36, controllerEpoch=1, leader=1, leaderEpoch=0, isr=[1], partitionEpoch=0, replicas=[1], addingReplicas=[], removingReplicas=[], isNew=true, leaderRecoveryState=0) correlation id 5 from controller 1 epoch 1 (state.change.logger)
product-trace-kafka              | [2026-06-19 02:49:03,823] TRACE [Controller id=1 epoch=1] Changed state of replica 1 for partition __consumer_offsets-24 from NewReplica to OnlineReplica (state.change.logger)
product-trace-kafka              | [2026-06-19 02:49:03,823] TRACE [Broker id=1] Received LeaderAndIsr request LeaderAndIsrPartitionState(topicName='__consumer_offsets', partitionIndex=47, controllerEpoch=1, leader=1, leaderEpoch=0, isr=[1], partitionEpoch=0, replicas=[1], addingReplicas=[], removingReplicas=[], isNew=true, leaderRecoveryState=0) correlation id 5 from controller 1 epoch 1 (state.change.logger)
product-trace-kafka              | [2026-06-19 02:49:03,823] TRACE [Controller id=1 epoch=1] Changed state of replica 1 for partition __consumer_offsets-6 from NewReplica to OnlineReplica (state.change.logger)
product-trace-kafka              | [2026-06-19 02:49:03,823] TRACE [Broker id=1] Received LeaderAndIsr request LeaderAndIsrPartitionState(topicName='__consumer_offsets', partitionIndex=14, controllerEpoch=1, leader=1, leaderEpoch=0, isr=[1], partitionEpoch=0, replicas=[1], addingReplicas=[], removingReplicas=[], isNew=true, leaderRecoveryState=0) correlation id 5 from controller 1 epoch 1 (state.change.logger)
product-trace-kafka              | [2026-06-19 02:49:03,823] TRACE [Controller id=1 epoch=1] Changed state of replica 1 for partition __consumer_offsets-18 from NewReplica to OnlineReplica (state.change.logger)
product-trace-kafka              | [2026-06-19 02:49:03,823] TRACE [Broker id=1] Received LeaderAndIsr request LeaderAndIsrPartitionState(topicName='__consumer_offsets', partitionIndex=43, controllerEpoch=1, leader=1, leaderEpoch=0, isr=[1], partitionEpoch=0, replicas=[1], addingReplicas=[], removingReplicas=[], isNew=true, leaderRecoveryState=0) correlation id 5 from controller 1 epoch 1 (state.change.logger)
product-trace-kafka              | [2026-06-19 02:49:03,823] TRACE [Broker id=1] Received LeaderAndIsr request LeaderAndIsrPartitionState(topicName='__consumer_offsets', partitionIndex=10, controllerEpoch=1, leader=1, leaderEpoch=0, isr=[1], partitionEpoch=0, replicas=[1], addingReplicas=[], removingReplicas=[], isNew=true, leaderRecoveryState=0) correlation id 5 from controller 1 epoch 1 (state.change.logger)
product-trace-kafka              | [2026-06-19 02:49:03,823] TRACE [Controller id=1 epoch=1] Changed state of replica 1 for partition __consumer_offsets-21 from NewReplica to OnlineReplica (state.change.logger)
product-trace-kafka              | [2026-06-19 02:49:03,823] TRACE [Broker id=1] Received LeaderAndIsr request LeaderAndIsrPartitionState(topicName='__consumer_offsets', partitionIndex=22, controllerEpoch=1, leader=1, leaderEpoch=0, isr=[1], partitionEpoch=0, replicas=[1], addingReplicas=[], removingReplicas=[], isNew=true, leaderRecoveryState=0) correlation id 5 from controller 1 epoch 1 (state.change.logger)
product-trace-kafka              | [2026-06-19 02:49:03,824] TRACE [Broker id=1] Received LeaderAndIsr request LeaderAndIsrPartitionState(topicName='__consumer_offsets', partitionIndex=18, controllerEpoch=1, leader=1, leaderEpoch=0, isr=[1], partitionEpoch=0, replicas=[1], addingReplicas=[], removingReplicas=[], isNew=true, leaderRecoveryState=0) correlation id 5 from controller 1 epoch 1 (state.change.logger)
product-trace-kafka              | [2026-06-19 02:49:03,824] TRACE [Broker id=1] Received LeaderAndIsr request LeaderAndIsrPartitionState(topicName='__consumer_offsets', partitionIndex=31, controllerEpoch=1, leader=1, leaderEpoch=0, isr=[1], partitionEpoch=0, replicas=[1], addingReplicas=[], removingReplicas=[], isNew=true, leaderRecoveryState=0) correlation id 5 from controller 1 epoch 1 (state.change.logger)
product-trace-kafka              | [2026-06-19 02:49:03,824] TRACE [Broker id=1] Received LeaderAndIsr request LeaderAndIsrPartitionState(topicName='__consumer_offsets', partitionIndex=27, controllerEpoch=1, leader=1, leaderEpoch=0, isr=[1], partitionEpoch=0, replicas=[1], addingReplicas=[], removingReplicas=[], isNew=true, leaderRecoveryState=0) correlation id 5 from controller 1 epoch 1 (state.change.logger)
product-trace-kafka              | [2026-06-19 02:49:03,824] TRACE [Broker id=1] Received LeaderAndIsr request LeaderAndIsrPartitionState(topicName='__consumer_offsets', partitionIndex=39, controllerEpoch=1, leader=1, leaderEpoch=0, isr=[1], partitionEpoch=0, replicas=[1], addingReplicas=[], removingReplicas=[], isNew=true, leaderRecoveryState=0) correlation id 5 from controller 1 epoch 1 (state.change.logger)
product-trace-kafka              | [2026-06-19 02:49:03,824] TRACE [Broker id=1] Received LeaderAndIsr request LeaderAndIsrPartitionState(topicName='__consumer_offsets', partitionIndex=6, controllerEpoch=1, leader=1, leaderEpoch=0, isr=[1], partitionEpoch=0, replicas=[1], addingReplicas=[], removingReplicas=[], isNew=true, leaderRecoveryState=0) correlation id 5 from controller 1 epoch 1 (state.change.logger)
product-trace-kafka              | [2026-06-19 02:49:03,824] TRACE [Broker id=1] Received LeaderAndIsr request LeaderAndIsrPartitionState(topicName='__consumer_offsets', partitionIndex=35, controllerEpoch=1, leader=1, leaderEpoch=0, isr=[1], partitionEpoch=0, replicas=[1], addingReplicas=[], removingReplicas=[], isNew=true, leaderRecoveryState=0) correlation id 5 from controller 1 epoch 1 (state.change.logger)
product-trace-kafka              | [2026-06-19 02:49:03,824] TRACE [Broker id=1] Received LeaderAndIsr request LeaderAndIsrPartitionState(topicName='__consumer_offsets', partitionIndex=2, controllerEpoch=1, leader=1, leaderEpoch=0, isr=[1], partitionEpoch=0, replicas=[1], addingReplicas=[], removingReplicas=[], isNew=true, leaderRecoveryState=0) correlation id 5 from controller 1 epoch 1 (state.change.logger)
product-trace-kafka              | [2026-06-19 02:49:03,823] TRACE [Controller id=1 epoch=1] Changed state of replica 1 for partition __consumer_offsets-1 from NewReplica to OnlineReplica (state.change.logger)
product-trace-kafka              | [2026-06-19 02:49:03,825] TRACE [Controller id=1 epoch=1] Changed state of replica 1 for partition __consumer_offsets-14 from NewReplica to OnlineReplica (state.change.logger)
product-trace-kafka              | [2026-06-19 02:49:03,825] TRACE [Controller id=1 epoch=1] Changed state of replica 1 for partition __consumer_offsets-34 from NewReplica to OnlineReplica (state.change.logger)
product-trace-kafka              | [2026-06-19 02:49:03,825] TRACE [Controller id=1 epoch=1] Changed state of replica 1 for partition __consumer_offsets-16 from NewReplica to OnlineReplica (state.change.logger)
product-trace-kafka              | [2026-06-19 02:49:03,825] TRACE [Controller id=1 epoch=1] Changed state of replica 1 for partition __consumer_offsets-29 from NewReplica to OnlineReplica (state.change.logger)
product-trace-kafka              | [2026-06-19 02:49:03,825] TRACE [Controller id=1 epoch=1] Changed state of replica 1 for partition __consumer_offsets-11 from NewReplica to OnlineReplica (state.change.logger)
product-trace-kafka              | [2026-06-19 02:49:03,825] TRACE [Controller id=1 epoch=1] Changed state of replica 1 for partition __consumer_offsets-0 from NewReplica to OnlineReplica (state.change.logger)
product-trace-kafka              | [2026-06-19 02:49:03,825] TRACE [Controller id=1 epoch=1] Changed state of replica 1 for partition __consumer_offsets-22 from NewReplica to OnlineReplica (state.change.logger)
product-trace-kafka              | [2026-06-19 02:49:03,825] TRACE [Controller id=1 epoch=1] Changed state of replica 1 for partition __consumer_offsets-47 from NewReplica to OnlineReplica (state.change.logger)
product-trace-kafka              | [2026-06-19 02:49:03,825] TRACE [Controller id=1 epoch=1] Changed state of replica 1 for partition __consumer_offsets-36 from NewReplica to OnlineReplica (state.change.logger)
product-trace-kafka              | [2026-06-19 02:49:03,825] TRACE [Controller id=1 epoch=1] Changed state of replica 1 for partition __consumer_offsets-28 from NewReplica to OnlineReplica (state.change.logger)
product-trace-kafka              | [2026-06-19 02:49:03,825] TRACE [Controller id=1 epoch=1] Changed state of replica 1 for partition __consumer_offsets-42 from NewReplica to OnlineReplica (state.change.logger)
product-trace-kafka              | [2026-06-19 02:49:03,825] TRACE [Controller id=1 epoch=1] Changed state of replica 1 for partition __consumer_offsets-9 from NewReplica to OnlineReplica (state.change.logger)
product-trace-kafka              | [2026-06-19 02:49:03,825] TRACE [Controller id=1 epoch=1] Changed state of replica 1 for partition __consumer_offsets-37 from NewReplica to OnlineReplica (state.change.logger)
product-trace-kafka              | [2026-06-19 02:49:03,825] TRACE [Controller id=1 epoch=1] Changed state of replica 1 for partition __consumer_offsets-13 from NewReplica to OnlineReplica (state.change.logger)
product-trace-kafka              | [2026-06-19 02:49:03,825] TRACE [Controller id=1 epoch=1] Changed state of replica 1 for partition __consumer_offsets-30 from NewReplica to OnlineReplica (state.change.logger)
product-trace-kafka              | [2026-06-19 02:49:03,827] TRACE [Controller id=1 epoch=1] Changed state of replica 1 for partition __consumer_offsets-35 from NewReplica to OnlineReplica (state.change.logger)
product-trace-kafka              | [2026-06-19 02:49:03,827] TRACE [Controller id=1 epoch=1] Changed state of replica 1 for partition __consumer_offsets-39 from NewReplica to OnlineReplica (state.change.logger)
product-trace-kafka              | [2026-06-19 02:49:03,827] TRACE [Controller id=1 epoch=1] Changed state of replica 1 for partition __consumer_offsets-12 from NewReplica to OnlineReplica (state.change.logger)
product-trace-kafka              | [2026-06-19 02:49:03,827] TRACE [Controller id=1 epoch=1] Changed state of replica 1 for partition __consumer_offsets-27 from NewReplica to OnlineReplica (state.change.logger)
product-trace-kafka              | [2026-06-19 02:49:03,827] TRACE [Controller id=1 epoch=1] Changed state of replica 1 for partition __consumer_offsets-45 from NewReplica to OnlineReplica (state.change.logger)
product-trace-kafka              | [2026-06-19 02:49:03,827] TRACE [Controller id=1 epoch=1] Changed state of replica 1 for partition __consumer_offsets-19 from NewReplica to OnlineReplica (state.change.logger)
product-trace-kafka              | [2026-06-19 02:49:03,827] TRACE [Controller id=1 epoch=1] Changed state of replica 1 for partition __consumer_offsets-49 from NewReplica to OnlineReplica (state.change.logger)
product-trace-kafka              | [2026-06-19 02:49:03,827] TRACE [Controller id=1 epoch=1] Changed state of replica 1 for partition __consumer_offsets-40 from NewReplica to OnlineReplica (state.change.logger)
product-trace-kafka              | [2026-06-19 02:49:03,827] TRACE [Controller id=1 epoch=1] Changed state of replica 1 for partition __consumer_offsets-41 from NewReplica to OnlineReplica (state.change.logger)
product-trace-kafka              | [2026-06-19 02:49:03,827] TRACE [Controller id=1 epoch=1] Changed state of replica 1 for partition __consumer_offsets-38 from NewReplica to OnlineReplica (state.change.logger)
product-trace-kafka              | [2026-06-19 02:49:03,827] TRACE [Controller id=1 epoch=1] Changed state of replica 1 for partition __consumer_offsets-8 from NewReplica to OnlineReplica (state.change.logger)
product-trace-kafka              | [2026-06-19 02:49:03,827] TRACE [Controller id=1 epoch=1] Changed state of replica 1 for partition __consumer_offsets-7 from NewReplica to OnlineReplica (state.change.logger)
product-trace-kafka              | [2026-06-19 02:49:03,827] TRACE [Controller id=1 epoch=1] Changed state of replica 1 for partition __consumer_offsets-33 from NewReplica to OnlineReplica (state.change.logger)
product-trace-kafka              | [2026-06-19 02:49:03,827] TRACE [Controller id=1 epoch=1] Changed state of replica 1 for partition __consumer_offsets-25 from NewReplica to OnlineReplica (state.change.logger)
product-trace-kafka              | [2026-06-19 02:49:03,827] TRACE [Controller id=1 epoch=1] Changed state of replica 1 for partition __consumer_offsets-31 from NewReplica to OnlineReplica (state.change.logger)
product-trace-kafka              | [2026-06-19 02:49:03,828] TRACE [Controller id=1 epoch=1] Changed state of replica 1 for partition __consumer_offsets-23 from NewReplica to OnlineReplica (state.change.logger)
product-trace-kafka              | [2026-06-19 02:49:03,828] TRACE [Controller id=1 epoch=1] Changed state of replica 1 for partition __consumer_offsets-10 from NewReplica to OnlineReplica (state.change.logger)
product-trace-kafka              | [2026-06-19 02:49:03,828] TRACE [Controller id=1 epoch=1] Changed state of replica 1 for partition __consumer_offsets-2 from NewReplica to OnlineReplica (state.change.logger)
product-trace-kafka              | [2026-06-19 02:49:03,828] TRACE [Controller id=1 epoch=1] Changed state of replica 1 for partition __consumer_offsets-17 from NewReplica to OnlineReplica (state.change.logger)
product-trace-kafka              | [2026-06-19 02:49:03,828] TRACE [Controller id=1 epoch=1] Changed state of replica 1 for partition __consumer_offsets-4 from NewReplica to OnlineReplica (state.change.logger)
product-trace-kafka              | [2026-06-19 02:49:03,828] TRACE [Controller id=1 epoch=1] Changed state of replica 1 for partition __consumer_offsets-15 from NewReplica to OnlineReplica (state.change.logger)
product-trace-kafka              | [2026-06-19 02:49:03,828] TRACE [Controller id=1 epoch=1] Changed state of replica 1 for partition __consumer_offsets-26 from NewReplica to OnlineReplica (state.change.logger)
product-trace-kafka              | [2026-06-19 02:49:03,828] TRACE [Controller id=1 epoch=1] Changed state of replica 1 for partition __consumer_offsets-3 from NewReplica to OnlineReplica (state.change.logger)
product-trace-kafka              | [2026-06-19 02:49:03,828] INFO [Controller id=1 epoch=1] Sending UpdateMetadata request to brokers HashSet() for 0 partitions (state.change.logger)
nest-ai-service                  | [31m[Nest] 1  - [39m06/19/2026, 2:49:03 AM [31m  ERROR[39m [38;5;3m[ServerKafka] [39m[31mERROR [Connection] Response GroupCoordinator(key: 10, version: 2) {"timestamp":"2026-06-19T02:49:03.872Z","logger":"kafkajs","broker":"kafka:9092","clientId":"nest-ai-service-server","error":"The group coordinator is not available","correlationId":4,"size":55}[39m
product-trace-kafka              | [2026-06-19 02:49:03,876] TRACE [Broker id=1] Handling LeaderAndIsr request correlationId 5 from controller 1 epoch 1 starting the become-leader transition for partition __consumer_offsets-3 (state.change.logger)
product-trace-kafka              | [2026-06-19 02:49:03,877] TRACE [Broker id=1] Handling LeaderAndIsr request correlationId 5 from controller 1 epoch 1 starting the become-leader transition for partition __consumer_offsets-18 (state.change.logger)
product-trace-kafka              | [2026-06-19 02:49:03,877] TRACE [Broker id=1] Handling LeaderAndIsr request correlationId 5 from controller 1 epoch 1 starting the become-leader transition for partition __consumer_offsets-41 (state.change.logger)
product-trace-kafka              | [2026-06-19 02:49:03,877] TRACE [Broker id=1] Handling LeaderAndIsr request correlationId 5 from controller 1 epoch 1 starting the become-leader transition for partition __consumer_offsets-10 (state.change.logger)
product-trace-kafka              | [2026-06-19 02:49:03,877] TRACE [Broker id=1] Handling LeaderAndIsr request correlationId 5 from controller 1 epoch 1 starting the become-leader transition for partition __consumer_offsets-33 (state.change.logger)
product-trace-kafka              | [2026-06-19 02:49:03,880] TRACE [Broker id=1] Handling LeaderAndIsr request correlationId 5 from controller 1 epoch 1 starting the become-leader transition for partition __consumer_offsets-48 (state.change.logger)
product-trace-kafka              | [2026-06-19 02:49:03,881] TRACE [Broker id=1] Handling LeaderAndIsr request correlationId 5 from controller 1 epoch 1 starting the become-leader transition for partition __consumer_offsets-19 (state.change.logger)
product-trace-kafka              | [2026-06-19 02:49:03,882] TRACE [Broker id=1] Handling LeaderAndIsr request correlationId 5 from controller 1 epoch 1 starting the become-leader transition for partition __consumer_offsets-34 (state.change.logger)
product-trace-kafka              | [2026-06-19 02:49:03,884] TRACE [Broker id=1] Handling LeaderAndIsr request correlationId 5 from controller 1 epoch 1 starting the become-leader transition for partition __consumer_offsets-4 (state.change.logger)
product-trace-kafka              | [2026-06-19 02:49:03,886] TRACE [Broker id=1] Handling LeaderAndIsr request correlationId 5 from controller 1 epoch 1 starting the become-leader transition for partition __consumer_offsets-11 (state.change.logger)
product-trace-kafka              | [2026-06-19 02:49:03,887] TRACE [Broker id=1] Handling LeaderAndIsr request correlationId 5 from controller 1 epoch 1 starting the become-leader transition for partition __consumer_offsets-26 (state.change.logger)
product-trace-kafka              | [2026-06-19 02:49:03,887] TRACE [Broker id=1] Handling LeaderAndIsr request correlationId 5 from controller 1 epoch 1 starting the become-leader transition for partition __consumer_offsets-49 (state.change.logger)
product-trace-kafka              | [2026-06-19 02:49:03,887] TRACE [Broker id=1] Handling LeaderAndIsr request correlationId 5 from controller 1 epoch 1 starting the become-leader transition for partition __consumer_offsets-39 (state.change.logger)
product-trace-kafka              | [2026-06-19 02:49:03,887] TRACE [Broker id=1] Handling LeaderAndIsr request correlationId 5 from controller 1 epoch 1 starting the become-leader transition for partition __consumer_offsets-9 (state.change.logger)
product-trace-kafka              | [2026-06-19 02:49:03,887] TRACE [Broker id=1] Handling LeaderAndIsr request correlationId 5 from controller 1 epoch 1 starting the become-leader transition for partition __consumer_offsets-24 (state.change.logger)
product-trace-kafka              | [2026-06-19 02:49:03,887] TRACE [Broker id=1] Handling LeaderAndIsr request correlationId 5 from controller 1 epoch 1 starting the become-leader transition for partition __consumer_offsets-31 (state.change.logger)
product-trace-kafka              | [2026-06-19 02:49:03,887] TRACE [Broker id=1] Handling LeaderAndIsr request correlationId 5 from controller 1 epoch 1 starting the become-leader transition for partition __consumer_offsets-46 (state.change.logger)
product-trace-kafka              | [2026-06-19 02:49:03,887] TRACE [Broker id=1] Handling LeaderAndIsr request correlationId 5 from controller 1 epoch 1 starting the become-leader transition for partition __consumer_offsets-1 (state.change.logger)
product-trace-kafka              | [2026-06-19 02:49:03,887] TRACE [Broker id=1] Handling LeaderAndIsr request correlationId 5 from controller 1 epoch 1 starting the become-leader transition for partition __consumer_offsets-16 (state.change.logger)
product-trace-kafka              | [2026-06-19 02:49:03,887] TRACE [Broker id=1] Handling LeaderAndIsr request correlationId 5 from controller 1 epoch 1 starting the become-leader transition for partition __consumer_offsets-2 (state.change.logger)
product-trace-kafka              | [2026-06-19 02:49:03,888] TRACE [Broker id=1] Handling LeaderAndIsr request correlationId 5 from controller 1 epoch 1 starting the become-leader transition for partition __consumer_offsets-25 (state.change.logger)
product-trace-kafka              | [2026-06-19 02:49:03,888] TRACE [Broker id=1] Handling LeaderAndIsr request correlationId 5 from controller 1 epoch 1 starting the become-leader transition for partition __consumer_offsets-40 (state.change.logger)
product-trace-kafka              | [2026-06-19 02:49:03,888] TRACE [Broker id=1] Handling LeaderAndIsr request correlationId 5 from controller 1 epoch 1 starting the become-leader transition for partition __consumer_offsets-47 (state.change.logger)
product-trace-kafka              | [2026-06-19 02:49:03,888] TRACE [Broker id=1] Handling LeaderAndIsr request correlationId 5 from controller 1 epoch 1 starting the become-leader transition for partition __consumer_offsets-17 (state.change.logger)
product-trace-kafka              | [2026-06-19 02:49:03,888] TRACE [Broker id=1] Handling LeaderAndIsr request correlationId 5 from controller 1 epoch 1 starting the become-leader transition for partition __consumer_offsets-32 (state.change.logger)
product-trace-kafka              | [2026-06-19 02:49:03,888] TRACE [Broker id=1] Handling LeaderAndIsr request correlationId 5 from controller 1 epoch 1 starting the become-leader transition for partition __consumer_offsets-37 (state.change.logger)
product-trace-kafka              | [2026-06-19 02:49:03,888] TRACE [Broker id=1] Handling LeaderAndIsr request correlationId 5 from controller 1 epoch 1 starting the become-leader transition for partition __consumer_offsets-7 (state.change.logger)
product-trace-kafka              | [2026-06-19 02:49:03,888] TRACE [Broker id=1] Handling LeaderAndIsr request correlationId 5 from controller 1 epoch 1 starting the become-leader transition for partition __consumer_offsets-22 (state.change.logger)
product-trace-kafka              | [2026-06-19 02:49:03,888] TRACE [Broker id=1] Handling LeaderAndIsr request correlationId 5 from controller 1 epoch 1 starting the become-leader transition for partition __consumer_offsets-29 (state.change.logger)
product-trace-kafka              | [2026-06-19 02:49:03,888] TRACE [Broker id=1] Handling LeaderAndIsr request correlationId 5 from controller 1 epoch 1 starting the become-leader transition for partition __consumer_offsets-44 (state.change.logger)
product-trace-kafka              | [2026-06-19 02:49:03,888] TRACE [Broker id=1] Handling LeaderAndIsr request correlationId 5 from controller 1 epoch 1 starting the become-leader transition for partition __consumer_offsets-14 (state.change.logger)
product-trace-kafka              | [2026-06-19 02:49:03,888] TRACE [Broker id=1] Handling LeaderAndIsr request correlationId 5 from controller 1 epoch 1 starting the become-leader transition for partition __consumer_offsets-23 (state.change.logger)
product-trace-kafka              | [2026-06-19 02:49:03,888] TRACE [Broker id=1] Handling LeaderAndIsr request correlationId 5 from controller 1 epoch 1 starting the become-leader transition for partition __consumer_offsets-38 (state.change.logger)
product-trace-kafka              | [2026-06-19 02:49:03,889] TRACE [Broker id=1] Handling LeaderAndIsr request correlationId 5 from controller 1 epoch 1 starting the become-leader transition for partition __consumer_offsets-8 (state.change.logger)
product-trace-kafka              | [2026-06-19 02:49:03,889] TRACE [Broker id=1] Handling LeaderAndIsr request correlationId 5 from controller 1 epoch 1 starting the become-leader transition for partition __consumer_offsets-45 (state.change.logger)
product-trace-kafka              | [2026-06-19 02:49:03,889] TRACE [Broker id=1] Handling LeaderAndIsr request correlationId 5 from controller 1 epoch 1 starting the become-leader transition for partition __consumer_offsets-15 (state.change.logger)
product-trace-kafka              | [2026-06-19 02:49:03,889] TRACE [Broker id=1] Handling LeaderAndIsr request correlationId 5 from controller 1 epoch 1 starting the become-leader transition for partition __consumer_offsets-30 (state.change.logger)
product-trace-kafka              | [2026-06-19 02:49:03,889] TRACE [Broker id=1] Handling LeaderAndIsr request correlationId 5 from controller 1 epoch 1 starting the become-leader transition for partition __consumer_offsets-0 (state.change.logger)
product-trace-kafka              | [2026-06-19 02:49:03,889] TRACE [Broker id=1] Handling LeaderAndIsr request correlationId 5 from controller 1 epoch 1 starting the become-leader transition for partition __consumer_offsets-35 (state.change.logger)
product-trace-kafka              | [2026-06-19 02:49:03,889] TRACE [Broker id=1] Handling LeaderAndIsr request correlationId 5 from controller 1 epoch 1 starting the become-leader transition for partition __consumer_offsets-5 (state.change.logger)
product-trace-kafka              | [2026-06-19 02:49:03,889] TRACE [Broker id=1] Handling LeaderAndIsr request correlationId 5 from controller 1 epoch 1 starting the become-leader transition for partition __consumer_offsets-20 (state.change.logger)
product-trace-kafka              | [2026-06-19 02:49:03,889] TRACE [Broker id=1] Handling LeaderAndIsr request correlationId 5 from controller 1 epoch 1 starting the become-leader transition for partition __consumer_offsets-27 (state.change.logger)
product-trace-kafka              | [2026-06-19 02:49:03,889] TRACE [Broker id=1] Handling LeaderAndIsr request correlationId 5 from controller 1 epoch 1 starting the become-leader transition for partition __consumer_offsets-42 (state.change.logger)
product-trace-kafka              | [2026-06-19 02:49:03,889] TRACE [Broker id=1] Handling LeaderAndIsr request correlationId 5 from controller 1 epoch 1 starting the become-leader transition for partition __consumer_offsets-12 (state.change.logger)
product-trace-kafka              | [2026-06-19 02:49:03,889] TRACE [Broker id=1] Handling LeaderAndIsr request correlationId 5 from controller 1 epoch 1 starting the become-leader transition for partition __consumer_offsets-21 (state.change.logger)
product-trace-kafka              | [2026-06-19 02:49:03,889] TRACE [Broker id=1] Handling LeaderAndIsr request correlationId 5 from controller 1 epoch 1 starting the become-leader transition for partition __consumer_offsets-36 (state.change.logger)
product-trace-kafka              | [2026-06-19 02:49:03,889] TRACE [Broker id=1] Handling LeaderAndIsr request correlationId 5 from controller 1 epoch 1 starting the become-leader transition for partition __consumer_offsets-6 (state.change.logger)
product-trace-kafka              | [2026-06-19 02:49:03,889] TRACE [Broker id=1] Handling LeaderAndIsr request correlationId 5 from controller 1 epoch 1 starting the become-leader transition for partition __consumer_offsets-43 (state.change.logger)
product-trace-kafka              | [2026-06-19 02:49:03,889] TRACE [Broker id=1] Handling LeaderAndIsr request correlationId 5 from controller 1 epoch 1 starting the become-leader transition for partition __consumer_offsets-13 (state.change.logger)
product-trace-kafka              | [2026-06-19 02:49:03,889] TRACE [Broker id=1] Handling LeaderAndIsr request correlationId 5 from controller 1 epoch 1 starting the become-leader transition for partition __consumer_offsets-28 (state.change.logger)
product-trace-kafka              | [2026-06-19 02:49:03,890] INFO [ReplicaFetcherManager on broker 1] Removed fetcher for partitions HashSet(__consumer_offsets-22, __consumer_offsets-30, __consumer_offsets-25, __consumer_offsets-35, __consumer_offsets-37, __consumer_offsets-38, __consumer_offsets-13, __consumer_offsets-8, __consumer_offsets-21, __consumer_offsets-4, __consumer_offsets-27, __consumer_offsets-7, __consumer_offsets-9, __consumer_offsets-46, __consumer_offsets-41, __consumer_offsets-33, __consumer_offsets-23, __consumer_offsets-49, __consumer_offsets-47, __consumer_offsets-16, __consumer_offsets-28, __consumer_offsets-31, __consumer_offsets-36, __consumer_offsets-42, __consumer_offsets-3, __consumer_offsets-18, __consumer_offsets-15, __consumer_offsets-24, __consumer_offsets-17, __consumer_offsets-48, __consumer_offsets-19, __consumer_offsets-11, __consumer_offsets-2, __consumer_offsets-43, __consumer_offsets-6, __consumer_offsets-14, __consumer_offsets-20, __consumer_offsets-0, __consumer_offsets-44, __consumer_offsets-39, __consumer_offsets-12, __consumer_offsets-45, __consumer_offsets-1, __consumer_offsets-5, __consumer_offsets-26, __consumer_offsets-29, __consumer_offsets-34, __consumer_offsets-10, __consumer_offsets-32, __consumer_offsets-40) (kafka.server.ReplicaFetcherManager)
product-trace-kafka              | [2026-06-19 02:49:03,890] INFO [Broker id=1] Stopped fetchers as part of LeaderAndIsr request correlationId 5 from controller 1 epoch 1 as part of the become-leader transition for 50 partitions (state.change.logger)
product-trace-kafka              | [2026-06-19 02:49:03,907] INFO [LogLoader partition=__consumer_offsets-3, dir=/var/lib/kafka/data] Loading producer state till offset 0 with message format version 2 (kafka.log.UnifiedLog$)
product-trace-kafka              | [2026-06-19 02:49:03,909] INFO Created log for partition __consumer_offsets-3 in /var/lib/kafka/data/__consumer_offsets-3 with properties {cleanup.policy=compact, compression.type="producer", segment.bytes=104857600} (kafka.log.LogManager)
product-trace-kafka              | [2026-06-19 02:49:03,910] INFO [Partition __consumer_offsets-3 broker=1] No checkpointed highwatermark is found for partition __consumer_offsets-3 (kafka.cluster.Partition)
product-trace-kafka              | [2026-06-19 02:49:03,910] INFO [Partition __consumer_offsets-3 broker=1] Log loaded for partition __consumer_offsets-3 with initial high watermark 0 (kafka.cluster.Partition)
product-trace-kafka              | [2026-06-19 02:49:03,910] INFO [Broker id=1] Leader __consumer_offsets-3 with topic id Some(ViOP5iFbRwShO6HbtnRNPw) starts at leader epoch 0 from offset 0 with partition epoch 0, high watermark 0, ISR [1], adding replicas [] and removing replicas [] . Previous leader epoch was -1. (state.change.logger)
product-trace-kafka              | [2026-06-19 02:49:03,931] INFO [LogLoader partition=__consumer_offsets-18, dir=/var/lib/kafka/data] Loading producer state till offset 0 with message format version 2 (kafka.log.UnifiedLog$)
product-trace-kafka              | [2026-06-19 02:49:03,932] INFO Created log for partition __consumer_offsets-18 in /var/lib/kafka/data/__consumer_offsets-18 with properties {cleanup.policy=compact, compression.type="producer", segment.bytes=104857600} (kafka.log.LogManager)
product-trace-kafka              | [2026-06-19 02:49:03,933] INFO [Partition __consumer_offsets-18 broker=1] No checkpointed highwatermark is found for partition __consumer_offsets-18 (kafka.cluster.Partition)
product-trace-kafka              | [2026-06-19 02:49:03,933] INFO [Partition __consumer_offsets-18 broker=1] Log loaded for partition __consumer_offsets-18 with initial high watermark 0 (kafka.cluster.Partition)
product-trace-kafka              | [2026-06-19 02:49:03,933] INFO [Broker id=1] Leader __consumer_offsets-18 with topic id Some(ViOP5iFbRwShO6HbtnRNPw) starts at leader epoch 0 from offset 0 with partition epoch 0, high watermark 0, ISR [1], adding replicas [] and removing replicas [] . Previous leader epoch was -1. (state.change.logger)
product-trace-kafka              | [2026-06-19 02:49:03,961] INFO [LogLoader partition=__consumer_offsets-41, dir=/var/lib/kafka/data] Loading producer state till offset 0 with message format version 2 (kafka.log.UnifiedLog$)
product-trace-kafka              | [2026-06-19 02:49:03,964] INFO Created log for partition __consumer_offsets-41 in /var/lib/kafka/data/__consumer_offsets-41 with properties {cleanup.policy=compact, compression.type="producer", segment.bytes=104857600} (kafka.log.LogManager)
product-trace-kafka              | [2026-06-19 02:49:03,964] INFO [Partition __consumer_offsets-41 broker=1] No checkpointed highwatermark is found for partition __consumer_offsets-41 (kafka.cluster.Partition)
product-trace-kafka              | [2026-06-19 02:49:03,964] INFO [Partition __consumer_offsets-41 broker=1] Log loaded for partition __consumer_offsets-41 with initial high watermark 0 (kafka.cluster.Partition)
product-trace-kafka              | [2026-06-19 02:49:03,965] INFO [Broker id=1] Leader __consumer_offsets-41 with topic id Some(ViOP5iFbRwShO6HbtnRNPw) starts at leader epoch 0 from offset 0 with partition epoch 0, high watermark 0, ISR [1], adding replicas [] and removing replicas [] . Previous leader epoch was -1. (state.change.logger)
product-trace-kafka              | [2026-06-19 02:49:03,982] INFO [LogLoader partition=__consumer_offsets-10, dir=/var/lib/kafka/data] Loading producer state till offset 0 with message format version 2 (kafka.log.UnifiedLog$)
product-trace-kafka              | [2026-06-19 02:49:03,983] INFO Created log for partition __consumer_offsets-10 in /var/lib/kafka/data/__consumer_offsets-10 with properties {cleanup.policy=compact, compression.type="producer", segment.bytes=104857600} (kafka.log.LogManager)
product-trace-kafka              | [2026-06-19 02:49:03,983] INFO [Partition __consumer_offsets-10 broker=1] No checkpointed highwatermark is found for partition __consumer_offsets-10 (kafka.cluster.Partition)
product-trace-kafka              | [2026-06-19 02:49:03,983] INFO [Partition __consumer_offsets-10 broker=1] Log loaded for partition __consumer_offsets-10 with initial high watermark 0 (kafka.cluster.Partition)
product-trace-kafka              | [2026-06-19 02:49:03,984] INFO [Broker id=1] Leader __consumer_offsets-10 with topic id Some(ViOP5iFbRwShO6HbtnRNPw) starts at leader epoch 0 from offset 0 with partition epoch 0, high watermark 0, ISR [1], adding replicas [] and removing replicas [] . Previous leader epoch was -1. (state.change.logger)
product-trace-kafka              | [2026-06-19 02:49:04,003] INFO [LogLoader partition=__consumer_offsets-33, dir=/var/lib/kafka/data] Loading producer state till offset 0 with message format version 2 (kafka.log.UnifiedLog$)
product-trace-kafka              | [2026-06-19 02:49:04,004] INFO Created log for partition __consumer_offsets-33 in /var/lib/kafka/data/__consumer_offsets-33 with properties {cleanup.policy=compact, compression.type="producer", segment.bytes=104857600} (kafka.log.LogManager)
product-trace-kafka              | [2026-06-19 02:49:04,005] INFO [Partition __consumer_offsets-33 broker=1] No checkpointed highwatermark is found for partition __consumer_offsets-33 (kafka.cluster.Partition)
product-trace-kafka              | [2026-06-19 02:49:04,005] INFO [Partition __consumer_offsets-33 broker=1] Log loaded for partition __consumer_offsets-33 with initial high watermark 0 (kafka.cluster.Partition)
product-trace-kafka              | [2026-06-19 02:49:04,005] INFO [Broker id=1] Leader __consumer_offsets-33 with topic id Some(ViOP5iFbRwShO6HbtnRNPw) starts at leader epoch 0 from offset 0 with partition epoch 0, high watermark 0, ISR [1], adding replicas [] and removing replicas [] . Previous leader epoch was -1. (state.change.logger)
product-trace-kafka              | [2026-06-19 02:49:04,026] INFO [LogLoader partition=__consumer_offsets-48, dir=/var/lib/kafka/data] Loading producer state till offset 0 with message format version 2 (kafka.log.UnifiedLog$)
product-trace-kafka              | [2026-06-19 02:49:04,027] INFO Created log for partition __consumer_offsets-48 in /var/lib/kafka/data/__consumer_offsets-48 with properties {cleanup.policy=compact, compression.type="producer", segment.bytes=104857600} (kafka.log.LogManager)
product-trace-kafka              | [2026-06-19 02:49:04,027] INFO [Partition __consumer_offsets-48 broker=1] No checkpointed highwatermark is found for partition __consumer_offsets-48 (kafka.cluster.Partition)
product-trace-kafka              | [2026-06-19 02:49:04,027] INFO [Partition __consumer_offsets-48 broker=1] Log loaded for partition __consumer_offsets-48 with initial high watermark 0 (kafka.cluster.Partition)
product-trace-kafka              | [2026-06-19 02:49:04,028] INFO [Broker id=1] Leader __consumer_offsets-48 with topic id Some(ViOP5iFbRwShO6HbtnRNPw) starts at leader epoch 0 from offset 0 with partition epoch 0, high watermark 0, ISR [1], adding replicas [] and removing replicas [] . Previous leader epoch was -1. (state.change.logger)
product-trace-kafka              | [2026-06-19 02:49:04,049] INFO [LogLoader partition=__consumer_offsets-19, dir=/var/lib/kafka/data] Loading producer state till offset 0 with message format version 2 (kafka.log.UnifiedLog$)
product-trace-kafka              | [2026-06-19 02:49:04,051] INFO Created log for partition __consumer_offsets-19 in /var/lib/kafka/data/__consumer_offsets-19 with properties {cleanup.policy=compact, compression.type="producer", segment.bytes=104857600} (kafka.log.LogManager)
product-trace-kafka              | [2026-06-19 02:49:04,051] INFO [Partition __consumer_offsets-19 broker=1] No checkpointed highwatermark is found for partition __consumer_offsets-19 (kafka.cluster.Partition)
product-trace-kafka              | [2026-06-19 02:49:04,051] INFO [Partition __consumer_offsets-19 broker=1] Log loaded for partition __consumer_offsets-19 with initial high watermark 0 (kafka.cluster.Partition)
product-trace-kafka              | [2026-06-19 02:49:04,052] INFO [Broker id=1] Leader __consumer_offsets-19 with topic id Some(ViOP5iFbRwShO6HbtnRNPw) starts at leader epoch 0 from offset 0 with partition epoch 0, high watermark 0, ISR [1], adding replicas [] and removing replicas [] . Previous leader epoch was -1. (state.change.logger)
product-trace-kafka              | [2026-06-19 02:49:04,068] INFO [LogLoader partition=__consumer_offsets-34, dir=/var/lib/kafka/data] Loading producer state till offset 0 with message format version 2 (kafka.log.UnifiedLog$)
product-trace-kafka              | [2026-06-19 02:49:04,070] INFO Created log for partition __consumer_offsets-34 in /var/lib/kafka/data/__consumer_offsets-34 with properties {cleanup.policy=compact, compression.type="producer", segment.bytes=104857600} (kafka.log.LogManager)
product-trace-kafka              | [2026-06-19 02:49:04,070] INFO [Partition __consumer_offsets-34 broker=1] No checkpointed highwatermark is found for partition __consumer_offsets-34 (kafka.cluster.Partition)
product-trace-kafka              | [2026-06-19 02:49:04,070] INFO [Partition __consumer_offsets-34 broker=1] Log loaded for partition __consumer_offsets-34 with initial high watermark 0 (kafka.cluster.Partition)
product-trace-kafka              | [2026-06-19 02:49:04,070] INFO [Broker id=1] Leader __consumer_offsets-34 with topic id Some(ViOP5iFbRwShO6HbtnRNPw) starts at leader epoch 0 from offset 0 with partition epoch 0, high watermark 0, ISR [1], adding replicas [] and removing replicas [] . Previous leader epoch was -1. (state.change.logger)
product-trace-kafka              | [2026-06-19 02:49:04,089] INFO [LogLoader partition=__consumer_offsets-4, dir=/var/lib/kafka/data] Loading producer state till offset 0 with message format version 2 (kafka.log.UnifiedLog$)
product-trace-kafka              | [2026-06-19 02:49:04,091] INFO Created log for partition __consumer_offsets-4 in /var/lib/kafka/data/__consumer_offsets-4 with properties {cleanup.policy=compact, compression.type="producer", segment.bytes=104857600} (kafka.log.LogManager)
product-trace-kafka              | [2026-06-19 02:49:04,091] INFO [Partition __consumer_offsets-4 broker=1] No checkpointed highwatermark is found for partition __consumer_offsets-4 (kafka.cluster.Partition)
product-trace-kafka              | [2026-06-19 02:49:04,091] INFO [Partition __consumer_offsets-4 broker=1] Log loaded for partition __consumer_offsets-4 with initial high watermark 0 (kafka.cluster.Partition)
product-trace-kafka              | [2026-06-19 02:49:04,094] INFO [Broker id=1] Leader __consumer_offsets-4 with topic id Some(ViOP5iFbRwShO6HbtnRNPw) starts at leader epoch 0 from offset 0 with partition epoch 0, high watermark 0, ISR [1], adding replicas [] and removing replicas [] . Previous leader epoch was -1. (state.change.logger)
product-trace-kafka              | [2026-06-19 02:49:04,115] INFO [LogLoader partition=__consumer_offsets-11, dir=/var/lib/kafka/data] Loading producer state till offset 0 with message format version 2 (kafka.log.UnifiedLog$)
product-trace-kafka              | [2026-06-19 02:49:04,117] INFO Created log for partition __consumer_offsets-11 in /var/lib/kafka/data/__consumer_offsets-11 with properties {cleanup.policy=compact, compression.type="producer", segment.bytes=104857600} (kafka.log.LogManager)
product-trace-kafka              | [2026-06-19 02:49:04,120] INFO [Partition __consumer_offsets-11 broker=1] No checkpointed highwatermark is found for partition __consumer_offsets-11 (kafka.cluster.Partition)
product-trace-kafka              | [2026-06-19 02:49:04,120] INFO [Partition __consumer_offsets-11 broker=1] Log loaded for partition __consumer_offsets-11 with initial high watermark 0 (kafka.cluster.Partition)
product-trace-kafka              | [2026-06-19 02:49:04,121] INFO [Broker id=1] Leader __consumer_offsets-11 with topic id Some(ViOP5iFbRwShO6HbtnRNPw) starts at leader epoch 0 from offset 0 with partition epoch 0, high watermark 0, ISR [1], adding replicas [] and removing replicas [] . Previous leader epoch was -1. (state.change.logger)
product-trace-kafka              | [2026-06-19 02:49:04,138] INFO [LogLoader partition=__consumer_offsets-26, dir=/var/lib/kafka/data] Loading producer state till offset 0 with message format version 2 (kafka.log.UnifiedLog$)
product-trace-kafka              | [2026-06-19 02:49:04,139] INFO Created log for partition __consumer_offsets-26 in /var/lib/kafka/data/__consumer_offsets-26 with properties {cleanup.policy=compact, compression.type="producer", segment.bytes=104857600} (kafka.log.LogManager)
product-trace-kafka              | [2026-06-19 02:49:04,139] INFO [Partition __consumer_offsets-26 broker=1] No checkpointed highwatermark is found for partition __consumer_offsets-26 (kafka.cluster.Partition)
product-trace-kafka              | [2026-06-19 02:49:04,139] INFO [Partition __consumer_offsets-26 broker=1] Log loaded for partition __consumer_offsets-26 with initial high watermark 0 (kafka.cluster.Partition)
product-trace-kafka              | [2026-06-19 02:49:04,141] INFO [Broker id=1] Leader __consumer_offsets-26 with topic id Some(ViOP5iFbRwShO6HbtnRNPw) starts at leader epoch 0 from offset 0 with partition epoch 0, high watermark 0, ISR [1], adding replicas [] and removing replicas [] . Previous leader epoch was -1. (state.change.logger)
product-trace-kafka              | [2026-06-19 02:49:04,156] INFO [LogLoader partition=__consumer_offsets-49, dir=/var/lib/kafka/data] Loading producer state till offset 0 with message format version 2 (kafka.log.UnifiedLog$)
product-trace-kafka              | [2026-06-19 02:49:04,157] INFO Created log for partition __consumer_offsets-49 in /var/lib/kafka/data/__consumer_offsets-49 with properties {cleanup.policy=compact, compression.type="producer", segment.bytes=104857600} (kafka.log.LogManager)
product-trace-kafka              | [2026-06-19 02:49:04,158] INFO [Partition __consumer_offsets-49 broker=1] No checkpointed highwatermark is found for partition __consumer_offsets-49 (kafka.cluster.Partition)
product-trace-kafka              | [2026-06-19 02:49:04,158] INFO [Partition __consumer_offsets-49 broker=1] Log loaded for partition __consumer_offsets-49 with initial high watermark 0 (kafka.cluster.Partition)
product-trace-kafka              | [2026-06-19 02:49:04,158] INFO [Broker id=1] Leader __consumer_offsets-49 with topic id Some(ViOP5iFbRwShO6HbtnRNPw) starts at leader epoch 0 from offset 0 with partition epoch 0, high watermark 0, ISR [1], adding replicas [] and removing replicas [] . Previous leader epoch was -1. (state.change.logger)
product-trace-kafka              | [2026-06-19 02:49:04,176] INFO [LogLoader partition=__consumer_offsets-39, dir=/var/lib/kafka/data] Loading producer state till offset 0 with message format version 2 (kafka.log.UnifiedLog$)
product-trace-kafka              | [2026-06-19 02:49:04,177] INFO Created log for partition __consumer_offsets-39 in /var/lib/kafka/data/__consumer_offsets-39 with properties {cleanup.policy=compact, compression.type="producer", segment.bytes=104857600} (kafka.log.LogManager)
product-trace-kafka              | [2026-06-19 02:49:04,178] INFO [Partition __consumer_offsets-39 broker=1] No checkpointed highwatermark is found for partition __consumer_offsets-39 (kafka.cluster.Partition)
product-trace-kafka              | [2026-06-19 02:49:04,178] INFO [Partition __consumer_offsets-39 broker=1] Log loaded for partition __consumer_offsets-39 with initial high watermark 0 (kafka.cluster.Partition)
product-trace-kafka              | [2026-06-19 02:49:04,178] INFO [Broker id=1] Leader __consumer_offsets-39 with topic id Some(ViOP5iFbRwShO6HbtnRNPw) starts at leader epoch 0 from offset 0 with partition epoch 0, high watermark 0, ISR [1], adding replicas [] and removing replicas [] . Previous leader epoch was -1. (state.change.logger)
product-trace-kafka              | [2026-06-19 02:49:04,197] INFO [LogLoader partition=__consumer_offsets-9, dir=/var/lib/kafka/data] Loading producer state till offset 0 with message format version 2 (kafka.log.UnifiedLog$)
product-trace-kafka              | [2026-06-19 02:49:04,199] INFO Created log for partition __consumer_offsets-9 in /var/lib/kafka/data/__consumer_offsets-9 with properties {cleanup.policy=compact, compression.type="producer", segment.bytes=104857600} (kafka.log.LogManager)
product-trace-kafka              | [2026-06-19 02:49:04,199] INFO [Partition __consumer_offsets-9 broker=1] No checkpointed highwatermark is found for partition __consumer_offsets-9 (kafka.cluster.Partition)
product-trace-kafka              | [2026-06-19 02:49:04,199] INFO [Partition __consumer_offsets-9 broker=1] Log loaded for partition __consumer_offsets-9 with initial high watermark 0 (kafka.cluster.Partition)
product-trace-kafka              | [2026-06-19 02:49:04,200] INFO [Broker id=1] Leader __consumer_offsets-9 with topic id Some(ViOP5iFbRwShO6HbtnRNPw) starts at leader epoch 0 from offset 0 with partition epoch 0, high watermark 0, ISR [1], adding replicas [] and removing replicas [] . Previous leader epoch was -1. (state.change.logger)
product-trace-kafka              | [2026-06-19 02:49:04,223] INFO [LogLoader partition=__consumer_offsets-24, dir=/var/lib/kafka/data] Loading producer state till offset 0 with message format version 2 (kafka.log.UnifiedLog$)
product-trace-kafka              | [2026-06-19 02:49:04,224] INFO Created log for partition __consumer_offsets-24 in /var/lib/kafka/data/__consumer_offsets-24 with properties {cleanup.policy=compact, compression.type="producer", segment.bytes=104857600} (kafka.log.LogManager)
product-trace-kafka              | [2026-06-19 02:49:04,225] INFO [Partition __consumer_offsets-24 broker=1] No checkpointed highwatermark is found for partition __consumer_offsets-24 (kafka.cluster.Partition)
product-trace-kafka              | [2026-06-19 02:49:04,225] INFO [Partition __consumer_offsets-24 broker=1] Log loaded for partition __consumer_offsets-24 with initial high watermark 0 (kafka.cluster.Partition)
product-trace-kafka              | [2026-06-19 02:49:04,228] INFO [Broker id=1] Leader __consumer_offsets-24 with topic id Some(ViOP5iFbRwShO6HbtnRNPw) starts at leader epoch 0 from offset 0 with partition epoch 0, high watermark 0, ISR [1], adding replicas [] and removing replicas [] . Previous leader epoch was -1. (state.change.logger)
product-trace-kafka              | [2026-06-19 02:49:04,245] INFO [LogLoader partition=__consumer_offsets-31, dir=/var/lib/kafka/data] Loading producer state till offset 0 with message format version 2 (kafka.log.UnifiedLog$)
product-trace-kafka              | [2026-06-19 02:49:04,246] INFO Created log for partition __consumer_offsets-31 in /var/lib/kafka/data/__consumer_offsets-31 with properties {cleanup.policy=compact, compression.type="producer", segment.bytes=104857600} (kafka.log.LogManager)
product-trace-kafka              | [2026-06-19 02:49:04,246] INFO [Partition __consumer_offsets-31 broker=1] No checkpointed highwatermark is found for partition __consumer_offsets-31 (kafka.cluster.Partition)
product-trace-kafka              | [2026-06-19 02:49:04,246] INFO [Partition __consumer_offsets-31 broker=1] Log loaded for partition __consumer_offsets-31 with initial high watermark 0 (kafka.cluster.Partition)
product-trace-kafka              | [2026-06-19 02:49:04,246] INFO [Broker id=1] Leader __consumer_offsets-31 with topic id Some(ViOP5iFbRwShO6HbtnRNPw) starts at leader epoch 0 from offset 0 with partition epoch 0, high watermark 0, ISR [1], adding replicas [] and removing replicas [] . Previous leader epoch was -1. (state.change.logger)
product-trace-kafka              | [2026-06-19 02:49:04,270] INFO [LogLoader partition=__consumer_offsets-46, dir=/var/lib/kafka/data] Loading producer state till offset 0 with message format version 2 (kafka.log.UnifiedLog$)
product-trace-kafka              | [2026-06-19 02:49:04,273] INFO Created log for partition __consumer_offsets-46 in /var/lib/kafka/data/__consumer_offsets-46 with properties {cleanup.policy=compact, compression.type="producer", segment.bytes=104857600} (kafka.log.LogManager)
product-trace-kafka              | [2026-06-19 02:49:04,273] INFO [Partition __consumer_offsets-46 broker=1] No checkpointed highwatermark is found for partition __consumer_offsets-46 (kafka.cluster.Partition)
product-trace-kafka              | [2026-06-19 02:49:04,273] INFO [Partition __consumer_offsets-46 broker=1] Log loaded for partition __consumer_offsets-46 with initial high watermark 0 (kafka.cluster.Partition)
product-trace-kafka              | [2026-06-19 02:49:04,274] INFO [Broker id=1] Leader __consumer_offsets-46 with topic id Some(ViOP5iFbRwShO6HbtnRNPw) starts at leader epoch 0 from offset 0 with partition epoch 0, high watermark 0, ISR [1], adding replicas [] and removing replicas [] . Previous leader epoch was -1. (state.change.logger)
product-trace-kafka              | [2026-06-19 02:49:04,293] INFO [LogLoader partition=__consumer_offsets-1, dir=/var/lib/kafka/data] Loading producer state till offset 0 with message format version 2 (kafka.log.UnifiedLog$)
product-trace-kafka              | [2026-06-19 02:49:04,298] INFO Created log for partition __consumer_offsets-1 in /var/lib/kafka/data/__consumer_offsets-1 with properties {cleanup.policy=compact, compression.type="producer", segment.bytes=104857600} (kafka.log.LogManager)
product-trace-kafka              | [2026-06-19 02:49:04,298] INFO [Partition __consumer_offsets-1 broker=1] No checkpointed highwatermark is found for partition __consumer_offsets-1 (kafka.cluster.Partition)
product-trace-kafka              | [2026-06-19 02:49:04,299] INFO [Partition __consumer_offsets-1 broker=1] Log loaded for partition __consumer_offsets-1 with initial high watermark 0 (kafka.cluster.Partition)
product-trace-kafka              | [2026-06-19 02:49:04,300] INFO [Broker id=1] Leader __consumer_offsets-1 with topic id Some(ViOP5iFbRwShO6HbtnRNPw) starts at leader epoch 0 from offset 0 with partition epoch 0, high watermark 0, ISR [1], adding replicas [] and removing replicas [] . Previous leader epoch was -1. (state.change.logger)
product-trace-kafka              | [2026-06-19 02:49:04,317] INFO [LogLoader partition=__consumer_offsets-16, dir=/var/lib/kafka/data] Loading producer state till offset 0 with message format version 2 (kafka.log.UnifiedLog$)
product-trace-kafka              | [2026-06-19 02:49:04,318] INFO Created log for partition __consumer_offsets-16 in /var/lib/kafka/data/__consumer_offsets-16 with properties {cleanup.policy=compact, compression.type="producer", segment.bytes=104857600} (kafka.log.LogManager)
product-trace-kafka              | [2026-06-19 02:49:04,318] INFO [Partition __consumer_offsets-16 broker=1] No checkpointed highwatermark is found for partition __consumer_offsets-16 (kafka.cluster.Partition)
product-trace-kafka              | [2026-06-19 02:49:04,320] INFO [Partition __consumer_offsets-16 broker=1] Log loaded for partition __consumer_offsets-16 with initial high watermark 0 (kafka.cluster.Partition)
product-trace-kafka              | [2026-06-19 02:49:04,321] INFO [Broker id=1] Leader __consumer_offsets-16 with topic id Some(ViOP5iFbRwShO6HbtnRNPw) starts at leader epoch 0 from offset 0 with partition epoch 0, high watermark 0, ISR [1], adding replicas [] and removing replicas [] . Previous leader epoch was -1. (state.change.logger)
product-trace-kafka              | [2026-06-19 02:49:04,338] INFO [LogLoader partition=__consumer_offsets-2, dir=/var/lib/kafka/data] Loading producer state till offset 0 with message format version 2 (kafka.log.UnifiedLog$)
product-trace-kafka              | [2026-06-19 02:49:04,339] INFO Created log for partition __consumer_offsets-2 in /var/lib/kafka/data/__consumer_offsets-2 with properties {cleanup.policy=compact, compression.type="producer", segment.bytes=104857600} (kafka.log.LogManager)
product-trace-kafka              | [2026-06-19 02:49:04,339] INFO [Partition __consumer_offsets-2 broker=1] No checkpointed highwatermark is found for partition __consumer_offsets-2 (kafka.cluster.Partition)
product-trace-kafka              | [2026-06-19 02:49:04,340] INFO [Partition __consumer_offsets-2 broker=1] Log loaded for partition __consumer_offsets-2 with initial high watermark 0 (kafka.cluster.Partition)
product-trace-kafka              | [2026-06-19 02:49:04,340] INFO [Broker id=1] Leader __consumer_offsets-2 with topic id Some(ViOP5iFbRwShO6HbtnRNPw) starts at leader epoch 0 from offset 0 with partition epoch 0, high watermark 0, ISR [1], adding replicas [] and removing replicas [] . Previous leader epoch was -1. (state.change.logger)
product-trace-kafka              | [2026-06-19 02:49:04,357] INFO [LogLoader partition=__consumer_offsets-25, dir=/var/lib/kafka/data] Loading producer state till offset 0 with message format version 2 (kafka.log.UnifiedLog$)
product-trace-kafka              | [2026-06-19 02:49:04,358] INFO Created log for partition __consumer_offsets-25 in /var/lib/kafka/data/__consumer_offsets-25 with properties {cleanup.policy=compact, compression.type="producer", segment.bytes=104857600} (kafka.log.LogManager)
product-trace-kafka              | [2026-06-19 02:49:04,358] INFO [Partition __consumer_offsets-25 broker=1] No checkpointed highwatermark is found for partition __consumer_offsets-25 (kafka.cluster.Partition)
product-trace-kafka              | [2026-06-19 02:49:04,358] INFO [Partition __consumer_offsets-25 broker=1] Log loaded for partition __consumer_offsets-25 with initial high watermark 0 (kafka.cluster.Partition)
product-trace-kafka              | [2026-06-19 02:49:04,359] INFO [Broker id=1] Leader __consumer_offsets-25 with topic id Some(ViOP5iFbRwShO6HbtnRNPw) starts at leader epoch 0 from offset 0 with partition epoch 0, high watermark 0, ISR [1], adding replicas [] and removing replicas [] . Previous leader epoch was -1. (state.change.logger)
product-trace-kafka              | [2026-06-19 02:49:04,374] INFO [LogLoader partition=__consumer_offsets-40, dir=/var/lib/kafka/data] Loading producer state till offset 0 with message format version 2 (kafka.log.UnifiedLog$)
product-trace-kafka              | [2026-06-19 02:49:04,375] INFO Created log for partition __consumer_offsets-40 in /var/lib/kafka/data/__consumer_offsets-40 with properties {cleanup.policy=compact, compression.type="producer", segment.bytes=104857600} (kafka.log.LogManager)
product-trace-kafka              | [2026-06-19 02:49:04,376] INFO [Partition __consumer_offsets-40 broker=1] No checkpointed highwatermark is found for partition __consumer_offsets-40 (kafka.cluster.Partition)
product-trace-kafka              | [2026-06-19 02:49:04,376] INFO [Partition __consumer_offsets-40 broker=1] Log loaded for partition __consumer_offsets-40 with initial high watermark 0 (kafka.cluster.Partition)
product-trace-kafka              | [2026-06-19 02:49:04,376] INFO [Broker id=1] Leader __consumer_offsets-40 with topic id Some(ViOP5iFbRwShO6HbtnRNPw) starts at leader epoch 0 from offset 0 with partition epoch 0, high watermark 0, ISR [1], adding replicas [] and removing replicas [] . Previous leader epoch was -1. (state.change.logger)
product-trace-kafka              | [2026-06-19 02:49:04,396] INFO [LogLoader partition=__consumer_offsets-47, dir=/var/lib/kafka/data] Loading producer state till offset 0 with message format version 2 (kafka.log.UnifiedLog$)
product-trace-kafka              | [2026-06-19 02:49:04,397] INFO Created log for partition __consumer_offsets-47 in /var/lib/kafka/data/__consumer_offsets-47 with properties {cleanup.policy=compact, compression.type="producer", segment.bytes=104857600} (kafka.log.LogManager)
product-trace-kafka              | [2026-06-19 02:49:04,397] INFO [Partition __consumer_offsets-47 broker=1] No checkpointed highwatermark is found for partition __consumer_offsets-47 (kafka.cluster.Partition)
product-trace-kafka              | [2026-06-19 02:49:04,397] INFO [Partition __consumer_offsets-47 broker=1] Log loaded for partition __consumer_offsets-47 with initial high watermark 0 (kafka.cluster.Partition)
product-trace-kafka              | [2026-06-19 02:49:04,398] INFO [Broker id=1] Leader __consumer_offsets-47 with topic id Some(ViOP5iFbRwShO6HbtnRNPw) starts at leader epoch 0 from offset 0 with partition epoch 0, high watermark 0, ISR [1], adding replicas [] and removing replicas [] . Previous leader epoch was -1. (state.change.logger)
product-trace-kafka              | [2026-06-19 02:49:04,415] INFO [LogLoader partition=__consumer_offsets-17, dir=/var/lib/kafka/data] Loading producer state till offset 0 with message format version 2 (kafka.log.UnifiedLog$)
product-trace-kafka              | [2026-06-19 02:49:04,416] INFO Created log for partition __consumer_offsets-17 in /var/lib/kafka/data/__consumer_offsets-17 with properties {cleanup.policy=compact, compression.type="producer", segment.bytes=104857600} (kafka.log.LogManager)
product-trace-kafka              | [2026-06-19 02:49:04,416] INFO [Partition __consumer_offsets-17 broker=1] No checkpointed highwatermark is found for partition __consumer_offsets-17 (kafka.cluster.Partition)
product-trace-kafka              | [2026-06-19 02:49:04,416] INFO [Partition __consumer_offsets-17 broker=1] Log loaded for partition __consumer_offsets-17 with initial high watermark 0 (kafka.cluster.Partition)
product-trace-kafka              | [2026-06-19 02:49:04,417] INFO [Broker id=1] Leader __consumer_offsets-17 with topic id Some(ViOP5iFbRwShO6HbtnRNPw) starts at leader epoch 0 from offset 0 with partition epoch 0, high watermark 0, ISR [1], adding replicas [] and removing replicas [] . Previous leader epoch was -1. (state.change.logger)
product-trace-kafka              | [2026-06-19 02:49:04,433] INFO [LogLoader partition=__consumer_offsets-32, dir=/var/lib/kafka/data] Loading producer state till offset 0 with message format version 2 (kafka.log.UnifiedLog$)
product-trace-kafka              | [2026-06-19 02:49:04,434] INFO Created log for partition __consumer_offsets-32 in /var/lib/kafka/data/__consumer_offsets-32 with properties {cleanup.policy=compact, compression.type="producer", segment.bytes=104857600} (kafka.log.LogManager)
product-trace-kafka              | [2026-06-19 02:49:04,436] INFO [Partition __consumer_offsets-32 broker=1] No checkpointed highwatermark is found for partition __consumer_offsets-32 (kafka.cluster.Partition)
product-trace-kafka              | [2026-06-19 02:49:04,438] INFO [Partition __consumer_offsets-32 broker=1] Log loaded for partition __consumer_offsets-32 with initial high watermark 0 (kafka.cluster.Partition)
product-trace-kafka              | [2026-06-19 02:49:04,438] INFO [Broker id=1] Leader __consumer_offsets-32 with topic id Some(ViOP5iFbRwShO6HbtnRNPw) starts at leader epoch 0 from offset 0 with partition epoch 0, high watermark 0, ISR [1], adding replicas [] and removing replicas [] . Previous leader epoch was -1. (state.change.logger)
product-trace-kafka              | [2026-06-19 02:49:04,455] INFO [LogLoader partition=__consumer_offsets-37, dir=/var/lib/kafka/data] Loading producer state till offset 0 with message format version 2 (kafka.log.UnifiedLog$)
product-trace-kafka              | [2026-06-19 02:49:04,456] INFO Created log for partition __consumer_offsets-37 in /var/lib/kafka/data/__consumer_offsets-37 with properties {cleanup.policy=compact, compression.type="producer", segment.bytes=104857600} (kafka.log.LogManager)
product-trace-kafka              | [2026-06-19 02:49:04,456] INFO [Partition __consumer_offsets-37 broker=1] No checkpointed highwatermark is found for partition __consumer_offsets-37 (kafka.cluster.Partition)
product-trace-kafka              | [2026-06-19 02:49:04,456] INFO [Partition __consumer_offsets-37 broker=1] Log loaded for partition __consumer_offsets-37 with initial high watermark 0 (kafka.cluster.Partition)
product-trace-kafka              | [2026-06-19 02:49:04,456] INFO [Broker id=1] Leader __consumer_offsets-37 with topic id Some(ViOP5iFbRwShO6HbtnRNPw) starts at leader epoch 0 from offset 0 with partition epoch 0, high watermark 0, ISR [1], adding replicas [] and removing replicas [] . Previous leader epoch was -1. (state.change.logger)
product-trace-kafka              | [2026-06-19 02:49:04,473] INFO [LogLoader partition=__consumer_offsets-7, dir=/var/lib/kafka/data] Loading producer state till offset 0 with message format version 2 (kafka.log.UnifiedLog$)
product-trace-kafka              | [2026-06-19 02:49:04,474] INFO Created log for partition __consumer_offsets-7 in /var/lib/kafka/data/__consumer_offsets-7 with properties {cleanup.policy=compact, compression.type="producer", segment.bytes=104857600} (kafka.log.LogManager)
product-trace-kafka              | [2026-06-19 02:49:04,474] INFO [Partition __consumer_offsets-7 broker=1] No checkpointed highwatermark is found for partition __consumer_offsets-7 (kafka.cluster.Partition)
product-trace-kafka              | [2026-06-19 02:49:04,475] INFO [Partition __consumer_offsets-7 broker=1] Log loaded for partition __consumer_offsets-7 with initial high watermark 0 (kafka.cluster.Partition)
product-trace-kafka              | [2026-06-19 02:49:04,475] INFO [Broker id=1] Leader __consumer_offsets-7 with topic id Some(ViOP5iFbRwShO6HbtnRNPw) starts at leader epoch 0 from offset 0 with partition epoch 0, high watermark 0, ISR [1], adding replicas [] and removing replicas [] . Previous leader epoch was -1. (state.change.logger)
product-trace-kafka              | [2026-06-19 02:49:04,492] INFO [LogLoader partition=__consumer_offsets-22, dir=/var/lib/kafka/data] Loading producer state till offset 0 with message format version 2 (kafka.log.UnifiedLog$)
product-trace-kafka              | [2026-06-19 02:49:04,493] INFO Created log for partition __consumer_offsets-22 in /var/lib/kafka/data/__consumer_offsets-22 with properties {cleanup.policy=compact, compression.type="producer", segment.bytes=104857600} (kafka.log.LogManager)
product-trace-kafka              | [2026-06-19 02:49:04,493] INFO [Partition __consumer_offsets-22 broker=1] No checkpointed highwatermark is found for partition __consumer_offsets-22 (kafka.cluster.Partition)
product-trace-kafka              | [2026-06-19 02:49:04,493] INFO [Partition __consumer_offsets-22 broker=1] Log loaded for partition __consumer_offsets-22 with initial high watermark 0 (kafka.cluster.Partition)
product-trace-kafka              | [2026-06-19 02:49:04,493] INFO [Broker id=1] Leader __consumer_offsets-22 with topic id Some(ViOP5iFbRwShO6HbtnRNPw) starts at leader epoch 0 from offset 0 with partition epoch 0, high watermark 0, ISR [1], adding replicas [] and removing replicas [] . Previous leader epoch was -1. (state.change.logger)
nest-ai-service                  | [31m[Nest] 1  - [39m06/19/2026, 2:49:04 AM [31m  ERROR[39m [38;5;3m[ServerKafka] [39m[31mERROR [Connection] Response GroupCoordinator(key: 10, version: 2) {"timestamp":"2026-06-19T02:49:04.499Z","logger":"kafkajs","broker":"kafka:9092","clientId":"nest-ai-service-server","error":"The group coordinator is not available","correlationId":5,"size":55}[39m
product-trace-kafka              | [2026-06-19 02:49:04,515] INFO [LogLoader partition=__consumer_offsets-29, dir=/var/lib/kafka/data] Loading producer state till offset 0 with message format version 2 (kafka.log.UnifiedLog$)
product-trace-kafka              | [2026-06-19 02:49:04,516] INFO Created log for partition __consumer_offsets-29 in /var/lib/kafka/data/__consumer_offsets-29 with properties {cleanup.policy=compact, compression.type="producer", segment.bytes=104857600} (kafka.log.LogManager)
product-trace-kafka              | [2026-06-19 02:49:04,516] INFO [Partition __consumer_offsets-29 broker=1] No checkpointed highwatermark is found for partition __consumer_offsets-29 (kafka.cluster.Partition)
product-trace-kafka              | [2026-06-19 02:49:04,516] INFO [Partition __consumer_offsets-29 broker=1] Log loaded for partition __consumer_offsets-29 with initial high watermark 0 (kafka.cluster.Partition)
product-trace-kafka              | [2026-06-19 02:49:04,516] INFO [Broker id=1] Leader __consumer_offsets-29 with topic id Some(ViOP5iFbRwShO6HbtnRNPw) starts at leader epoch 0 from offset 0 with partition epoch 0, high watermark 0, ISR [1], adding replicas [] and removing replicas [] . Previous leader epoch was -1. (state.change.logger)
product-trace-kafka              | [2026-06-19 02:49:04,536] INFO [LogLoader partition=__consumer_offsets-44, dir=/var/lib/kafka/data] Loading producer state till offset 0 with message format version 2 (kafka.log.UnifiedLog$)
product-trace-kafka              | [2026-06-19 02:49:04,539] INFO Created log for partition __consumer_offsets-44 in /var/lib/kafka/data/__consumer_offsets-44 with properties {cleanup.policy=compact, compression.type="producer", segment.bytes=104857600} (kafka.log.LogManager)
product-trace-kafka              | [2026-06-19 02:49:04,540] INFO [Partition __consumer_offsets-44 broker=1] No checkpointed highwatermark is found for partition __consumer_offsets-44 (kafka.cluster.Partition)
product-trace-kafka              | [2026-06-19 02:49:04,541] INFO [Partition __consumer_offsets-44 broker=1] Log loaded for partition __consumer_offsets-44 with initial high watermark 0 (kafka.cluster.Partition)
product-trace-kafka              | [2026-06-19 02:49:04,543] INFO [Broker id=1] Leader __consumer_offsets-44 with topic id Some(ViOP5iFbRwShO6HbtnRNPw) starts at leader epoch 0 from offset 0 with partition epoch 0, high watermark 0, ISR [1], adding replicas [] and removing replicas [] . Previous leader epoch was -1. (state.change.logger)
product-trace-kafka              | [2026-06-19 02:49:04,558] INFO [LogLoader partition=__consumer_offsets-14, dir=/var/lib/kafka/data] Loading producer state till offset 0 with message format version 2 (kafka.log.UnifiedLog$)
product-trace-kafka              | [2026-06-19 02:49:04,559] INFO Created log for partition __consumer_offsets-14 in /var/lib/kafka/data/__consumer_offsets-14 with properties {cleanup.policy=compact, compression.type="producer", segment.bytes=104857600} (kafka.log.LogManager)
product-trace-kafka              | [2026-06-19 02:49:04,559] INFO [Partition __consumer_offsets-14 broker=1] No checkpointed highwatermark is found for partition __consumer_offsets-14 (kafka.cluster.Partition)
product-trace-kafka              | [2026-06-19 02:49:04,559] INFO [Partition __consumer_offsets-14 broker=1] Log loaded for partition __consumer_offsets-14 with initial high watermark 0 (kafka.cluster.Partition)
product-trace-kafka              | [2026-06-19 02:49:04,559] INFO [Broker id=1] Leader __consumer_offsets-14 with topic id Some(ViOP5iFbRwShO6HbtnRNPw) starts at leader epoch 0 from offset 0 with partition epoch 0, high watermark 0, ISR [1], adding replicas [] and removing replicas [] . Previous leader epoch was -1. (state.change.logger)
product-trace-kafka              | [2026-06-19 02:49:04,575] INFO [LogLoader partition=__consumer_offsets-23, dir=/var/lib/kafka/data] Loading producer state till offset 0 with message format version 2 (kafka.log.UnifiedLog$)
product-trace-kafka              | [2026-06-19 02:49:04,576] INFO Created log for partition __consumer_offsets-23 in /var/lib/kafka/data/__consumer_offsets-23 with properties {cleanup.policy=compact, compression.type="producer", segment.bytes=104857600} (kafka.log.LogManager)
product-trace-kafka              | [2026-06-19 02:49:04,576] INFO [Partition __consumer_offsets-23 broker=1] No checkpointed highwatermark is found for partition __consumer_offsets-23 (kafka.cluster.Partition)
product-trace-kafka              | [2026-06-19 02:49:04,576] INFO [Partition __consumer_offsets-23 broker=1] Log loaded for partition __consumer_offsets-23 with initial high watermark 0 (kafka.cluster.Partition)
product-trace-kafka              | [2026-06-19 02:49:04,576] INFO [Broker id=1] Leader __consumer_offsets-23 with topic id Some(ViOP5iFbRwShO6HbtnRNPw) starts at leader epoch 0 from offset 0 with partition epoch 0, high watermark 0, ISR [1], adding replicas [] and removing replicas [] . Previous leader epoch was -1. (state.change.logger)
product-trace-kafka              | [2026-06-19 02:49:04,593] INFO [LogLoader partition=__consumer_offsets-38, dir=/var/lib/kafka/data] Loading producer state till offset 0 with message format version 2 (kafka.log.UnifiedLog$)
product-trace-kafka              | [2026-06-19 02:49:04,594] INFO Created log for partition __consumer_offsets-38 in /var/lib/kafka/data/__consumer_offsets-38 with properties {cleanup.policy=compact, compression.type="producer", segment.bytes=104857600} (kafka.log.LogManager)
product-trace-kafka              | [2026-06-19 02:49:04,594] INFO [Partition __consumer_offsets-38 broker=1] No checkpointed highwatermark is found for partition __consumer_offsets-38 (kafka.cluster.Partition)
product-trace-kafka              | [2026-06-19 02:49:04,594] INFO [Partition __consumer_offsets-38 broker=1] Log loaded for partition __consumer_offsets-38 with initial high watermark 0 (kafka.cluster.Partition)
product-trace-kafka              | [2026-06-19 02:49:04,595] INFO [Broker id=1] Leader __consumer_offsets-38 with topic id Some(ViOP5iFbRwShO6HbtnRNPw) starts at leader epoch 0 from offset 0 with partition epoch 0, high watermark 0, ISR [1], adding replicas [] and removing replicas [] . Previous leader epoch was -1. (state.change.logger)
product-trace-kafka              | [2026-06-19 02:49:04,611] INFO [LogLoader partition=__consumer_offsets-8, dir=/var/lib/kafka/data] Loading producer state till offset 0 with message format version 2 (kafka.log.UnifiedLog$)
product-trace-kafka              | [2026-06-19 02:49:04,612] INFO Created log for partition __consumer_offsets-8 in /var/lib/kafka/data/__consumer_offsets-8 with properties {cleanup.policy=compact, compression.type="producer", segment.bytes=104857600} (kafka.log.LogManager)
product-trace-kafka              | [2026-06-19 02:49:04,612] INFO [Partition __consumer_offsets-8 broker=1] No checkpointed highwatermark is found for partition __consumer_offsets-8 (kafka.cluster.Partition)
product-trace-kafka              | [2026-06-19 02:49:04,612] INFO [Partition __consumer_offsets-8 broker=1] Log loaded for partition __consumer_offsets-8 with initial high watermark 0 (kafka.cluster.Partition)
product-trace-kafka              | [2026-06-19 02:49:04,612] INFO [Broker id=1] Leader __consumer_offsets-8 with topic id Some(ViOP5iFbRwShO6HbtnRNPw) starts at leader epoch 0 from offset 0 with partition epoch 0, high watermark 0, ISR [1], adding replicas [] and removing replicas [] . Previous leader epoch was -1. (state.change.logger)
product-trace-kafka              | [2026-06-19 02:49:04,629] INFO [LogLoader partition=__consumer_offsets-45, dir=/var/lib/kafka/data] Loading producer state till offset 0 with message format version 2 (kafka.log.UnifiedLog$)
product-trace-kafka              | [2026-06-19 02:49:04,630] INFO Created log for partition __consumer_offsets-45 in /var/lib/kafka/data/__consumer_offsets-45 with properties {cleanup.policy=compact, compression.type="producer", segment.bytes=104857600} (kafka.log.LogManager)
product-trace-kafka              | [2026-06-19 02:49:04,631] INFO [Partition __consumer_offsets-45 broker=1] No checkpointed highwatermark is found for partition __consumer_offsets-45 (kafka.cluster.Partition)
product-trace-kafka              | [2026-06-19 02:49:04,631] INFO [Partition __consumer_offsets-45 broker=1] Log loaded for partition __consumer_offsets-45 with initial high watermark 0 (kafka.cluster.Partition)
product-trace-kafka              | [2026-06-19 02:49:04,631] INFO [Broker id=1] Leader __consumer_offsets-45 with topic id Some(ViOP5iFbRwShO6HbtnRNPw) starts at leader epoch 0 from offset 0 with partition epoch 0, high watermark 0, ISR [1], adding replicas [] and removing replicas [] . Previous leader epoch was -1. (state.change.logger)
product-trace-kafka              | [2026-06-19 02:49:04,646] INFO [LogLoader partition=__consumer_offsets-15, dir=/var/lib/kafka/data] Loading producer state till offset 0 with message format version 2 (kafka.log.UnifiedLog$)
product-trace-kafka              | [2026-06-19 02:49:04,647] INFO Created log for partition __consumer_offsets-15 in /var/lib/kafka/data/__consumer_offsets-15 with properties {cleanup.policy=compact, compression.type="producer", segment.bytes=104857600} (kafka.log.LogManager)
product-trace-kafka              | [2026-06-19 02:49:04,647] INFO [Partition __consumer_offsets-15 broker=1] No checkpointed highwatermark is found for partition __consumer_offsets-15 (kafka.cluster.Partition)
product-trace-kafka              | [2026-06-19 02:49:04,647] INFO [Partition __consumer_offsets-15 broker=1] Log loaded for partition __consumer_offsets-15 with initial high watermark 0 (kafka.cluster.Partition)
product-trace-kafka              | [2026-06-19 02:49:04,648] INFO [Broker id=1] Leader __consumer_offsets-15 with topic id Some(ViOP5iFbRwShO6HbtnRNPw) starts at leader epoch 0 from offset 0 with partition epoch 0, high watermark 0, ISR [1], adding replicas [] and removing replicas [] . Previous leader epoch was -1. (state.change.logger)
product-trace-kafka              | [2026-06-19 02:49:04,665] INFO [LogLoader partition=__consumer_offsets-30, dir=/var/lib/kafka/data] Loading producer state till offset 0 with message format version 2 (kafka.log.UnifiedLog$)
product-trace-kafka              | [2026-06-19 02:49:04,667] INFO Created log for partition __consumer_offsets-30 in /var/lib/kafka/data/__consumer_offsets-30 with properties {cleanup.policy=compact, compression.type="producer", segment.bytes=104857600} (kafka.log.LogManager)
product-trace-kafka              | [2026-06-19 02:49:04,667] INFO [Partition __consumer_offsets-30 broker=1] No checkpointed highwatermark is found for partition __consumer_offsets-30 (kafka.cluster.Partition)
product-trace-kafka              | [2026-06-19 02:49:04,667] INFO [Partition __consumer_offsets-30 broker=1] Log loaded for partition __consumer_offsets-30 with initial high watermark 0 (kafka.cluster.Partition)
product-trace-kafka              | [2026-06-19 02:49:04,667] INFO [Broker id=1] Leader __consumer_offsets-30 with topic id Some(ViOP5iFbRwShO6HbtnRNPw) starts at leader epoch 0 from offset 0 with partition epoch 0, high watermark 0, ISR [1], adding replicas [] and removing replicas [] . Previous leader epoch was -1. (state.change.logger)
product-trace-kafka              | [2026-06-19 02:49:04,688] INFO [LogLoader partition=__consumer_offsets-0, dir=/var/lib/kafka/data] Loading producer state till offset 0 with message format version 2 (kafka.log.UnifiedLog$)
product-trace-kafka              | [2026-06-19 02:49:04,690] INFO Created log for partition __consumer_offsets-0 in /var/lib/kafka/data/__consumer_offsets-0 with properties {cleanup.policy=compact, compression.type="producer", segment.bytes=104857600} (kafka.log.LogManager)
product-trace-kafka              | [2026-06-19 02:49:04,690] INFO [Partition __consumer_offsets-0 broker=1] No checkpointed highwatermark is found for partition __consumer_offsets-0 (kafka.cluster.Partition)
product-trace-kafka              | [2026-06-19 02:49:04,690] INFO [Partition __consumer_offsets-0 broker=1] Log loaded for partition __consumer_offsets-0 with initial high watermark 0 (kafka.cluster.Partition)
product-trace-kafka              | [2026-06-19 02:49:04,690] INFO [Broker id=1] Leader __consumer_offsets-0 with topic id Some(ViOP5iFbRwShO6HbtnRNPw) starts at leader epoch 0 from offset 0 with partition epoch 0, high watermark 0, ISR [1], adding replicas [] and removing replicas [] . Previous leader epoch was -1. (state.change.logger)
product-trace-kafka              | [2026-06-19 02:49:04,712] INFO [LogLoader partition=__consumer_offsets-35, dir=/var/lib/kafka/data] Loading producer state till offset 0 with message format version 2 (kafka.log.UnifiedLog$)
product-trace-kafka              | [2026-06-19 02:49:04,714] INFO Created log for partition __consumer_offsets-35 in /var/lib/kafka/data/__consumer_offsets-35 with properties {cleanup.policy=compact, compression.type="producer", segment.bytes=104857600} (kafka.log.LogManager)
product-trace-kafka              | [2026-06-19 02:49:04,714] INFO [Partition __consumer_offsets-35 broker=1] No checkpointed highwatermark is found for partition __consumer_offsets-35 (kafka.cluster.Partition)
product-trace-kafka              | [2026-06-19 02:49:04,714] INFO [Partition __consumer_offsets-35 broker=1] Log loaded for partition __consumer_offsets-35 with initial high watermark 0 (kafka.cluster.Partition)
product-trace-kafka              | [2026-06-19 02:49:04,714] INFO [Broker id=1] Leader __consumer_offsets-35 with topic id Some(ViOP5iFbRwShO6HbtnRNPw) starts at leader epoch 0 from offset 0 with partition epoch 0, high watermark 0, ISR [1], adding replicas [] and removing replicas [] . Previous leader epoch was -1. (state.change.logger)
product-trace-kafka              | [2026-06-19 02:49:04,740] INFO [LogLoader partition=__consumer_offsets-5, dir=/var/lib/kafka/data] Loading producer state till offset 0 with message format version 2 (kafka.log.UnifiedLog$)
product-trace-kafka              | [2026-06-19 02:49:04,742] INFO Created log for partition __consumer_offsets-5 in /var/lib/kafka/data/__consumer_offsets-5 with properties {cleanup.policy=compact, compression.type="producer", segment.bytes=104857600} (kafka.log.LogManager)
product-trace-kafka              | [2026-06-19 02:49:04,742] INFO [Partition __consumer_offsets-5 broker=1] No checkpointed highwatermark is found for partition __consumer_offsets-5 (kafka.cluster.Partition)
product-trace-kafka              | [2026-06-19 02:49:04,742] INFO [Partition __consumer_offsets-5 broker=1] Log loaded for partition __consumer_offsets-5 with initial high watermark 0 (kafka.cluster.Partition)
product-trace-kafka              | [2026-06-19 02:49:04,743] INFO [Broker id=1] Leader __consumer_offsets-5 with topic id Some(ViOP5iFbRwShO6HbtnRNPw) starts at leader epoch 0 from offset 0 with partition epoch 0, high watermark 0, ISR [1], adding replicas [] and removing replicas [] . Previous leader epoch was -1. (state.change.logger)
product-trace-kafka              | [2026-06-19 02:49:04,764] INFO [LogLoader partition=__consumer_offsets-20, dir=/var/lib/kafka/data] Loading producer state till offset 0 with message format version 2 (kafka.log.UnifiedLog$)
product-trace-kafka              | [2026-06-19 02:49:04,766] INFO Created log for partition __consumer_offsets-20 in /var/lib/kafka/data/__consumer_offsets-20 with properties {cleanup.policy=compact, compression.type="producer", segment.bytes=104857600} (kafka.log.LogManager)
product-trace-kafka              | [2026-06-19 02:49:04,766] INFO [Partition __consumer_offsets-20 broker=1] No checkpointed highwatermark is found for partition __consumer_offsets-20 (kafka.cluster.Partition)
product-trace-kafka              | [2026-06-19 02:49:04,767] INFO [Partition __consumer_offsets-20 broker=1] Log loaded for partition __consumer_offsets-20 with initial high watermark 0 (kafka.cluster.Partition)
product-trace-kafka              | [2026-06-19 02:49:04,767] INFO [Broker id=1] Leader __consumer_offsets-20 with topic id Some(ViOP5iFbRwShO6HbtnRNPw) starts at leader epoch 0 from offset 0 with partition epoch 0, high watermark 0, ISR [1], adding replicas [] and removing replicas [] . Previous leader epoch was -1. (state.change.logger)
product-trace-kafka              | [2026-06-19 02:49:04,795] INFO [LogLoader partition=__consumer_offsets-27, dir=/var/lib/kafka/data] Loading producer state till offset 0 with message format version 2 (kafka.log.UnifiedLog$)
product-trace-kafka              | [2026-06-19 02:49:04,797] INFO Created log for partition __consumer_offsets-27 in /var/lib/kafka/data/__consumer_offsets-27 with properties {cleanup.policy=compact, compression.type="producer", segment.bytes=104857600} (kafka.log.LogManager)
product-trace-kafka              | [2026-06-19 02:49:04,797] INFO [Partition __consumer_offsets-27 broker=1] No checkpointed highwatermark is found for partition __consumer_offsets-27 (kafka.cluster.Partition)
product-trace-kafka              | [2026-06-19 02:49:04,798] INFO [Partition __consumer_offsets-27 broker=1] Log loaded for partition __consumer_offsets-27 with initial high watermark 0 (kafka.cluster.Partition)
product-trace-kafka              | [2026-06-19 02:49:04,798] INFO [Broker id=1] Leader __consumer_offsets-27 with topic id Some(ViOP5iFbRwShO6HbtnRNPw) starts at leader epoch 0 from offset 0 with partition epoch 0, high watermark 0, ISR [1], adding replicas [] and removing replicas [] . Previous leader epoch was -1. (state.change.logger)
product-trace-kafka              | [2026-06-19 02:49:04,826] INFO [LogLoader partition=__consumer_offsets-42, dir=/var/lib/kafka/data] Loading producer state till offset 0 with message format version 2 (kafka.log.UnifiedLog$)
product-trace-kafka              | [2026-06-19 02:49:04,827] INFO Created log for partition __consumer_offsets-42 in /var/lib/kafka/data/__consumer_offsets-42 with properties {cleanup.policy=compact, compression.type="producer", segment.bytes=104857600} (kafka.log.LogManager)
product-trace-kafka              | [2026-06-19 02:49:04,827] INFO [Partition __consumer_offsets-42 broker=1] No checkpointed highwatermark is found for partition __consumer_offsets-42 (kafka.cluster.Partition)
product-trace-kafka              | [2026-06-19 02:49:04,827] INFO [Partition __consumer_offsets-42 broker=1] Log loaded for partition __consumer_offsets-42 with initial high watermark 0 (kafka.cluster.Partition)
product-trace-kafka              | [2026-06-19 02:49:04,827] INFO [Broker id=1] Leader __consumer_offsets-42 with topic id Some(ViOP5iFbRwShO6HbtnRNPw) starts at leader epoch 0 from offset 0 with partition epoch 0, high watermark 0, ISR [1], adding replicas [] and removing replicas [] . Previous leader epoch was -1. (state.change.logger)
product-trace-kafka              | [2026-06-19 02:49:04,847] INFO [LogLoader partition=__consumer_offsets-12, dir=/var/lib/kafka/data] Loading producer state till offset 0 with message format version 2 (kafka.log.UnifiedLog$)
product-trace-kafka              | [2026-06-19 02:49:04,849] INFO Created log for partition __consumer_offsets-12 in /var/lib/kafka/data/__consumer_offsets-12 with properties {cleanup.policy=compact, compression.type="producer", segment.bytes=104857600} (kafka.log.LogManager)
product-trace-kafka              | [2026-06-19 02:49:04,849] INFO [Partition __consumer_offsets-12 broker=1] No checkpointed highwatermark is found for partition __consumer_offsets-12 (kafka.cluster.Partition)
product-trace-kafka              | [2026-06-19 02:49:04,849] INFO [Partition __consumer_offsets-12 broker=1] Log loaded for partition __consumer_offsets-12 with initial high watermark 0 (kafka.cluster.Partition)
product-trace-kafka              | [2026-06-19 02:49:04,851] INFO [Broker id=1] Leader __consumer_offsets-12 with topic id Some(ViOP5iFbRwShO6HbtnRNPw) starts at leader epoch 0 from offset 0 with partition epoch 0, high watermark 0, ISR [1], adding replicas [] and removing replicas [] . Previous leader epoch was -1. (state.change.logger)
product-trace-kafka              | [2026-06-19 02:49:04,889] INFO [LogLoader partition=__consumer_offsets-21, dir=/var/lib/kafka/data] Loading producer state till offset 0 with message format version 2 (kafka.log.UnifiedLog$)
product-trace-kafka              | [2026-06-19 02:49:04,891] INFO Created log for partition __consumer_offsets-21 in /var/lib/kafka/data/__consumer_offsets-21 with properties {cleanup.policy=compact, compression.type="producer", segment.bytes=104857600} (kafka.log.LogManager)
product-trace-kafka              | [2026-06-19 02:49:04,891] INFO [Partition __consumer_offsets-21 broker=1] No checkpointed highwatermark is found for partition __consumer_offsets-21 (kafka.cluster.Partition)
product-trace-kafka              | [2026-06-19 02:49:04,891] INFO [Partition __consumer_offsets-21 broker=1] Log loaded for partition __consumer_offsets-21 with initial high watermark 0 (kafka.cluster.Partition)
product-trace-kafka              | [2026-06-19 02:49:04,891] INFO [Broker id=1] Leader __consumer_offsets-21 with topic id Some(ViOP5iFbRwShO6HbtnRNPw) starts at leader epoch 0 from offset 0 with partition epoch 0, high watermark 0, ISR [1], adding replicas [] and removing replicas [] . Previous leader epoch was -1. (state.change.logger)
product-trace-kafka              | [2026-06-19 02:49:04,915] INFO [LogLoader partition=__consumer_offsets-36, dir=/var/lib/kafka/data] Loading producer state till offset 0 with message format version 2 (kafka.log.UnifiedLog$)
product-trace-kafka              | [2026-06-19 02:49:04,918] INFO Created log for partition __consumer_offsets-36 in /var/lib/kafka/data/__consumer_offsets-36 with properties {cleanup.policy=compact, compression.type="producer", segment.bytes=104857600} (kafka.log.LogManager)
product-trace-kafka              | [2026-06-19 02:49:04,918] INFO [Partition __consumer_offsets-36 broker=1] No checkpointed highwatermark is found for partition __consumer_offsets-36 (kafka.cluster.Partition)
product-trace-kafka              | [2026-06-19 02:49:04,918] INFO [Partition __consumer_offsets-36 broker=1] Log loaded for partition __consumer_offsets-36 with initial high watermark 0 (kafka.cluster.Partition)
product-trace-kafka              | [2026-06-19 02:49:04,918] INFO [Broker id=1] Leader __consumer_offsets-36 with topic id Some(ViOP5iFbRwShO6HbtnRNPw) starts at leader epoch 0 from offset 0 with partition epoch 0, high watermark 0, ISR [1], adding replicas [] and removing replicas [] . Previous leader epoch was -1. (state.change.logger)
product-trace-kafka              | [2026-06-19 02:49:04,952] INFO [LogLoader partition=__consumer_offsets-6, dir=/var/lib/kafka/data] Loading producer state till offset 0 with message format version 2 (kafka.log.UnifiedLog$)
product-trace-kafka              | [2026-06-19 02:49:04,957] INFO Created log for partition __consumer_offsets-6 in /var/lib/kafka/data/__consumer_offsets-6 with properties {cleanup.policy=compact, compression.type="producer", segment.bytes=104857600} (kafka.log.LogManager)
product-trace-kafka              | [2026-06-19 02:49:04,958] INFO [Partition __consumer_offsets-6 broker=1] No checkpointed highwatermark is found for partition __consumer_offsets-6 (kafka.cluster.Partition)
product-trace-kafka              | [2026-06-19 02:49:04,958] INFO [Partition __consumer_offsets-6 broker=1] Log loaded for partition __consumer_offsets-6 with initial high watermark 0 (kafka.cluster.Partition)
product-trace-kafka              | [2026-06-19 02:49:04,959] INFO [Broker id=1] Leader __consumer_offsets-6 with topic id Some(ViOP5iFbRwShO6HbtnRNPw) starts at leader epoch 0 from offset 0 with partition epoch 0, high watermark 0, ISR [1], adding replicas [] and removing replicas [] . Previous leader epoch was -1. (state.change.logger)
product-trace-kafka              | [2026-06-19 02:49:04,993] INFO [LogLoader partition=__consumer_offsets-43, dir=/var/lib/kafka/data] Loading producer state till offset 0 with message format version 2 (kafka.log.UnifiedLog$)
product-trace-kafka              | [2026-06-19 02:49:04,998] INFO Created log for partition __consumer_offsets-43 in /var/lib/kafka/data/__consumer_offsets-43 with properties {cleanup.policy=compact, compression.type="producer", segment.bytes=104857600} (kafka.log.LogManager)
product-trace-kafka              | [2026-06-19 02:49:04,998] INFO [Partition __consumer_offsets-43 broker=1] No checkpointed highwatermark is found for partition __consumer_offsets-43 (kafka.cluster.Partition)
product-trace-kafka              | [2026-06-19 02:49:04,998] INFO [Partition __consumer_offsets-43 broker=1] Log loaded for partition __consumer_offsets-43 with initial high watermark 0 (kafka.cluster.Partition)
product-trace-kafka              | [2026-06-19 02:49:04,999] INFO [Broker id=1] Leader __consumer_offsets-43 with topic id Some(ViOP5iFbRwShO6HbtnRNPw) starts at leader epoch 0 from offset 0 with partition epoch 0, high watermark 0, ISR [1], adding replicas [] and removing replicas [] . Previous leader epoch was -1. (state.change.logger)
product-trace-kafka              | [2026-06-19 02:49:05,025] INFO [LogLoader partition=__consumer_offsets-13, dir=/var/lib/kafka/data] Loading producer state till offset 0 with message format version 2 (kafka.log.UnifiedLog$)
product-trace-kafka              | [2026-06-19 02:49:05,027] INFO Created log for partition __consumer_offsets-13 in /var/lib/kafka/data/__consumer_offsets-13 with properties {cleanup.policy=compact, compression.type="producer", segment.bytes=104857600} (kafka.log.LogManager)
product-trace-kafka              | [2026-06-19 02:49:05,027] INFO [Partition __consumer_offsets-13 broker=1] No checkpointed highwatermark is found for partition __consumer_offsets-13 (kafka.cluster.Partition)
product-trace-kafka              | [2026-06-19 02:49:05,027] INFO [Partition __consumer_offsets-13 broker=1] Log loaded for partition __consumer_offsets-13 with initial high watermark 0 (kafka.cluster.Partition)
product-trace-kafka              | [2026-06-19 02:49:05,027] INFO [Broker id=1] Leader __consumer_offsets-13 with topic id Some(ViOP5iFbRwShO6HbtnRNPw) starts at leader epoch 0 from offset 0 with partition epoch 0, high watermark 0, ISR [1], adding replicas [] and removing replicas [] . Previous leader epoch was -1. (state.change.logger)
product-trace-kafka              | [2026-06-19 02:49:05,055] INFO [LogLoader partition=__consumer_offsets-28, dir=/var/lib/kafka/data] Loading producer state till offset 0 with message format version 2 (kafka.log.UnifiedLog$)
product-trace-kafka              | [2026-06-19 02:49:05,056] INFO Created log for partition __consumer_offsets-28 in /var/lib/kafka/data/__consumer_offsets-28 with properties {cleanup.policy=compact, compression.type="producer", segment.bytes=104857600} (kafka.log.LogManager)
product-trace-kafka              | [2026-06-19 02:49:05,056] INFO [Partition __consumer_offsets-28 broker=1] No checkpointed highwatermark is found for partition __consumer_offsets-28 (kafka.cluster.Partition)
product-trace-kafka              | [2026-06-19 02:49:05,057] INFO [Partition __consumer_offsets-28 broker=1] Log loaded for partition __consumer_offsets-28 with initial high watermark 0 (kafka.cluster.Partition)
product-trace-kafka              | [2026-06-19 02:49:05,057] INFO [Broker id=1] Leader __consumer_offsets-28 with topic id Some(ViOP5iFbRwShO6HbtnRNPw) starts at leader epoch 0 from offset 0 with partition epoch 0, high watermark 0, ISR [1], adding replicas [] and removing replicas [] . Previous leader epoch was -1. (state.change.logger)
product-trace-kafka              | [2026-06-19 02:49:05,077] TRACE [Broker id=1] Completed LeaderAndIsr request correlationId 5 from controller 1 epoch 1 for the become-leader transition for partition __consumer_offsets-3 (state.change.logger)
product-trace-kafka              | [2026-06-19 02:49:05,077] TRACE [Broker id=1] Completed LeaderAndIsr request correlationId 5 from controller 1 epoch 1 for the become-leader transition for partition __consumer_offsets-18 (state.change.logger)
product-trace-kafka              | [2026-06-19 02:49:05,077] TRACE [Broker id=1] Completed LeaderAndIsr request correlationId 5 from controller 1 epoch 1 for the become-leader transition for partition __consumer_offsets-41 (state.change.logger)
product-trace-kafka              | [2026-06-19 02:49:05,077] TRACE [Broker id=1] Completed LeaderAndIsr request correlationId 5 from controller 1 epoch 1 for the become-leader transition for partition __consumer_offsets-10 (state.change.logger)
product-trace-kafka              | [2026-06-19 02:49:05,077] TRACE [Broker id=1] Completed LeaderAndIsr request correlationId 5 from controller 1 epoch 1 for the become-leader transition for partition __consumer_offsets-33 (state.change.logger)
product-trace-kafka              | [2026-06-19 02:49:05,077] TRACE [Broker id=1] Completed LeaderAndIsr request correlationId 5 from controller 1 epoch 1 for the become-leader transition for partition __consumer_offsets-48 (state.change.logger)
product-trace-kafka              | [2026-06-19 02:49:05,077] TRACE [Broker id=1] Completed LeaderAndIsr request correlationId 5 from controller 1 epoch 1 for the become-leader transition for partition __consumer_offsets-19 (state.change.logger)
product-trace-kafka              | [2026-06-19 02:49:05,078] TRACE [Broker id=1] Completed LeaderAndIsr request correlationId 5 from controller 1 epoch 1 for the become-leader transition for partition __consumer_offsets-34 (state.change.logger)
product-trace-kafka              | [2026-06-19 02:49:05,078] TRACE [Broker id=1] Completed LeaderAndIsr request correlationId 5 from controller 1 epoch 1 for the become-leader transition for partition __consumer_offsets-4 (state.change.logger)
product-trace-kafka              | [2026-06-19 02:49:05,078] TRACE [Broker id=1] Completed LeaderAndIsr request correlationId 5 from controller 1 epoch 1 for the become-leader transition for partition __consumer_offsets-11 (state.change.logger)
product-trace-kafka              | [2026-06-19 02:49:05,078] TRACE [Broker id=1] Completed LeaderAndIsr request correlationId 5 from controller 1 epoch 1 for the become-leader transition for partition __consumer_offsets-26 (state.change.logger)
product-trace-kafka              | [2026-06-19 02:49:05,078] TRACE [Broker id=1] Completed LeaderAndIsr request correlationId 5 from controller 1 epoch 1 for the become-leader transition for partition __consumer_offsets-49 (state.change.logger)
product-trace-kafka              | [2026-06-19 02:49:05,078] TRACE [Broker id=1] Completed LeaderAndIsr request correlationId 5 from controller 1 epoch 1 for the become-leader transition for partition __consumer_offsets-39 (state.change.logger)
product-trace-kafka              | [2026-06-19 02:49:05,078] TRACE [Broker id=1] Completed LeaderAndIsr request correlationId 5 from controller 1 epoch 1 for the become-leader transition for partition __consumer_offsets-9 (state.change.logger)
product-trace-kafka              | [2026-06-19 02:49:05,078] TRACE [Broker id=1] Completed LeaderAndIsr request correlationId 5 from controller 1 epoch 1 for the become-leader transition for partition __consumer_offsets-24 (state.change.logger)
product-trace-kafka              | [2026-06-19 02:49:05,078] TRACE [Broker id=1] Completed LeaderAndIsr request correlationId 5 from controller 1 epoch 1 for the become-leader transition for partition __consumer_offsets-31 (state.change.logger)
product-trace-kafka              | [2026-06-19 02:49:05,078] TRACE [Broker id=1] Completed LeaderAndIsr request correlationId 5 from controller 1 epoch 1 for the become-leader transition for partition __consumer_offsets-46 (state.change.logger)
product-trace-kafka              | [2026-06-19 02:49:05,078] TRACE [Broker id=1] Completed LeaderAndIsr request correlationId 5 from controller 1 epoch 1 for the become-leader transition for partition __consumer_offsets-1 (state.change.logger)
product-trace-kafka              | [2026-06-19 02:49:05,078] TRACE [Broker id=1] Completed LeaderAndIsr request correlationId 5 from controller 1 epoch 1 for the become-leader transition for partition __consumer_offsets-16 (state.change.logger)
product-trace-kafka              | [2026-06-19 02:49:05,078] TRACE [Broker id=1] Completed LeaderAndIsr request correlationId 5 from controller 1 epoch 1 for the become-leader transition for partition __consumer_offsets-2 (state.change.logger)
product-trace-kafka              | [2026-06-19 02:49:05,078] TRACE [Broker id=1] Completed LeaderAndIsr request correlationId 5 from controller 1 epoch 1 for the become-leader transition for partition __consumer_offsets-25 (state.change.logger)
product-trace-kafka              | [2026-06-19 02:49:05,078] TRACE [Broker id=1] Completed LeaderAndIsr request correlationId 5 from controller 1 epoch 1 for the become-leader transition for partition __consumer_offsets-40 (state.change.logger)
product-trace-kafka              | [2026-06-19 02:49:05,078] TRACE [Broker id=1] Completed LeaderAndIsr request correlationId 5 from controller 1 epoch 1 for the become-leader transition for partition __consumer_offsets-47 (state.change.logger)
product-trace-kafka              | [2026-06-19 02:49:05,078] TRACE [Broker id=1] Completed LeaderAndIsr request correlationId 5 from controller 1 epoch 1 for the become-leader transition for partition __consumer_offsets-17 (state.change.logger)
product-trace-kafka              | [2026-06-19 02:49:05,078] TRACE [Broker id=1] Completed LeaderAndIsr request correlationId 5 from controller 1 epoch 1 for the become-leader transition for partition __consumer_offsets-32 (state.change.logger)
product-trace-kafka              | [2026-06-19 02:49:05,078] TRACE [Broker id=1] Completed LeaderAndIsr request correlationId 5 from controller 1 epoch 1 for the become-leader transition for partition __consumer_offsets-37 (state.change.logger)
product-trace-kafka              | [2026-06-19 02:49:05,078] TRACE [Broker id=1] Completed LeaderAndIsr request correlationId 5 from controller 1 epoch 1 for the become-leader transition for partition __consumer_offsets-7 (state.change.logger)
product-trace-kafka              | [2026-06-19 02:49:05,078] TRACE [Broker id=1] Completed LeaderAndIsr request correlationId 5 from controller 1 epoch 1 for the become-leader transition for partition __consumer_offsets-22 (state.change.logger)
product-trace-kafka              | [2026-06-19 02:49:05,078] TRACE [Broker id=1] Completed LeaderAndIsr request correlationId 5 from controller 1 epoch 1 for the become-leader transition for partition __consumer_offsets-29 (state.change.logger)
product-trace-kafka              | [2026-06-19 02:49:05,078] TRACE [Broker id=1] Completed LeaderAndIsr request correlationId 5 from controller 1 epoch 1 for the become-leader transition for partition __consumer_offsets-44 (state.change.logger)
product-trace-kafka              | [2026-06-19 02:49:05,078] TRACE [Broker id=1] Completed LeaderAndIsr request correlationId 5 from controller 1 epoch 1 for the become-leader transition for partition __consumer_offsets-14 (state.change.logger)
product-trace-kafka              | [2026-06-19 02:49:05,078] TRACE [Broker id=1] Completed LeaderAndIsr request correlationId 5 from controller 1 epoch 1 for the become-leader transition for partition __consumer_offsets-23 (state.change.logger)
product-trace-kafka              | [2026-06-19 02:49:05,078] TRACE [Broker id=1] Completed LeaderAndIsr request correlationId 5 from controller 1 epoch 1 for the become-leader transition for partition __consumer_offsets-38 (state.change.logger)
product-trace-kafka              | [2026-06-19 02:49:05,078] TRACE [Broker id=1] Completed LeaderAndIsr request correlationId 5 from controller 1 epoch 1 for the become-leader transition for partition __consumer_offsets-8 (state.change.logger)
product-trace-kafka              | [2026-06-19 02:49:05,078] TRACE [Broker id=1] Completed LeaderAndIsr request correlationId 5 from controller 1 epoch 1 for the become-leader transition for partition __consumer_offsets-45 (state.change.logger)
product-trace-kafka              | [2026-06-19 02:49:05,078] TRACE [Broker id=1] Completed LeaderAndIsr request correlationId 5 from controller 1 epoch 1 for the become-leader transition for partition __consumer_offsets-15 (state.change.logger)
product-trace-kafka              | [2026-06-19 02:49:05,078] TRACE [Broker id=1] Completed LeaderAndIsr request correlationId 5 from controller 1 epoch 1 for the become-leader transition for partition __consumer_offsets-30 (state.change.logger)
product-trace-kafka              | [2026-06-19 02:49:05,078] TRACE [Broker id=1] Completed LeaderAndIsr request correlationId 5 from controller 1 epoch 1 for the become-leader transition for partition __consumer_offsets-0 (state.change.logger)
product-trace-kafka              | [2026-06-19 02:49:05,078] TRACE [Broker id=1] Completed LeaderAndIsr request correlationId 5 from controller 1 epoch 1 for the become-leader transition for partition __consumer_offsets-35 (state.change.logger)
product-trace-kafka              | [2026-06-19 02:49:05,078] TRACE [Broker id=1] Completed LeaderAndIsr request correlationId 5 from controller 1 epoch 1 for the become-leader transition for partition __consumer_offsets-5 (state.change.logger)
product-trace-kafka              | [2026-06-19 02:49:05,078] TRACE [Broker id=1] Completed LeaderAndIsr request correlationId 5 from controller 1 epoch 1 for the become-leader transition for partition __consumer_offsets-20 (state.change.logger)
product-trace-kafka              | [2026-06-19 02:49:05,078] TRACE [Broker id=1] Completed LeaderAndIsr request correlationId 5 from controller 1 epoch 1 for the become-leader transition for partition __consumer_offsets-27 (state.change.logger)
product-trace-kafka              | [2026-06-19 02:49:05,078] TRACE [Broker id=1] Completed LeaderAndIsr request correlationId 5 from controller 1 epoch 1 for the become-leader transition for partition __consumer_offsets-42 (state.change.logger)
product-trace-kafka              | [2026-06-19 02:49:05,078] TRACE [Broker id=1] Completed LeaderAndIsr request correlationId 5 from controller 1 epoch 1 for the become-leader transition for partition __consumer_offsets-12 (state.change.logger)
product-trace-kafka              | [2026-06-19 02:49:05,078] TRACE [Broker id=1] Completed LeaderAndIsr request correlationId 5 from controller 1 epoch 1 for the become-leader transition for partition __consumer_offsets-21 (state.change.logger)
product-trace-kafka              | [2026-06-19 02:49:05,078] TRACE [Broker id=1] Completed LeaderAndIsr request correlationId 5 from controller 1 epoch 1 for the become-leader transition for partition __consumer_offsets-36 (state.change.logger)
product-trace-kafka              | [2026-06-19 02:49:05,078] TRACE [Broker id=1] Completed LeaderAndIsr request correlationId 5 from controller 1 epoch 1 for the become-leader transition for partition __consumer_offsets-6 (state.change.logger)
product-trace-kafka              | [2026-06-19 02:49:05,078] TRACE [Broker id=1] Completed LeaderAndIsr request correlationId 5 from controller 1 epoch 1 for the become-leader transition for partition __consumer_offsets-43 (state.change.logger)
product-trace-kafka              | [2026-06-19 02:49:05,078] TRACE [Broker id=1] Completed LeaderAndIsr request correlationId 5 from controller 1 epoch 1 for the become-leader transition for partition __consumer_offsets-13 (state.change.logger)
product-trace-kafka              | [2026-06-19 02:49:05,078] TRACE [Broker id=1] Completed LeaderAndIsr request correlationId 5 from controller 1 epoch 1 for the become-leader transition for partition __consumer_offsets-28 (state.change.logger)
product-trace-kafka              | [2026-06-19 02:49:05,080] INFO [GroupCoordinator 1]: Elected as the group coordinator for partition 3 in epoch 0 (kafka.coordinator.group.GroupCoordinator)
product-trace-kafka              | [2026-06-19 02:49:05,093] INFO [GroupMetadataManager brokerId=1] Scheduling loading of offsets and group metadata from __consumer_offsets-3 for epoch 0 (kafka.coordinator.group.GroupMetadataManager)
product-trace-kafka              | [2026-06-19 02:49:05,100] INFO [GroupCoordinator 1]: Elected as the group coordinator for partition 18 in epoch 0 (kafka.coordinator.group.GroupCoordinator)
product-trace-kafka              | [2026-06-19 02:49:05,101] INFO [GroupMetadataManager brokerId=1] Scheduling loading of offsets and group metadata from __consumer_offsets-18 for epoch 0 (kafka.coordinator.group.GroupMetadataManager)
product-trace-kafka              | [2026-06-19 02:49:05,101] INFO [GroupCoordinator 1]: Elected as the group coordinator for partition 41 in epoch 0 (kafka.coordinator.group.GroupCoordinator)
product-trace-kafka              | [2026-06-19 02:49:05,101] INFO [GroupMetadataManager brokerId=1] Scheduling loading of offsets and group metadata from __consumer_offsets-41 for epoch 0 (kafka.coordinator.group.GroupMetadataManager)
product-trace-kafka              | [2026-06-19 02:49:05,101] INFO [GroupCoordinator 1]: Elected as the group coordinator for partition 10 in epoch 0 (kafka.coordinator.group.GroupCoordinator)
product-trace-kafka              | [2026-06-19 02:49:05,101] INFO [GroupMetadataManager brokerId=1] Scheduling loading of offsets and group metadata from __consumer_offsets-10 for epoch 0 (kafka.coordinator.group.GroupMetadataManager)
product-trace-kafka              | [2026-06-19 02:49:05,101] INFO [GroupCoordinator 1]: Elected as the group coordinator for partition 33 in epoch 0 (kafka.coordinator.group.GroupCoordinator)
product-trace-kafka              | [2026-06-19 02:49:05,101] INFO [GroupMetadataManager brokerId=1] Scheduling loading of offsets and group metadata from __consumer_offsets-33 for epoch 0 (kafka.coordinator.group.GroupMetadataManager)
product-trace-kafka              | [2026-06-19 02:49:05,101] INFO [GroupCoordinator 1]: Elected as the group coordinator for partition 48 in epoch 0 (kafka.coordinator.group.GroupCoordinator)
product-trace-kafka              | [2026-06-19 02:49:05,101] INFO [GroupMetadataManager brokerId=1] Scheduling loading of offsets and group metadata from __consumer_offsets-48 for epoch 0 (kafka.coordinator.group.GroupMetadataManager)
product-trace-kafka              | [2026-06-19 02:49:05,101] INFO [GroupCoordinator 1]: Elected as the group coordinator for partition 19 in epoch 0 (kafka.coordinator.group.GroupCoordinator)
product-trace-kafka              | [2026-06-19 02:49:05,101] INFO [GroupMetadataManager brokerId=1] Scheduling loading of offsets and group metadata from __consumer_offsets-19 for epoch 0 (kafka.coordinator.group.GroupMetadataManager)
product-trace-kafka              | [2026-06-19 02:49:05,101] INFO [GroupCoordinator 1]: Elected as the group coordinator for partition 34 in epoch 0 (kafka.coordinator.group.GroupCoordinator)
product-trace-kafka              | [2026-06-19 02:49:05,101] INFO [GroupMetadataManager brokerId=1] Scheduling loading of offsets and group metadata from __consumer_offsets-34 for epoch 0 (kafka.coordinator.group.GroupMetadataManager)
product-trace-kafka              | [2026-06-19 02:49:05,101] INFO [GroupCoordinator 1]: Elected as the group coordinator for partition 4 in epoch 0 (kafka.coordinator.group.GroupCoordinator)
product-trace-kafka              | [2026-06-19 02:49:05,101] INFO [GroupMetadataManager brokerId=1] Scheduling loading of offsets and group metadata from __consumer_offsets-4 for epoch 0 (kafka.coordinator.group.GroupMetadataManager)
product-trace-kafka              | [2026-06-19 02:49:05,102] INFO [GroupCoordinator 1]: Elected as the group coordinator for partition 11 in epoch 0 (kafka.coordinator.group.GroupCoordinator)
product-trace-kafka              | [2026-06-19 02:49:05,102] INFO [GroupMetadataManager brokerId=1] Scheduling loading of offsets and group metadata from __consumer_offsets-11 for epoch 0 (kafka.coordinator.group.GroupMetadataManager)
product-trace-kafka              | [2026-06-19 02:49:05,102] INFO [GroupCoordinator 1]: Elected as the group coordinator for partition 26 in epoch 0 (kafka.coordinator.group.GroupCoordinator)
product-trace-kafka              | [2026-06-19 02:49:05,102] INFO [GroupMetadataManager brokerId=1] Scheduling loading of offsets and group metadata from __consumer_offsets-26 for epoch 0 (kafka.coordinator.group.GroupMetadataManager)
product-trace-kafka              | [2026-06-19 02:49:05,102] INFO [GroupCoordinator 1]: Elected as the group coordinator for partition 49 in epoch 0 (kafka.coordinator.group.GroupCoordinator)
product-trace-kafka              | [2026-06-19 02:49:05,102] INFO [GroupMetadataManager brokerId=1] Scheduling loading of offsets and group metadata from __consumer_offsets-49 for epoch 0 (kafka.coordinator.group.GroupMetadataManager)
product-trace-kafka              | [2026-06-19 02:49:05,102] INFO [GroupCoordinator 1]: Elected as the group coordinator for partition 39 in epoch 0 (kafka.coordinator.group.GroupCoordinator)
product-trace-kafka              | [2026-06-19 02:49:05,102] INFO [GroupMetadataManager brokerId=1] Scheduling loading of offsets and group metadata from __consumer_offsets-39 for epoch 0 (kafka.coordinator.group.GroupMetadataManager)
product-trace-kafka              | [2026-06-19 02:49:05,103] INFO [GroupCoordinator 1]: Elected as the group coordinator for partition 9 in epoch 0 (kafka.coordinator.group.GroupCoordinator)
product-trace-kafka              | [2026-06-19 02:49:05,103] INFO [GroupMetadataManager brokerId=1] Scheduling loading of offsets and group metadata from __consumer_offsets-9 for epoch 0 (kafka.coordinator.group.GroupMetadataManager)
product-trace-kafka              | [2026-06-19 02:49:05,103] INFO [GroupCoordinator 1]: Elected as the group coordinator for partition 24 in epoch 0 (kafka.coordinator.group.GroupCoordinator)
product-trace-kafka              | [2026-06-19 02:49:05,103] INFO [GroupMetadataManager brokerId=1] Scheduling loading of offsets and group metadata from __consumer_offsets-24 for epoch 0 (kafka.coordinator.group.GroupMetadataManager)
product-trace-kafka              | [2026-06-19 02:49:05,103] INFO [GroupCoordinator 1]: Elected as the group coordinator for partition 31 in epoch 0 (kafka.coordinator.group.GroupCoordinator)
product-trace-kafka              | [2026-06-19 02:49:05,103] INFO [GroupMetadataManager brokerId=1] Scheduling loading of offsets and group metadata from __consumer_offsets-31 for epoch 0 (kafka.coordinator.group.GroupMetadataManager)
product-trace-kafka              | [2026-06-19 02:49:05,103] INFO [GroupCoordinator 1]: Elected as the group coordinator for partition 46 in epoch 0 (kafka.coordinator.group.GroupCoordinator)
product-trace-kafka              | [2026-06-19 02:49:05,103] INFO [GroupMetadataManager brokerId=1] Scheduling loading of offsets and group metadata from __consumer_offsets-46 for epoch 0 (kafka.coordinator.group.GroupMetadataManager)
product-trace-kafka              | [2026-06-19 02:49:05,103] INFO [GroupCoordinator 1]: Elected as the group coordinator for partition 1 in epoch 0 (kafka.coordinator.group.GroupCoordinator)
product-trace-kafka              | [2026-06-19 02:49:05,103] INFO [GroupMetadataManager brokerId=1] Scheduling loading of offsets and group metadata from __consumer_offsets-1 for epoch 0 (kafka.coordinator.group.GroupMetadataManager)
product-trace-kafka              | [2026-06-19 02:49:05,103] INFO [GroupCoordinator 1]: Elected as the group coordinator for partition 16 in epoch 0 (kafka.coordinator.group.GroupCoordinator)
product-trace-kafka              | [2026-06-19 02:49:05,103] INFO [GroupMetadataManager brokerId=1] Scheduling loading of offsets and group metadata from __consumer_offsets-16 for epoch 0 (kafka.coordinator.group.GroupMetadataManager)
product-trace-kafka              | [2026-06-19 02:49:05,104] INFO [GroupCoordinator 1]: Elected as the group coordinator for partition 2 in epoch 0 (kafka.coordinator.group.GroupCoordinator)
product-trace-kafka              | [2026-06-19 02:49:05,104] INFO [GroupMetadataManager brokerId=1] Scheduling loading of offsets and group metadata from __consumer_offsets-2 for epoch 0 (kafka.coordinator.group.GroupMetadataManager)
product-trace-kafka              | [2026-06-19 02:49:05,104] INFO [GroupCoordinator 1]: Elected as the group coordinator for partition 25 in epoch 0 (kafka.coordinator.group.GroupCoordinator)
product-trace-kafka              | [2026-06-19 02:49:05,104] INFO [GroupMetadataManager brokerId=1] Scheduling loading of offsets and group metadata from __consumer_offsets-25 for epoch 0 (kafka.coordinator.group.GroupMetadataManager)
product-trace-kafka              | [2026-06-19 02:49:05,104] INFO [GroupCoordinator 1]: Elected as the group coordinator for partition 40 in epoch 0 (kafka.coordinator.group.GroupCoordinator)
product-trace-kafka              | [2026-06-19 02:49:05,104] INFO [GroupMetadataManager brokerId=1] Scheduling loading of offsets and group metadata from __consumer_offsets-40 for epoch 0 (kafka.coordinator.group.GroupMetadataManager)
product-trace-kafka              | [2026-06-19 02:49:05,104] INFO [GroupCoordinator 1]: Elected as the group coordinator for partition 47 in epoch 0 (kafka.coordinator.group.GroupCoordinator)
product-trace-kafka              | [2026-06-19 02:49:05,104] INFO [GroupMetadataManager brokerId=1] Scheduling loading of offsets and group metadata from __consumer_offsets-47 for epoch 0 (kafka.coordinator.group.GroupMetadataManager)
product-trace-kafka              | [2026-06-19 02:49:05,104] INFO [GroupCoordinator 1]: Elected as the group coordinator for partition 17 in epoch 0 (kafka.coordinator.group.GroupCoordinator)
product-trace-kafka              | [2026-06-19 02:49:05,104] INFO [GroupMetadataManager brokerId=1] Scheduling loading of offsets and group metadata from __consumer_offsets-17 for epoch 0 (kafka.coordinator.group.GroupMetadataManager)
product-trace-kafka              | [2026-06-19 02:49:05,104] INFO [GroupCoordinator 1]: Elected as the group coordinator for partition 32 in epoch 0 (kafka.coordinator.group.GroupCoordinator)
product-trace-kafka              | [2026-06-19 02:49:05,104] INFO [GroupMetadataManager brokerId=1] Scheduling loading of offsets and group metadata from __consumer_offsets-32 for epoch 0 (kafka.coordinator.group.GroupMetadataManager)
product-trace-kafka              | [2026-06-19 02:49:05,104] INFO [GroupCoordinator 1]: Elected as the group coordinator for partition 37 in epoch 0 (kafka.coordinator.group.GroupCoordinator)
product-trace-kafka              | [2026-06-19 02:49:05,104] INFO [GroupMetadataManager brokerId=1] Scheduling loading of offsets and group metadata from __consumer_offsets-37 for epoch 0 (kafka.coordinator.group.GroupMetadataManager)
product-trace-kafka              | [2026-06-19 02:49:05,104] INFO [GroupCoordinator 1]: Elected as the group coordinator for partition 7 in epoch 0 (kafka.coordinator.group.GroupCoordinator)
product-trace-kafka              | [2026-06-19 02:49:05,104] INFO [GroupMetadataManager brokerId=1] Scheduling loading of offsets and group metadata from __consumer_offsets-7 for epoch 0 (kafka.coordinator.group.GroupMetadataManager)
product-trace-kafka              | [2026-06-19 02:49:05,104] INFO [GroupCoordinator 1]: Elected as the group coordinator for partition 22 in epoch 0 (kafka.coordinator.group.GroupCoordinator)
product-trace-kafka              | [2026-06-19 02:49:05,104] INFO [GroupMetadataManager brokerId=1] Scheduling loading of offsets and group metadata from __consumer_offsets-22 for epoch 0 (kafka.coordinator.group.GroupMetadataManager)
product-trace-kafka              | [2026-06-19 02:49:05,104] INFO [GroupCoordinator 1]: Elected as the group coordinator for partition 29 in epoch 0 (kafka.coordinator.group.GroupCoordinator)
product-trace-kafka              | [2026-06-19 02:49:05,104] INFO [GroupMetadataManager brokerId=1] Scheduling loading of offsets and group metadata from __consumer_offsets-29 for epoch 0 (kafka.coordinator.group.GroupMetadataManager)
product-trace-kafka              | [2026-06-19 02:49:05,104] INFO [GroupCoordinator 1]: Elected as the group coordinator for partition 44 in epoch 0 (kafka.coordinator.group.GroupCoordinator)
product-trace-kafka              | [2026-06-19 02:49:05,104] INFO [GroupMetadataManager brokerId=1] Scheduling loading of offsets and group metadata from __consumer_offsets-44 for epoch 0 (kafka.coordinator.group.GroupMetadataManager)
product-trace-kafka              | [2026-06-19 02:49:05,104] INFO [GroupCoordinator 1]: Elected as the group coordinator for partition 14 in epoch 0 (kafka.coordinator.group.GroupCoordinator)
product-trace-kafka              | [2026-06-19 02:49:05,104] INFO [GroupMetadataManager brokerId=1] Scheduling loading of offsets and group metadata from __consumer_offsets-14 for epoch 0 (kafka.coordinator.group.GroupMetadataManager)
product-trace-kafka              | [2026-06-19 02:49:05,104] INFO [GroupCoordinator 1]: Elected as the group coordinator for partition 23 in epoch 0 (kafka.coordinator.group.GroupCoordinator)
product-trace-kafka              | [2026-06-19 02:49:05,104] INFO [GroupMetadataManager brokerId=1] Scheduling loading of offsets and group metadata from __consumer_offsets-23 for epoch 0 (kafka.coordinator.group.GroupMetadataManager)
product-trace-kafka              | [2026-06-19 02:49:05,104] INFO [GroupCoordinator 1]: Elected as the group coordinator for partition 38 in epoch 0 (kafka.coordinator.group.GroupCoordinator)
product-trace-kafka              | [2026-06-19 02:49:05,104] INFO [GroupMetadataManager brokerId=1] Scheduling loading of offsets and group metadata from __consumer_offsets-38 for epoch 0 (kafka.coordinator.group.GroupMetadataManager)
product-trace-kafka              | [2026-06-19 02:49:05,104] INFO [GroupCoordinator 1]: Elected as the group coordinator for partition 8 in epoch 0 (kafka.coordinator.group.GroupCoordinator)
product-trace-kafka              | [2026-06-19 02:49:05,104] INFO [GroupMetadataManager brokerId=1] Scheduling loading of offsets and group metadata from __consumer_offsets-8 for epoch 0 (kafka.coordinator.group.GroupMetadataManager)
product-trace-kafka              | [2026-06-19 02:49:05,104] INFO [GroupCoordinator 1]: Elected as the group coordinator for partition 45 in epoch 0 (kafka.coordinator.group.GroupCoordinator)
product-trace-kafka              | [2026-06-19 02:49:05,104] INFO [GroupMetadataManager brokerId=1] Scheduling loading of offsets and group metadata from __consumer_offsets-45 for epoch 0 (kafka.coordinator.group.GroupMetadataManager)
product-trace-kafka              | [2026-06-19 02:49:05,104] INFO [GroupCoordinator 1]: Elected as the group coordinator for partition 15 in epoch 0 (kafka.coordinator.group.GroupCoordinator)
product-trace-kafka              | [2026-06-19 02:49:05,104] INFO [GroupMetadataManager brokerId=1] Scheduling loading of offsets and group metadata from __consumer_offsets-15 for epoch 0 (kafka.coordinator.group.GroupMetadataManager)
product-trace-kafka              | [2026-06-19 02:49:05,104] INFO [GroupCoordinator 1]: Elected as the group coordinator for partition 30 in epoch 0 (kafka.coordinator.group.GroupCoordinator)
product-trace-kafka              | [2026-06-19 02:49:05,104] INFO [GroupMetadataManager brokerId=1] Scheduling loading of offsets and group metadata from __consumer_offsets-30 for epoch 0 (kafka.coordinator.group.GroupMetadataManager)
product-trace-kafka              | [2026-06-19 02:49:05,104] INFO [GroupCoordinator 1]: Elected as the group coordinator for partition 0 in epoch 0 (kafka.coordinator.group.GroupCoordinator)
product-trace-kafka              | [2026-06-19 02:49:05,104] INFO [GroupMetadataManager brokerId=1] Scheduling loading of offsets and group metadata from __consumer_offsets-0 for epoch 0 (kafka.coordinator.group.GroupMetadataManager)
product-trace-kafka              | [2026-06-19 02:49:05,104] INFO [GroupCoordinator 1]: Elected as the group coordinator for partition 35 in epoch 0 (kafka.coordinator.group.GroupCoordinator)
product-trace-kafka              | [2026-06-19 02:49:05,104] INFO [GroupMetadataManager brokerId=1] Scheduling loading of offsets and group metadata from __consumer_offsets-35 for epoch 0 (kafka.coordinator.group.GroupMetadataManager)
product-trace-kafka              | [2026-06-19 02:49:05,104] INFO [GroupCoordinator 1]: Elected as the group coordinator for partition 5 in epoch 0 (kafka.coordinator.group.GroupCoordinator)
product-trace-kafka              | [2026-06-19 02:49:05,104] INFO [GroupMetadataManager brokerId=1] Scheduling loading of offsets and group metadata from __consumer_offsets-5 for epoch 0 (kafka.coordinator.group.GroupMetadataManager)
product-trace-kafka              | [2026-06-19 02:49:05,104] INFO [GroupCoordinator 1]: Elected as the group coordinator for partition 20 in epoch 0 (kafka.coordinator.group.GroupCoordinator)
product-trace-kafka              | [2026-06-19 02:49:05,104] INFO [GroupMetadataManager brokerId=1] Scheduling loading of offsets and group metadata from __consumer_offsets-20 for epoch 0 (kafka.coordinator.group.GroupMetadataManager)
product-trace-kafka              | [2026-06-19 02:49:05,105] INFO [GroupCoordinator 1]: Elected as the group coordinator for partition 27 in epoch 0 (kafka.coordinator.group.GroupCoordinator)
product-trace-kafka              | [2026-06-19 02:49:05,105] INFO [GroupMetadataManager brokerId=1] Scheduling loading of offsets and group metadata from __consumer_offsets-27 for epoch 0 (kafka.coordinator.group.GroupMetadataManager)
product-trace-kafka              | [2026-06-19 02:49:05,105] INFO [GroupCoordinator 1]: Elected as the group coordinator for partition 42 in epoch 0 (kafka.coordinator.group.GroupCoordinator)
product-trace-kafka              | [2026-06-19 02:49:05,105] INFO [GroupMetadataManager brokerId=1] Scheduling loading of offsets and group metadata from __consumer_offsets-42 for epoch 0 (kafka.coordinator.group.GroupMetadataManager)
product-trace-kafka              | [2026-06-19 02:49:05,105] INFO [GroupCoordinator 1]: Elected as the group coordinator for partition 12 in epoch 0 (kafka.coordinator.group.GroupCoordinator)
product-trace-kafka              | [2026-06-19 02:49:05,105] INFO [GroupMetadataManager brokerId=1] Scheduling loading of offsets and group metadata from __consumer_offsets-12 for epoch 0 (kafka.coordinator.group.GroupMetadataManager)
product-trace-kafka              | [2026-06-19 02:49:05,105] INFO [GroupCoordinator 1]: Elected as the group coordinator for partition 21 in epoch 0 (kafka.coordinator.group.GroupCoordinator)
product-trace-kafka              | [2026-06-19 02:49:05,105] INFO [GroupMetadataManager brokerId=1] Scheduling loading of offsets and group metadata from __consumer_offsets-21 for epoch 0 (kafka.coordinator.group.GroupMetadataManager)
product-trace-kafka              | [2026-06-19 02:49:05,105] INFO [GroupCoordinator 1]: Elected as the group coordinator for partition 36 in epoch 0 (kafka.coordinator.group.GroupCoordinator)
product-trace-kafka              | [2026-06-19 02:49:05,105] INFO [GroupMetadataManager brokerId=1] Scheduling loading of offsets and group metadata from __consumer_offsets-36 for epoch 0 (kafka.coordinator.group.GroupMetadataManager)
product-trace-kafka              | [2026-06-19 02:49:05,105] INFO [GroupCoordinator 1]: Elected as the group coordinator for partition 6 in epoch 0 (kafka.coordinator.group.GroupCoordinator)
product-trace-kafka              | [2026-06-19 02:49:05,105] INFO [GroupMetadataManager brokerId=1] Scheduling loading of offsets and group metadata from __consumer_offsets-6 for epoch 0 (kafka.coordinator.group.GroupMetadataManager)
product-trace-kafka              | [2026-06-19 02:49:05,105] INFO [GroupCoordinator 1]: Elected as the group coordinator for partition 43 in epoch 0 (kafka.coordinator.group.GroupCoordinator)
product-trace-kafka              | [2026-06-19 02:49:05,105] INFO [GroupMetadataManager brokerId=1] Scheduling loading of offsets and group metadata from __consumer_offsets-43 for epoch 0 (kafka.coordinator.group.GroupMetadataManager)
product-trace-kafka              | [2026-06-19 02:49:05,105] INFO [GroupCoordinator 1]: Elected as the group coordinator for partition 13 in epoch 0 (kafka.coordinator.group.GroupCoordinator)
product-trace-kafka              | [2026-06-19 02:49:05,106] INFO [GroupMetadataManager brokerId=1] Scheduling loading of offsets and group metadata from __consumer_offsets-13 for epoch 0 (kafka.coordinator.group.GroupMetadataManager)
product-trace-kafka              | [2026-06-19 02:49:05,106] INFO [GroupCoordinator 1]: Elected as the group coordinator for partition 28 in epoch 0 (kafka.coordinator.group.GroupCoordinator)
product-trace-kafka              | [2026-06-19 02:49:05,106] INFO [GroupMetadataManager brokerId=1] Scheduling loading of offsets and group metadata from __consumer_offsets-28 for epoch 0 (kafka.coordinator.group.GroupMetadataManager)
product-trace-kafka              | [2026-06-19 02:49:05,106] INFO [Broker id=1] Finished LeaderAndIsr request in 1288ms correlationId 5 from controller 1 for 50 partitions (state.change.logger)
product-trace-kafka              | [2026-06-19 02:49:05,121] TRACE [Controller id=1 epoch=1] Received response LeaderAndIsrResponseData(errorCode=0, partitionErrors=[], topics=[LeaderAndIsrTopicError(topicId=ViOP5iFbRwShO6HbtnRNPw, partitionErrors=[LeaderAndIsrPartitionError(topicName='', partitionIndex=13, errorCode=0), LeaderAndIsrPartitionError(topicName='', partitionIndex=46, errorCode=0), LeaderAndIsrPartitionError(topicName='', partitionIndex=9, errorCode=0), LeaderAndIsrPartitionError(topicName='', partitionIndex=42, errorCode=0), LeaderAndIsrPartitionError(topicName='', partitionIndex=21, errorCode=0), LeaderAndIsrPartitionError(topicName='', partitionIndex=17, errorCode=0), LeaderAndIsrPartitionError(topicName='', partitionIndex=30, errorCode=0), LeaderAndIsrPartitionError(topicName='', partitionIndex=26, errorCode=0), LeaderAndIsrPartitionError(topicName='', partitionIndex=5, errorCode=0), LeaderAndIsrPartitionError(topicName='', partitionIndex=38, errorCode=0), LeaderAndIsrPartitionError(topicName='', partitionIndex=1, errorCode=0), LeaderAndIsrPartitionError(topicName='', partitionIndex=34, errorCode=0), LeaderAndIsrPartitionError(topicName='', partitionIndex=16, errorCode=0), LeaderAndIsrPartitionError(topicName='', partitionIndex=45, errorCode=0), LeaderAndIsrPartitionError(topicName='', partitionIndex=12, errorCode=0), LeaderAndIsrPartitionError(topicName='', partitionIndex=41, errorCode=0), LeaderAndIsrPartitionError(topicName='', partitionIndex=24, errorCode=0), LeaderAndIsrPartitionError(topicName='', partitionIndex=20, errorCode=0), LeaderAndIsrPartitionError(topicName='', partitionIndex=49, errorCode=0), LeaderAndIsrPartitionError(topicName='', partitionIndex=0, errorCode=0), LeaderAndIsrPartitionError(topicName='', partitionIndex=29, errorCode=0), LeaderAndIsrPartitionError(topicName='', partitionIndex=25, errorCode=0), LeaderAndIsrPartitionError(topicName='', partitionIndex=8, errorCode=0), LeaderAndIsrPartitionError(topicName='', partitionIndex=37, errorCode=0), LeaderAndIsrPartitionError(topicName='', partitionIndex=4, errorCode=0), LeaderAndIsrPartitionError(topicName='', partitionIndex=33, errorCode=0), LeaderAndIsrPartitionError(topicName='', partitionIndex=15, errorCode=0), LeaderAndIsrPartitionError(topicName='', partitionIndex=48, errorCode=0), LeaderAndIsrPartitionError(topicName='', partitionIndex=11, errorCode=0), LeaderAndIsrPartitionError(topicName='', partitionIndex=44, errorCode=0), LeaderAndIsrPartitionError(topicName='', partitionIndex=23, errorCode=0), LeaderAndIsrPartitionError(topicName='', partitionIndex=19, errorCode=0), LeaderAndIsrPartitionError(topicName='', partitionIndex=32, errorCode=0), LeaderAndIsrPartitionError(topicName='', partitionIndex=28, errorCode=0), LeaderAndIsrPartitionError(topicName='', partitionIndex=7, errorCode=0), LeaderAndIsrPartitionError(topicName='', partitionIndex=40, errorCode=0), LeaderAndIsrPartitionError(topicName='', partitionIndex=3, errorCode=0), LeaderAndIsrPartitionError(topicName='', partitionIndex=36, errorCode=0), LeaderAndIsrPartitionError(topicName='', partitionIndex=47, errorCode=0), LeaderAndIsrPartitionError(topicName='', partitionIndex=14, errorCode=0), LeaderAndIsrPartitionError(topicName='', partitionIndex=43, errorCode=0), LeaderAndIsrPartitionError(topicName='', partitionIndex=10, errorCode=0), LeaderAndIsrPartitionError(topicName='', partitionIndex=22, errorCode=0), LeaderAndIsrPartitionError(topicName='', partitionIndex=18, errorCode=0), LeaderAndIsrPartitionError(topicName='', partitionIndex=31, errorCode=0), LeaderAndIsrPartitionError(topicName='', partitionIndex=27, errorCode=0), LeaderAndIsrPartitionError(topicName='', partitionIndex=39, errorCode=0), LeaderAndIsrPartitionError(topicName='', partitionIndex=6, errorCode=0), LeaderAndIsrPartitionError(topicName='', partitionIndex=35, errorCode=0), LeaderAndIsrPartitionError(topicName='', partitionIndex=2, errorCode=0)])]) for request LEADER_AND_ISR with correlation id 5 sent to broker kafka:9092 (id: 1 rack: null) (state.change.logger)
product-trace-kafka              | [2026-06-19 02:49:05,136] TRACE [Broker id=1] Cached leader info UpdateMetadataPartitionState(topicName='__consumer_offsets', partitionIndex=13, controllerEpoch=1, leader=1, leaderEpoch=0, isr=[1], zkVersion=0, replicas=[1], offlineReplicas=[]) for partition __consumer_offsets-13 in response to UpdateMetadata request sent by controller 1 epoch 1 with correlation id 6 (state.change.logger)
product-trace-kafka              | [2026-06-19 02:49:05,136] TRACE [Broker id=1] Cached leader info UpdateMetadataPartitionState(topicName='__consumer_offsets', partitionIndex=46, controllerEpoch=1, leader=1, leaderEpoch=0, isr=[1], zkVersion=0, replicas=[1], offlineReplicas=[]) for partition __consumer_offsets-46 in response to UpdateMetadata request sent by controller 1 epoch 1 with correlation id 6 (state.change.logger)
product-trace-kafka              | [2026-06-19 02:49:05,137] TRACE [Broker id=1] Cached leader info UpdateMetadataPartitionState(topicName='__consumer_offsets', partitionIndex=9, controllerEpoch=1, leader=1, leaderEpoch=0, isr=[1], zkVersion=0, replicas=[1], offlineReplicas=[]) for partition __consumer_offsets-9 in response to UpdateMetadata request sent by controller 1 epoch 1 with correlation id 6 (state.change.logger)
product-trace-kafka              | [2026-06-19 02:49:05,137] TRACE [Broker id=1] Cached leader info UpdateMetadataPartitionState(topicName='__consumer_offsets', partitionIndex=42, controllerEpoch=1, leader=1, leaderEpoch=0, isr=[1], zkVersion=0, replicas=[1], offlineReplicas=[]) for partition __consumer_offsets-42 in response to UpdateMetadata request sent by controller 1 epoch 1 with correlation id 6 (state.change.logger)
product-trace-kafka              | [2026-06-19 02:49:05,137] TRACE [Broker id=1] Cached leader info UpdateMetadataPartitionState(topicName='__consumer_offsets', partitionIndex=21, controllerEpoch=1, leader=1, leaderEpoch=0, isr=[1], zkVersion=0, replicas=[1], offlineReplicas=[]) for partition __consumer_offsets-21 in response to UpdateMetadata request sent by controller 1 epoch 1 with correlation id 6 (state.change.logger)
product-trace-kafka              | [2026-06-19 02:49:05,137] TRACE [Broker id=1] Cached leader info UpdateMetadataPartitionState(topicName='__consumer_offsets', partitionIndex=17, controllerEpoch=1, leader=1, leaderEpoch=0, isr=[1], zkVersion=0, replicas=[1], offlineReplicas=[]) for partition __consumer_offsets-17 in response to UpdateMetadata request sent by controller 1 epoch 1 with correlation id 6 (state.change.logger)
product-trace-kafka              | [2026-06-19 02:49:05,137] TRACE [Broker id=1] Cached leader info UpdateMetadataPartitionState(topicName='__consumer_offsets', partitionIndex=30, controllerEpoch=1, leader=1, leaderEpoch=0, isr=[1], zkVersion=0, replicas=[1], offlineReplicas=[]) for partition __consumer_offsets-30 in response to UpdateMetadata request sent by controller 1 epoch 1 with correlation id 6 (state.change.logger)
product-trace-kafka              | [2026-06-19 02:49:05,137] TRACE [Broker id=1] Cached leader info UpdateMetadataPartitionState(topicName='__consumer_offsets', partitionIndex=26, controllerEpoch=1, leader=1, leaderEpoch=0, isr=[1], zkVersion=0, replicas=[1], offlineReplicas=[]) for partition __consumer_offsets-26 in response to UpdateMetadata request sent by controller 1 epoch 1 with correlation id 6 (state.change.logger)
product-trace-kafka              | [2026-06-19 02:49:05,137] TRACE [Broker id=1] Cached leader info UpdateMetadataPartitionState(topicName='__consumer_offsets', partitionIndex=5, controllerEpoch=1, leader=1, leaderEpoch=0, isr=[1], zkVersion=0, replicas=[1], offlineReplicas=[]) for partition __consumer_offsets-5 in response to UpdateMetadata request sent by controller 1 epoch 1 with correlation id 6 (state.change.logger)
product-trace-kafka              | [2026-06-19 02:49:05,137] TRACE [Broker id=1] Cached leader info UpdateMetadataPartitionState(topicName='__consumer_offsets', partitionIndex=38, controllerEpoch=1, leader=1, leaderEpoch=0, isr=[1], zkVersion=0, replicas=[1], offlineReplicas=[]) for partition __consumer_offsets-38 in response to UpdateMetadata request sent by controller 1 epoch 1 with correlation id 6 (state.change.logger)
product-trace-kafka              | [2026-06-19 02:49:05,137] TRACE [Broker id=1] Cached leader info UpdateMetadataPartitionState(topicName='__consumer_offsets', partitionIndex=1, controllerEpoch=1, leader=1, leaderEpoch=0, isr=[1], zkVersion=0, replicas=[1], offlineReplicas=[]) for partition __consumer_offsets-1 in response to UpdateMetadata request sent by controller 1 epoch 1 with correlation id 6 (state.change.logger)
product-trace-kafka              | [2026-06-19 02:49:05,137] TRACE [Broker id=1] Cached leader info UpdateMetadataPartitionState(topicName='__consumer_offsets', partitionIndex=34, controllerEpoch=1, leader=1, leaderEpoch=0, isr=[1], zkVersion=0, replicas=[1], offlineReplicas=[]) for partition __consumer_offsets-34 in response to UpdateMetadata request sent by controller 1 epoch 1 with correlation id 6 (state.change.logger)
product-trace-kafka              | [2026-06-19 02:49:05,137] TRACE [Broker id=1] Cached leader info UpdateMetadataPartitionState(topicName='__consumer_offsets', partitionIndex=16, controllerEpoch=1, leader=1, leaderEpoch=0, isr=[1], zkVersion=0, replicas=[1], offlineReplicas=[]) for partition __consumer_offsets-16 in response to UpdateMetadata request sent by controller 1 epoch 1 with correlation id 6 (state.change.logger)
product-trace-kafka              | [2026-06-19 02:49:05,137] TRACE [Broker id=1] Cached leader info UpdateMetadataPartitionState(topicName='__consumer_offsets', partitionIndex=45, controllerEpoch=1, leader=1, leaderEpoch=0, isr=[1], zkVersion=0, replicas=[1], offlineReplicas=[]) for partition __consumer_offsets-45 in response to UpdateMetadata request sent by controller 1 epoch 1 with correlation id 6 (state.change.logger)
product-trace-kafka              | [2026-06-19 02:49:05,137] TRACE [Broker id=1] Cached leader info UpdateMetadataPartitionState(topicName='__consumer_offsets', partitionIndex=12, controllerEpoch=1, leader=1, leaderEpoch=0, isr=[1], zkVersion=0, replicas=[1], offlineReplicas=[]) for partition __consumer_offsets-12 in response to UpdateMetadata request sent by controller 1 epoch 1 with correlation id 6 (state.change.logger)
product-trace-kafka              | [2026-06-19 02:49:05,137] TRACE [Broker id=1] Cached leader info UpdateMetadataPartitionState(topicName='__consumer_offsets', partitionIndex=41, controllerEpoch=1, leader=1, leaderEpoch=0, isr=[1], zkVersion=0, replicas=[1], offlineReplicas=[]) for partition __consumer_offsets-41 in response to UpdateMetadata request sent by controller 1 epoch 1 with correlation id 6 (state.change.logger)
product-trace-kafka              | [2026-06-19 02:49:05,137] TRACE [Broker id=1] Cached leader info UpdateMetadataPartitionState(topicName='__consumer_offsets', partitionIndex=24, controllerEpoch=1, leader=1, leaderEpoch=0, isr=[1], zkVersion=0, replicas=[1], offlineReplicas=[]) for partition __consumer_offsets-24 in response to UpdateMetadata request sent by controller 1 epoch 1 with correlation id 6 (state.change.logger)
product-trace-kafka              | [2026-06-19 02:49:05,137] TRACE [Broker id=1] Cached leader info UpdateMetadataPartitionState(topicName='__consumer_offsets', partitionIndex=20, controllerEpoch=1, leader=1, leaderEpoch=0, isr=[1], zkVersion=0, replicas=[1], offlineReplicas=[]) for partition __consumer_offsets-20 in response to UpdateMetadata request sent by controller 1 epoch 1 with correlation id 6 (state.change.logger)
product-trace-kafka              | [2026-06-19 02:49:05,137] TRACE [Broker id=1] Cached leader info UpdateMetadataPartitionState(topicName='__consumer_offsets', partitionIndex=49, controllerEpoch=1, leader=1, leaderEpoch=0, isr=[1], zkVersion=0, replicas=[1], offlineReplicas=[]) for partition __consumer_offsets-49 in response to UpdateMetadata request sent by controller 1 epoch 1 with correlation id 6 (state.change.logger)
product-trace-kafka              | [2026-06-19 02:49:05,137] TRACE [Broker id=1] Cached leader info UpdateMetadataPartitionState(topicName='__consumer_offsets', partitionIndex=0, controllerEpoch=1, leader=1, leaderEpoch=0, isr=[1], zkVersion=0, replicas=[1], offlineReplicas=[]) for partition __consumer_offsets-0 in response to UpdateMetadata request sent by controller 1 epoch 1 with correlation id 6 (state.change.logger)
product-trace-kafka              | [2026-06-19 02:49:05,137] TRACE [Broker id=1] Cached leader info UpdateMetadataPartitionState(topicName='__consumer_offsets', partitionIndex=29, controllerEpoch=1, leader=1, leaderEpoch=0, isr=[1], zkVersion=0, replicas=[1], offlineReplicas=[]) for partition __consumer_offsets-29 in response to UpdateMetadata request sent by controller 1 epoch 1 with correlation id 6 (state.change.logger)
product-trace-kafka              | [2026-06-19 02:49:05,137] TRACE [Broker id=1] Cached leader info UpdateMetadataPartitionState(topicName='__consumer_offsets', partitionIndex=25, controllerEpoch=1, leader=1, leaderEpoch=0, isr=[1], zkVersion=0, replicas=[1], offlineReplicas=[]) for partition __consumer_offsets-25 in response to UpdateMetadata request sent by controller 1 epoch 1 with correlation id 6 (state.change.logger)
product-trace-kafka              | [2026-06-19 02:49:05,137] TRACE [Broker id=1] Cached leader info UpdateMetadataPartitionState(topicName='__consumer_offsets', partitionIndex=8, controllerEpoch=1, leader=1, leaderEpoch=0, isr=[1], zkVersion=0, replicas=[1], offlineReplicas=[]) for partition __consumer_offsets-8 in response to UpdateMetadata request sent by controller 1 epoch 1 with correlation id 6 (state.change.logger)
product-trace-kafka              | [2026-06-19 02:49:05,137] TRACE [Broker id=1] Cached leader info UpdateMetadataPartitionState(topicName='__consumer_offsets', partitionIndex=37, controllerEpoch=1, leader=1, leaderEpoch=0, isr=[1], zkVersion=0, replicas=[1], offlineReplicas=[]) for partition __consumer_offsets-37 in response to UpdateMetadata request sent by controller 1 epoch 1 with correlation id 6 (state.change.logger)
product-trace-kafka              | [2026-06-19 02:49:05,137] TRACE [Broker id=1] Cached leader info UpdateMetadataPartitionState(topicName='__consumer_offsets', partitionIndex=4, controllerEpoch=1, leader=1, leaderEpoch=0, isr=[1], zkVersion=0, replicas=[1], offlineReplicas=[]) for partition __consumer_offsets-4 in response to UpdateMetadata request sent by controller 1 epoch 1 with correlation id 6 (state.change.logger)
product-trace-kafka              | [2026-06-19 02:49:05,137] TRACE [Broker id=1] Cached leader info UpdateMetadataPartitionState(topicName='__consumer_offsets', partitionIndex=33, controllerEpoch=1, leader=1, leaderEpoch=0, isr=[1], zkVersion=0, replicas=[1], offlineReplicas=[]) for partition __consumer_offsets-33 in response to UpdateMetadata request sent by controller 1 epoch 1 with correlation id 6 (state.change.logger)
product-trace-kafka              | [2026-06-19 02:49:05,137] TRACE [Broker id=1] Cached leader info UpdateMetadataPartitionState(topicName='__consumer_offsets', partitionIndex=15, controllerEpoch=1, leader=1, leaderEpoch=0, isr=[1], zkVersion=0, replicas=[1], offlineReplicas=[]) for partition __consumer_offsets-15 in response to UpdateMetadata request sent by controller 1 epoch 1 with correlation id 6 (state.change.logger)
product-trace-kafka              | [2026-06-19 02:49:05,137] TRACE [Broker id=1] Cached leader info UpdateMetadataPartitionState(topicName='__consumer_offsets', partitionIndex=48, controllerEpoch=1, leader=1, leaderEpoch=0, isr=[1], zkVersion=0, replicas=[1], offlineReplicas=[]) for partition __consumer_offsets-48 in response to UpdateMetadata request sent by controller 1 epoch 1 with correlation id 6 (state.change.logger)
product-trace-kafka              | [2026-06-19 02:49:05,137] TRACE [Broker id=1] Cached leader info UpdateMetadataPartitionState(topicName='__consumer_offsets', partitionIndex=11, controllerEpoch=1, leader=1, leaderEpoch=0, isr=[1], zkVersion=0, replicas=[1], offlineReplicas=[]) for partition __consumer_offsets-11 in response to UpdateMetadata request sent by controller 1 epoch 1 with correlation id 6 (state.change.logger)
product-trace-kafka              | [2026-06-19 02:49:05,137] TRACE [Broker id=1] Cached leader info UpdateMetadataPartitionState(topicName='__consumer_offsets', partitionIndex=44, controllerEpoch=1, leader=1, leaderEpoch=0, isr=[1], zkVersion=0, replicas=[1], offlineReplicas=[]) for partition __consumer_offsets-44 in response to UpdateMetadata request sent by controller 1 epoch 1 with correlation id 6 (state.change.logger)
product-trace-kafka              | [2026-06-19 02:49:05,137] TRACE [Broker id=1] Cached leader info UpdateMetadataPartitionState(topicName='__consumer_offsets', partitionIndex=23, controllerEpoch=1, leader=1, leaderEpoch=0, isr=[1], zkVersion=0, replicas=[1], offlineReplicas=[]) for partition __consumer_offsets-23 in response to UpdateMetadata request sent by controller 1 epoch 1 with correlation id 6 (state.change.logger)
product-trace-kafka              | [2026-06-19 02:49:05,137] TRACE [Broker id=1] Cached leader info UpdateMetadataPartitionState(topicName='__consumer_offsets', partitionIndex=19, controllerEpoch=1, leader=1, leaderEpoch=0, isr=[1], zkVersion=0, replicas=[1], offlineReplicas=[]) for partition __consumer_offsets-19 in response to UpdateMetadata request sent by controller 1 epoch 1 with correlation id 6 (state.change.logger)
product-trace-kafka              | [2026-06-19 02:49:05,137] TRACE [Broker id=1] Cached leader info UpdateMetadataPartitionState(topicName='__consumer_offsets', partitionIndex=32, controllerEpoch=1, leader=1, leaderEpoch=0, isr=[1], zkVersion=0, replicas=[1], offlineReplicas=[]) for partition __consumer_offsets-32 in response to UpdateMetadata request sent by controller 1 epoch 1 with correlation id 6 (state.change.logger)
product-trace-kafka              | [2026-06-19 02:49:05,137] TRACE [Broker id=1] Cached leader info UpdateMetadataPartitionState(topicName='__consumer_offsets', partitionIndex=28, controllerEpoch=1, leader=1, leaderEpoch=0, isr=[1], zkVersion=0, replicas=[1], offlineReplicas=[]) for partition __consumer_offsets-28 in response to UpdateMetadata request sent by controller 1 epoch 1 with correlation id 6 (state.change.logger)
product-trace-kafka              | [2026-06-19 02:49:05,137] TRACE [Broker id=1] Cached leader info UpdateMetadataPartitionState(topicName='__consumer_offsets', partitionIndex=7, controllerEpoch=1, leader=1, leaderEpoch=0, isr=[1], zkVersion=0, replicas=[1], offlineReplicas=[]) for partition __consumer_offsets-7 in response to UpdateMetadata request sent by controller 1 epoch 1 with correlation id 6 (state.change.logger)
product-trace-kafka              | [2026-06-19 02:49:05,137] TRACE [Broker id=1] Cached leader info UpdateMetadataPartitionState(topicName='__consumer_offsets', partitionIndex=40, controllerEpoch=1, leader=1, leaderEpoch=0, isr=[1], zkVersion=0, replicas=[1], offlineReplicas=[]) for partition __consumer_offsets-40 in response to UpdateMetadata request sent by controller 1 epoch 1 with correlation id 6 (state.change.logger)
product-trace-kafka              | [2026-06-19 02:49:05,137] TRACE [Broker id=1] Cached leader info UpdateMetadataPartitionState(topicName='__consumer_offsets', partitionIndex=3, controllerEpoch=1, leader=1, leaderEpoch=0, isr=[1], zkVersion=0, replicas=[1], offlineReplicas=[]) for partition __consumer_offsets-3 in response to UpdateMetadata request sent by controller 1 epoch 1 with correlation id 6 (state.change.logger)
product-trace-kafka              | [2026-06-19 02:49:05,137] TRACE [Broker id=1] Cached leader info UpdateMetadataPartitionState(topicName='__consumer_offsets', partitionIndex=36, controllerEpoch=1, leader=1, leaderEpoch=0, isr=[1], zkVersion=0, replicas=[1], offlineReplicas=[]) for partition __consumer_offsets-36 in response to UpdateMetadata request sent by controller 1 epoch 1 with correlation id 6 (state.change.logger)
product-trace-kafka              | [2026-06-19 02:49:05,137] TRACE [Broker id=1] Cached leader info UpdateMetadataPartitionState(topicName='__consumer_offsets', partitionIndex=47, controllerEpoch=1, leader=1, leaderEpoch=0, isr=[1], zkVersion=0, replicas=[1], offlineReplicas=[]) for partition __consumer_offsets-47 in response to UpdateMetadata request sent by controller 1 epoch 1 with correlation id 6 (state.change.logger)
product-trace-kafka              | [2026-06-19 02:49:05,137] TRACE [Broker id=1] Cached leader info UpdateMetadataPartitionState(topicName='__consumer_offsets', partitionIndex=14, controllerEpoch=1, leader=1, leaderEpoch=0, isr=[1], zkVersion=0, replicas=[1], offlineReplicas=[]) for partition __consumer_offsets-14 in response to UpdateMetadata request sent by controller 1 epoch 1 with correlation id 6 (state.change.logger)
product-trace-kafka              | [2026-06-19 02:49:05,138] TRACE [Broker id=1] Cached leader info UpdateMetadataPartitionState(topicName='__consumer_offsets', partitionIndex=43, controllerEpoch=1, leader=1, leaderEpoch=0, isr=[1], zkVersion=0, replicas=[1], offlineReplicas=[]) for partition __consumer_offsets-43 in response to UpdateMetadata request sent by controller 1 epoch 1 with correlation id 6 (state.change.logger)
product-trace-kafka              | [2026-06-19 02:49:05,138] TRACE [Broker id=1] Cached leader info UpdateMetadataPartitionState(topicName='__consumer_offsets', partitionIndex=10, controllerEpoch=1, leader=1, leaderEpoch=0, isr=[1], zkVersion=0, replicas=[1], offlineReplicas=[]) for partition __consumer_offsets-10 in response to UpdateMetadata request sent by controller 1 epoch 1 with correlation id 6 (state.change.logger)
product-trace-kafka              | [2026-06-19 02:49:05,138] TRACE [Broker id=1] Cached leader info UpdateMetadataPartitionState(topicName='__consumer_offsets', partitionIndex=22, controllerEpoch=1, leader=1, leaderEpoch=0, isr=[1], zkVersion=0, replicas=[1], offlineReplicas=[]) for partition __consumer_offsets-22 in response to UpdateMetadata request sent by controller 1 epoch 1 with correlation id 6 (state.change.logger)
product-trace-kafka              | [2026-06-19 02:49:05,138] TRACE [Broker id=1] Cached leader info UpdateMetadataPartitionState(topicName='__consumer_offsets', partitionIndex=18, controllerEpoch=1, leader=1, leaderEpoch=0, isr=[1], zkVersion=0, replicas=[1], offlineReplicas=[]) for partition __consumer_offsets-18 in response to UpdateMetadata request sent by controller 1 epoch 1 with correlation id 6 (state.change.logger)
product-trace-kafka              | [2026-06-19 02:49:05,138] TRACE [Broker id=1] Cached leader info UpdateMetadataPartitionState(topicName='__consumer_offsets', partitionIndex=31, controllerEpoch=1, leader=1, leaderEpoch=0, isr=[1], zkVersion=0, replicas=[1], offlineReplicas=[]) for partition __consumer_offsets-31 in response to UpdateMetadata request sent by controller 1 epoch 1 with correlation id 6 (state.change.logger)
product-trace-kafka              | [2026-06-19 02:49:05,138] TRACE [Broker id=1] Cached leader info UpdateMetadataPartitionState(topicName='__consumer_offsets', partitionIndex=27, controllerEpoch=1, leader=1, leaderEpoch=0, isr=[1], zkVersion=0, replicas=[1], offlineReplicas=[]) for partition __consumer_offsets-27 in response to UpdateMetadata request sent by controller 1 epoch 1 with correlation id 6 (state.change.logger)
product-trace-kafka              | [2026-06-19 02:49:05,138] TRACE [Broker id=1] Cached leader info UpdateMetadataPartitionState(topicName='__consumer_offsets', partitionIndex=39, controllerEpoch=1, leader=1, leaderEpoch=0, isr=[1], zkVersion=0, replicas=[1], offlineReplicas=[]) for partition __consumer_offsets-39 in response to UpdateMetadata request sent by controller 1 epoch 1 with correlation id 6 (state.change.logger)
product-trace-kafka              | [2026-06-19 02:49:05,138] TRACE [Broker id=1] Cached leader info UpdateMetadataPartitionState(topicName='__consumer_offsets', partitionIndex=6, controllerEpoch=1, leader=1, leaderEpoch=0, isr=[1], zkVersion=0, replicas=[1], offlineReplicas=[]) for partition __consumer_offsets-6 in response to UpdateMetadata request sent by controller 1 epoch 1 with correlation id 6 (state.change.logger)
product-trace-kafka              | [2026-06-19 02:49:05,138] TRACE [Broker id=1] Cached leader info UpdateMetadataPartitionState(topicName='__consumer_offsets', partitionIndex=35, controllerEpoch=1, leader=1, leaderEpoch=0, isr=[1], zkVersion=0, replicas=[1], offlineReplicas=[]) for partition __consumer_offsets-35 in response to UpdateMetadata request sent by controller 1 epoch 1 with correlation id 6 (state.change.logger)
product-trace-kafka              | [2026-06-19 02:49:05,138] TRACE [Broker id=1] Cached leader info UpdateMetadataPartitionState(topicName='__consumer_offsets', partitionIndex=2, controllerEpoch=1, leader=1, leaderEpoch=0, isr=[1], zkVersion=0, replicas=[1], offlineReplicas=[]) for partition __consumer_offsets-2 in response to UpdateMetadata request sent by controller 1 epoch 1 with correlation id 6 (state.change.logger)
product-trace-kafka              | [2026-06-19 02:49:05,138] INFO [Broker id=1] Add 50 partitions and deleted 0 partitions from metadata cache in response to UpdateMetadata request sent by controller 1 epoch 1 with correlation id 6 (state.change.logger)
product-trace-kafka              | [2026-06-19 02:49:05,152] TRACE [Controller id=1 epoch=1] Received response UpdateMetadataResponseData(errorCode=0) for request UPDATE_METADATA with correlation id 6 sent to broker kafka:9092 (id: 1 rack: null) (state.change.logger)
product-trace-kafka              | [2026-06-19 02:49:05,142] INFO [GroupMetadataManager brokerId=1] Finished loading offsets and group metadata from __consumer_offsets-3 in 44 milliseconds for epoch 0, of which 9 milliseconds was spent in the scheduler. (kafka.coordinator.group.GroupMetadataManager)
product-trace-kafka              | [2026-06-19 02:49:05,156] INFO [GroupMetadataManager brokerId=1] Finished loading offsets and group metadata from __consumer_offsets-18 in 55 milliseconds for epoch 0, of which 54 milliseconds was spent in the scheduler. (kafka.coordinator.group.GroupMetadataManager)
product-trace-kafka              | [2026-06-19 02:49:05,156] INFO [GroupMetadataManager brokerId=1] Finished loading offsets and group metadata from __consumer_offsets-41 in 55 milliseconds for epoch 0, of which 55 milliseconds was spent in the scheduler. (kafka.coordinator.group.GroupMetadataManager)
product-trace-kafka              | [2026-06-19 02:49:05,156] INFO [GroupMetadataManager brokerId=1] Finished loading offsets and group metadata from __consumer_offsets-10 in 55 milliseconds for epoch 0, of which 55 milliseconds was spent in the scheduler. (kafka.coordinator.group.GroupMetadataManager)
product-trace-kafka              | [2026-06-19 02:49:05,156] INFO [GroupMetadataManager brokerId=1] Finished loading offsets and group metadata from __consumer_offsets-33 in 55 milliseconds for epoch 0, of which 55 milliseconds was spent in the scheduler. (kafka.coordinator.group.GroupMetadataManager)
product-trace-kafka              | [2026-06-19 02:49:05,156] INFO [GroupMetadataManager brokerId=1] Finished loading offsets and group metadata from __consumer_offsets-48 in 55 milliseconds for epoch 0, of which 55 milliseconds was spent in the scheduler. (kafka.coordinator.group.GroupMetadataManager)
product-trace-kafka              | [2026-06-19 02:49:05,157] INFO [GroupMetadataManager brokerId=1] Finished loading offsets and group metadata from __consumer_offsets-19 in 56 milliseconds for epoch 0, of which 55 milliseconds was spent in the scheduler. (kafka.coordinator.group.GroupMetadataManager)
product-trace-kafka              | [2026-06-19 02:49:05,157] INFO [GroupMetadataManager brokerId=1] Finished loading offsets and group metadata from __consumer_offsets-34 in 56 milliseconds for epoch 0, of which 56 milliseconds was spent in the scheduler. (kafka.coordinator.group.GroupMetadataManager)
product-trace-kafka              | [2026-06-19 02:49:05,157] INFO [GroupMetadataManager brokerId=1] Finished loading offsets and group metadata from __consumer_offsets-4 in 56 milliseconds for epoch 0, of which 56 milliseconds was spent in the scheduler. (kafka.coordinator.group.GroupMetadataManager)
product-trace-kafka              | [2026-06-19 02:49:05,157] INFO [GroupMetadataManager brokerId=1] Finished loading offsets and group metadata from __consumer_offsets-11 in 55 milliseconds for epoch 0, of which 55 milliseconds was spent in the scheduler. (kafka.coordinator.group.GroupMetadataManager)
product-trace-kafka              | [2026-06-19 02:49:05,158] INFO [GroupMetadataManager brokerId=1] Finished loading offsets and group metadata from __consumer_offsets-26 in 56 milliseconds for epoch 0, of which 55 milliseconds was spent in the scheduler. (kafka.coordinator.group.GroupMetadataManager)
product-trace-kafka              | [2026-06-19 02:49:05,159] INFO [GroupMetadataManager brokerId=1] Finished loading offsets and group metadata from __consumer_offsets-49 in 57 milliseconds for epoch 0, of which 56 milliseconds was spent in the scheduler. (kafka.coordinator.group.GroupMetadataManager)
product-trace-kafka              | [2026-06-19 02:49:05,159] INFO [GroupMetadataManager brokerId=1] Finished loading offsets and group metadata from __consumer_offsets-39 in 56 milliseconds for epoch 0, of which 56 milliseconds was spent in the scheduler. (kafka.coordinator.group.GroupMetadataManager)
product-trace-kafka              | [2026-06-19 02:49:05,160] INFO [GroupMetadataManager brokerId=1] Finished loading offsets and group metadata from __consumer_offsets-9 in 57 milliseconds for epoch 0, of which 57 milliseconds was spent in the scheduler. (kafka.coordinator.group.GroupMetadataManager)
product-trace-kafka              | [2026-06-19 02:49:05,168] INFO [GroupMetadataManager brokerId=1] Finished loading offsets and group metadata from __consumer_offsets-24 in 65 milliseconds for epoch 0, of which 64 milliseconds was spent in the scheduler. (kafka.coordinator.group.GroupMetadataManager)
product-trace-kafka              | [2026-06-19 02:49:05,171] INFO [GroupMetadataManager brokerId=1] Finished loading offsets and group metadata from __consumer_offsets-31 in 68 milliseconds for epoch 0, of which 68 milliseconds was spent in the scheduler. (kafka.coordinator.group.GroupMetadataManager)
product-trace-kafka              | [2026-06-19 02:49:05,172] INFO [GroupMetadataManager brokerId=1] Finished loading offsets and group metadata from __consumer_offsets-46 in 69 milliseconds for epoch 0, of which 69 milliseconds was spent in the scheduler. (kafka.coordinator.group.GroupMetadataManager)
product-trace-kafka              | [2026-06-19 02:49:05,172] INFO [GroupMetadataManager brokerId=1] Finished loading offsets and group metadata from __consumer_offsets-1 in 69 milliseconds for epoch 0, of which 69 milliseconds was spent in the scheduler. (kafka.coordinator.group.GroupMetadataManager)
product-trace-kafka              | [2026-06-19 02:49:05,172] INFO [GroupMetadataManager brokerId=1] Finished loading offsets and group metadata from __consumer_offsets-16 in 68 milliseconds for epoch 0, of which 68 milliseconds was spent in the scheduler. (kafka.coordinator.group.GroupMetadataManager)
product-trace-kafka              | [2026-06-19 02:49:05,173] INFO [GroupMetadataManager brokerId=1] Finished loading offsets and group metadata from __consumer_offsets-2 in 69 milliseconds for epoch 0, of which 69 milliseconds was spent in the scheduler. (kafka.coordinator.group.GroupMetadataManager)
product-trace-kafka              | [2026-06-19 02:49:05,173] INFO [GroupMetadataManager brokerId=1] Finished loading offsets and group metadata from __consumer_offsets-25 in 69 milliseconds for epoch 0, of which 69 milliseconds was spent in the scheduler. (kafka.coordinator.group.GroupMetadataManager)
product-trace-kafka              | [2026-06-19 02:49:05,173] INFO [GroupMetadataManager brokerId=1] Finished loading offsets and group metadata from __consumer_offsets-40 in 69 milliseconds for epoch 0, of which 69 milliseconds was spent in the scheduler. (kafka.coordinator.group.GroupMetadataManager)
product-trace-kafka              | [2026-06-19 02:49:05,174] INFO [GroupMetadataManager brokerId=1] Finished loading offsets and group metadata from __consumer_offsets-47 in 70 milliseconds for epoch 0, of which 69 milliseconds was spent in the scheduler. (kafka.coordinator.group.GroupMetadataManager)
product-trace-kafka              | [2026-06-19 02:49:05,174] INFO [GroupMetadataManager brokerId=1] Finished loading offsets and group metadata from __consumer_offsets-17 in 70 milliseconds for epoch 0, of which 70 milliseconds was spent in the scheduler. (kafka.coordinator.group.GroupMetadataManager)
product-trace-kafka              | [2026-06-19 02:49:05,175] INFO [GroupMetadataManager brokerId=1] Finished loading offsets and group metadata from __consumer_offsets-32 in 70 milliseconds for epoch 0, of which 70 milliseconds was spent in the scheduler. (kafka.coordinator.group.GroupMetadataManager)
product-trace-kafka              | [2026-06-19 02:49:05,175] INFO [GroupMetadataManager brokerId=1] Finished loading offsets and group metadata from __consumer_offsets-37 in 71 milliseconds for epoch 0, of which 71 milliseconds was spent in the scheduler. (kafka.coordinator.group.GroupMetadataManager)
product-trace-kafka              | [2026-06-19 02:49:05,175] INFO [GroupMetadataManager brokerId=1] Finished loading offsets and group metadata from __consumer_offsets-7 in 71 milliseconds for epoch 0, of which 71 milliseconds was spent in the scheduler. (kafka.coordinator.group.GroupMetadataManager)
product-trace-kafka              | [2026-06-19 02:49:05,175] INFO [GroupMetadataManager brokerId=1] Finished loading offsets and group metadata from __consumer_offsets-22 in 71 milliseconds for epoch 0, of which 71 milliseconds was spent in the scheduler. (kafka.coordinator.group.GroupMetadataManager)
product-trace-kafka              | [2026-06-19 02:49:05,175] INFO [GroupMetadataManager brokerId=1] Finished loading offsets and group metadata from __consumer_offsets-29 in 71 milliseconds for epoch 0, of which 71 milliseconds was spent in the scheduler. (kafka.coordinator.group.GroupMetadataManager)
product-trace-kafka              | [2026-06-19 02:49:05,176] INFO [GroupMetadataManager brokerId=1] Finished loading offsets and group metadata from __consumer_offsets-44 in 71 milliseconds for epoch 0, of which 71 milliseconds was spent in the scheduler. (kafka.coordinator.group.GroupMetadataManager)
product-trace-kafka              | [2026-06-19 02:49:05,176] INFO [GroupMetadataManager brokerId=1] Finished loading offsets and group metadata from __consumer_offsets-14 in 72 milliseconds for epoch 0, of which 72 milliseconds was spent in the scheduler. (kafka.coordinator.group.GroupMetadataManager)
product-trace-kafka              | [2026-06-19 02:49:05,176] INFO [GroupMetadataManager brokerId=1] Finished loading offsets and group metadata from __consumer_offsets-23 in 72 milliseconds for epoch 0, of which 72 milliseconds was spent in the scheduler. (kafka.coordinator.group.GroupMetadataManager)
product-trace-kafka              | [2026-06-19 02:49:05,176] INFO [GroupMetadataManager brokerId=1] Finished loading offsets and group metadata from __consumer_offsets-38 in 72 milliseconds for epoch 0, of which 72 milliseconds was spent in the scheduler. (kafka.coordinator.group.GroupMetadataManager)
product-trace-kafka              | [2026-06-19 02:49:05,176] INFO [GroupMetadataManager brokerId=1] Finished loading offsets and group metadata from __consumer_offsets-8 in 72 milliseconds for epoch 0, of which 72 milliseconds was spent in the scheduler. (kafka.coordinator.group.GroupMetadataManager)
product-trace-kafka              | [2026-06-19 02:49:05,177] INFO [GroupMetadataManager brokerId=1] Finished loading offsets and group metadata from __consumer_offsets-45 in 73 milliseconds for epoch 0, of which 72 milliseconds was spent in the scheduler. (kafka.coordinator.group.GroupMetadataManager)
product-trace-kafka              | [2026-06-19 02:49:05,177] INFO [GroupMetadataManager brokerId=1] Finished loading offsets and group metadata from __consumer_offsets-15 in 73 milliseconds for epoch 0, of which 73 milliseconds was spent in the scheduler. (kafka.coordinator.group.GroupMetadataManager)
product-trace-kafka              | [2026-06-19 02:49:05,177] INFO [GroupMetadataManager brokerId=1] Finished loading offsets and group metadata from __consumer_offsets-30 in 73 milliseconds for epoch 0, of which 73 milliseconds was spent in the scheduler. (kafka.coordinator.group.GroupMetadataManager)
product-trace-kafka              | [2026-06-19 02:49:05,177] INFO [GroupMetadataManager brokerId=1] Finished loading offsets and group metadata from __consumer_offsets-0 in 73 milliseconds for epoch 0, of which 73 milliseconds was spent in the scheduler. (kafka.coordinator.group.GroupMetadataManager)
product-trace-kafka              | [2026-06-19 02:49:05,177] INFO [GroupMetadataManager brokerId=1] Finished loading offsets and group metadata from __consumer_offsets-35 in 73 milliseconds for epoch 0, of which 73 milliseconds was spent in the scheduler. (kafka.coordinator.group.GroupMetadataManager)
product-trace-kafka              | [2026-06-19 02:49:05,178] INFO [GroupMetadataManager brokerId=1] Finished loading offsets and group metadata from __consumer_offsets-5 in 74 milliseconds for epoch 0, of which 74 milliseconds was spent in the scheduler. (kafka.coordinator.group.GroupMetadataManager)
product-trace-kafka              | [2026-06-19 02:49:05,178] INFO [GroupMetadataManager brokerId=1] Finished loading offsets and group metadata from __consumer_offsets-20 in 74 milliseconds for epoch 0, of which 74 milliseconds was spent in the scheduler. (kafka.coordinator.group.GroupMetadataManager)
product-trace-kafka              | [2026-06-19 02:49:05,178] INFO [GroupMetadataManager brokerId=1] Finished loading offsets and group metadata from __consumer_offsets-27 in 73 milliseconds for epoch 0, of which 73 milliseconds was spent in the scheduler. (kafka.coordinator.group.GroupMetadataManager)
product-trace-kafka              | [2026-06-19 02:49:05,178] INFO [GroupMetadataManager brokerId=1] Finished loading offsets and group metadata from __consumer_offsets-42 in 73 milliseconds for epoch 0, of which 73 milliseconds was spent in the scheduler. (kafka.coordinator.group.GroupMetadataManager)
product-trace-kafka              | [2026-06-19 02:49:05,178] INFO [GroupMetadataManager brokerId=1] Finished loading offsets and group metadata from __consumer_offsets-12 in 73 milliseconds for epoch 0, of which 73 milliseconds was spent in the scheduler. (kafka.coordinator.group.GroupMetadataManager)
product-trace-kafka              | [2026-06-19 02:49:05,179] INFO [GroupMetadataManager brokerId=1] Finished loading offsets and group metadata from __consumer_offsets-21 in 74 milliseconds for epoch 0, of which 73 milliseconds was spent in the scheduler. (kafka.coordinator.group.GroupMetadataManager)
product-trace-kafka              | [2026-06-19 02:49:05,179] INFO [GroupMetadataManager brokerId=1] Finished loading offsets and group metadata from __consumer_offsets-36 in 74 milliseconds for epoch 0, of which 74 milliseconds was spent in the scheduler. (kafka.coordinator.group.GroupMetadataManager)
product-trace-kafka              | [2026-06-19 02:49:05,179] INFO [GroupMetadataManager brokerId=1] Finished loading offsets and group metadata from __consumer_offsets-6 in 74 milliseconds for epoch 0, of which 74 milliseconds was spent in the scheduler. (kafka.coordinator.group.GroupMetadataManager)
product-trace-kafka              | [2026-06-19 02:49:05,179] INFO [GroupMetadataManager brokerId=1] Finished loading offsets and group metadata from __consumer_offsets-43 in 74 milliseconds for epoch 0, of which 74 milliseconds was spent in the scheduler. (kafka.coordinator.group.GroupMetadataManager)
product-trace-kafka              | [2026-06-19 02:49:05,179] INFO [GroupMetadataManager brokerId=1] Finished loading offsets and group metadata from __consumer_offsets-13 in 73 milliseconds for epoch 0, of which 73 milliseconds was spent in the scheduler. (kafka.coordinator.group.GroupMetadataManager)
product-trace-kafka              | [2026-06-19 02:49:05,179] INFO [GroupMetadataManager brokerId=1] Finished loading offsets and group metadata from __consumer_offsets-28 in 73 milliseconds for epoch 0, of which 73 milliseconds was spent in the scheduler. (kafka.coordinator.group.GroupMetadataManager)
product-trace-kafka              | [2026-06-19 02:49:05,233] INFO [Controller id=1] Processing automatic preferred replica leader election (kafka.controller.KafkaController)
product-trace-kafka              | [2026-06-19 02:49:05,234] TRACE [Controller id=1] Checking need to trigger auto leader balancing (kafka.controller.KafkaController)
product-trace-kafka              | [2026-06-19 02:49:05,253] DEBUG [Controller id=1] Topics not in preferred replica for broker 1 HashMap() (kafka.controller.KafkaController)
product-trace-kafka              | [2026-06-19 02:49:05,259] TRACE [Controller id=1] Leader imbalance ratio for broker 1 is 0.0 (kafka.controller.KafkaController)
product-trace-kafka              | [2026-06-19 02:49:05,865] INFO [GroupCoordinator 1]: Dynamic member with unknown member id joins group nest-ai-service-group-server in Empty state. Created a new member id nest-ai-service-server-d3dc541a-87c2-40c6-bc00-a515fcf3feaa and request the member to rejoin with this id. (kafka.coordinator.group.GroupCoordinator)
product-trace-kafka              | [2026-06-19 02:49:05,890] INFO [GroupCoordinator 1]: Preparing to rebalance group nest-ai-service-group-server in state PreparingRebalance with old generation 0 (__consumer_offsets-29) (reason: Adding new member nest-ai-service-server-d3dc541a-87c2-40c6-bc00-a515fcf3feaa with group instance id None; client reason: not provided) (kafka.coordinator.group.GroupCoordinator)
product-trace-kafka              | [2026-06-19 02:49:05,912] INFO [GroupCoordinator 1]: Stabilized group nest-ai-service-group-server generation 1 (__consumer_offsets-29) with 1 members (kafka.coordinator.group.GroupCoordinator)
product-trace-kafka              | [2026-06-19 02:49:05,944] INFO [GroupCoordinator 1]: Assignment received from leader nest-ai-service-server-d3dc541a-87c2-40c6-bc00-a515fcf3feaa for group nest-ai-service-group-server for generation 1. The group has 1 members, 0 of which are static. (kafka.coordinator.group.GroupCoordinator)
nest-ai-service                  | [32m[Nest] 1  - [39m06/19/2026, 2:49:06 AM [32m    LOG[39m [38;5;3m[ServerKafka] [39m[32mINFO [ConsumerGroup] Consumer has joined the group {"timestamp":"2026-06-19T02:49:06.034Z","logger":"kafkajs","groupId":"nest-ai-service-group-server","memberId":"nest-ai-service-server-d3dc541a-87c2-40c6-bc00-a515fcf3feaa","leaderId":"nest-ai-service-server-d3dc541a-87c2-40c6-bc00-a515fcf3feaa","isLeader":true,"memberAssignment":{"product-events":[0],"trace-events":[0]},"groupProtocol":"RoundRobinAssigner","duration":2498}[39m
nest-ai-service                  | [32m[Nest] 1  - [39m06/19/2026, 2:49:06 AM [32m    LOG[39m [38;5;3m[NestMicroservice] [39m[32mNest microservice successfully started[39m[38;5;3m +3ms[39m
nest-ai-service                  | Nest AI Kafka consumer started

[Kgo-core-service has been recreated

[Kproduct-trace-embedding-service has been recreated
product-trace-rabbitmq           | [38;5;214m2026-06-19 02:51:00.067113+00:00 [warning] <0.2287.0> closing AMQP connection <0.2287.0> (172.20.0.9:33838 -> 172.20.0.4:5672, vhost: '/', user: 'admin'):[0m
product-trace-rabbitmq           | [38;5;214m2026-06-19 02:51:00.067113+00:00 [warning] <0.2287.0> client unexpectedly closed TCP connection[0m
product-trace-embedding-service  | INFO:     Shutting down
product-trace-embedding-service  | INFO:     Waiting for application shutdown.
product-trace-embedding-service  | INFO:     Application shutdown complete.
product-trace-embedding-service  | INFO:     Finished server process [1]

[Kgo-core-service exited with code 2

[Kproduct-trace-embedding-service exited with code 0

[Knest-ai-service has been recreated

[Knest-ai-service exited with code 137

[Kproduct-trace-migrate exited with code 0
product-trace-embedding-service  | INFO:     Started server process [1]
product-trace-embedding-service  | INFO:     Waiting for application startup.
product-trace-embedding-service  | INFO:     Application startup complete.
product-trace-embedding-service  | INFO:     Uvicorn running on http://0.0.0.0:8000 (Press CTRL+C to quit)
product-trace-rabbitmq           | 2026-06-19 02:51:04.550272+00:00 [info] <0.2361.0> accepting AMQP connection <0.2361.0> (172.20.0.9:56934 -> 172.20.0.4:5672)[0m
product-trace-rabbitmq           | 2026-06-19 02:51:04.556010+00:00 [info] <0.2361.0> connection <0.2361.0> (172.20.0.9:56934 -> 172.20.0.4:5672): user 'admin' authenticated and granted access to vhost '/'[0m
go-core-service                  | 2026/06/19 02:51:04 RabbitMQ connected
go-core-service                  | 2026/06/19 02:51:04 RabbitMQ topology initialized
go-core-service                  | 2026/06/19 02:51:04 Go service is running on port 8080
nest-ai-service                  | [32m[Nest] 1  - [39m06/19/2026, 2:51:06 AM [32m    LOG[39m [38;5;3m[NestFactory] [39m[32mStarting Nest application...[39m
nest-ai-service                  | [32m[Nest] 1  - [39m06/19/2026, 2:51:06 AM [32m    LOG[39m [38;5;3m[InstanceLoader] [39m[32mAppModule dependencies initialized[39m[38;5;3m +34ms[39m
nest-ai-service                  | [32m[Nest] 1  - [39m06/19/2026, 2:51:06 AM [32m    LOG[39m [38;5;3m[InstanceLoader] [39m[32mConfigHostModule dependencies initialized[39m[38;5;3m +3ms[39m
nest-ai-service                  | [32m[Nest] 1  - [39m06/19/2026, 2:51:06 AM [32m    LOG[39m [38;5;3m[InstanceLoader] [39m[32mConfigModule dependencies initialized[39m[38;5;3m +2ms[39m
nest-ai-service                  | [32m[Nest] 1  - [39m06/19/2026, 2:51:06 AM [32m    LOG[39m [38;5;3m[InstanceLoader] [39m[32mConfigModule dependencies initialized[39m[38;5;3m +1ms[39m
nest-ai-service                  | [32m[Nest] 1  - [39m06/19/2026, 2:51:06 AM [32m    LOG[39m [38;5;3m[InstanceLoader] [39m[32mEmbeddingModule dependencies initialized[39m[38;5;3m +2ms[39m
nest-ai-service                  | [33m[Nest] 1  - [39m06/19/2026, 2:51:06 AM [33m   WARN[39m [38;5;3m[ServerKafka] [39m[33mWARN [undefined] KafkaJS v2.0.0 switched default partitioner. To retain the same partitioning behavior as in previous versions, create the producer with the option "createPartitioner: Partitioners.LegacyPartitioner". See the migration guide at https://kafka.js.org/docs/migration-guide-v2.0.0#producer-new-default-partitioner for details. Silence this warning by setting the environment variable "KAFKAJS_NO_PARTITIONER_WARNING=1" {"timestamp":"2026-06-19T02:51:06.192Z","logger":"kafkajs"}[39m
nest-ai-service                  | [32m[Nest] 1  - [39m06/19/2026, 2:51:06 AM [32m    LOG[39m [38;5;3m[ServerKafka] [39m[32mINFO [Consumer] Starting {"timestamp":"2026-06-19T02:51:06.251Z","logger":"kafkajs","groupId":"nest-ai-service-group-server"}[39m
product-trace-kafka              | [2026-06-19 02:51:06,269] INFO [GroupCoordinator 1]: Dynamic member with unknown member id joins group nest-ai-service-group-server in Stable state. Created a new member id nest-ai-service-server-45eb41b6-ee6d-4fcb-861b-a1cc91997d60 and request the member to rejoin with this id. (kafka.coordinator.group.GroupCoordinator)
product-trace-kafka              | [2026-06-19 02:51:06,277] INFO [GroupCoordinator 1]: Preparing to rebalance group nest-ai-service-group-server in state PreparingRebalance with old generation 1 (__consumer_offsets-29) (reason: Adding new member nest-ai-service-server-45eb41b6-ee6d-4fcb-861b-a1cc91997d60 with group instance id None; client reason: not provided) (kafka.coordinator.group.GroupCoordinator)

[Kgo-core-service has been recreated

[Kproduct-trace-embedding-service has been recreated
product-trace-rabbitmq           | [38;5;214m2026-06-19 02:51:25.819132+00:00 [warning] <0.2361.0> closing AMQP connection <0.2361.0> (172.20.0.9:56934 -> 172.20.0.4:5672, vhost: '/', user: 'admin'):[0m
product-trace-rabbitmq           | [38;5;214m2026-06-19 02:51:25.819132+00:00 [warning] <0.2361.0> client unexpectedly closed TCP connection[0m
product-trace-embedding-service  | INFO:     Shutting down
product-trace-embedding-service  | INFO:     Waiting for application shutdown.
product-trace-embedding-service  | INFO:     Application shutdown complete.
product-trace-embedding-service  | INFO:     Finished server process [1]

[Kgo-core-service exited with code 2

[Kproduct-trace-embedding-service exited with code 0

[Knest-ai-service has been recreated

[Knest-ai-service exited with code 137
product-trace-embedding-service  | INFO:     Started server process [1]
product-trace-embedding-service  | INFO:     Waiting for application startup.
product-trace-embedding-service  | INFO:     Application startup complete.
product-trace-embedding-service  | INFO:     Uvicorn running on http://0.0.0.0:8000 (Press CTRL+C to quit)

[Kproduct-trace-migrate exited with code 0
product-trace-rabbitmq           | 2026-06-19 02:51:30.151069+00:00 [info] <0.2388.0> accepting AMQP connection <0.2388.0> (172.20.0.9:50890 -> 172.20.0.4:5672)[0m
product-trace-rabbitmq           | 2026-06-19 02:51:30.171132+00:00 [info] <0.2388.0> connection <0.2388.0> (172.20.0.9:50890 -> 172.20.0.4:5672): user 'admin' authenticated and granted access to vhost '/'[0m
go-core-service                  | 2026/06/19 02:51:30 RabbitMQ connected
go-core-service                  | 2026/06/19 02:51:30 RabbitMQ topology initialized
go-core-service                  | 2026/06/19 02:51:30 Go service is running on port 8080
product-trace-kafka              | [2026-06-19 02:51:31,596] INFO [GroupCoordinator 1]: Member nest-ai-service-server-d3dc541a-87c2-40c6-bc00-a515fcf3feaa in group nest-ai-service-group-server has failed, removing it from the group (kafka.coordinator.group.GroupCoordinator)
product-trace-kafka              | [2026-06-19 02:51:31,600] INFO [GroupCoordinator 1]: Stabilized group nest-ai-service-group-server generation 2 (__consumer_offsets-29) with 1 members (kafka.coordinator.group.GroupCoordinator)
nest-ai-service                  | [32m[Nest] 1  - [39m06/19/2026, 2:51:31 AM [32m    LOG[39m [38;5;3m[NestFactory] [39m[32mStarting Nest application...[39m
nest-ai-service                  | [32m[Nest] 1  - [39m06/19/2026, 2:51:31 AM [32m    LOG[39m [38;5;3m[InstanceLoader] [39m[32mAppModule dependencies initialized[39m[38;5;3m +30ms[39m
nest-ai-service                  | [32m[Nest] 1  - [39m06/19/2026, 2:51:31 AM [32m    LOG[39m [38;5;3m[InstanceLoader] [39m[32mConfigHostModule dependencies initialized[39m[38;5;3m +0ms[39m
nest-ai-service                  | [32m[Nest] 1  - [39m06/19/2026, 2:51:31 AM [32m    LOG[39m [38;5;3m[InstanceLoader] [39m[32mConfigModule dependencies initialized[39m[38;5;3m +5ms[39m
nest-ai-service                  | [32m[Nest] 1  - [39m06/19/2026, 2:51:31 AM [32m    LOG[39m [38;5;3m[InstanceLoader] [39m[32mConfigModule dependencies initialized[39m[38;5;3m +0ms[39m
nest-ai-service                  | [32m[Nest] 1  - [39m06/19/2026, 2:51:31 AM [32m    LOG[39m [38;5;3m[InstanceLoader] [39m[32mEmbeddingModule dependencies initialized[39m[38;5;3m +2ms[39m
nest-ai-service                  | [33m[Nest] 1  - [39m06/19/2026, 2:51:31 AM [33m   WARN[39m [38;5;3m[ServerKafka] [39m[33mWARN [undefined] KafkaJS v2.0.0 switched default partitioner. To retain the same partitioning behavior as in previous versions, create the producer with the option "createPartitioner: Partitioners.LegacyPartitioner". See the migration guide at https://kafka.js.org/docs/migration-guide-v2.0.0#producer-new-default-partitioner for details. Silence this warning by setting the environment variable "KAFKAJS_NO_PARTITIONER_WARNING=1" {"timestamp":"2026-06-19T02:51:31.819Z","logger":"kafkajs"}[39m
nest-ai-service                  | [32m[Nest] 1  - [39m06/19/2026, 2:51:31 AM [32m    LOG[39m [38;5;3m[ServerKafka] [39m[32mINFO [Consumer] Starting {"timestamp":"2026-06-19T02:51:31.877Z","logger":"kafkajs","groupId":"nest-ai-service-group-server"}[39m
product-trace-kafka              | [2026-06-19 02:51:31,890] INFO [GroupCoordinator 1]: Dynamic member with unknown member id joins group nest-ai-service-group-server in CompletingRebalance state. Created a new member id nest-ai-service-server-2343a082-d5ab-406d-84fa-65e6458d2b87 and request the member to rejoin with this id. (kafka.coordinator.group.GroupCoordinator)
product-trace-kafka              | [2026-06-19 02:51:31,900] INFO [GroupCoordinator 1]: Preparing to rebalance group nest-ai-service-group-server in state PreparingRebalance with old generation 2 (__consumer_offsets-29) (reason: Adding new member nest-ai-service-server-2343a082-d5ab-406d-84fa-65e6458d2b87 with group instance id None; client reason: not provided) (kafka.coordinator.group.GroupCoordinator)
product-trace-kafka              | [2026-06-19 02:52:01,597] INFO [GroupCoordinator 1]: Member nest-ai-service-server-45eb41b6-ee6d-4fcb-861b-a1cc91997d60 in group nest-ai-service-group-server has failed, removing it from the group (kafka.coordinator.group.GroupCoordinator)
product-trace-kafka              | [2026-06-19 02:52:01,609] INFO [GroupCoordinator 1]: Stabilized group nest-ai-service-group-server generation 3 (__consumer_offsets-29) with 1 members (kafka.coordinator.group.GroupCoordinator)
product-trace-kafka              | [2026-06-19 02:52:01,668] INFO [GroupCoordinator 1]: Assignment received from leader nest-ai-service-server-2343a082-d5ab-406d-84fa-65e6458d2b87 for group nest-ai-service-group-server for generation 3. The group has 1 members, 0 of which are static. (kafka.coordinator.group.GroupCoordinator)
nest-ai-service                  | [32m[Nest] 1  - [39m06/19/2026, 2:52:01 AM [32m    LOG[39m [38;5;3m[ServerKafka] [39m[32mINFO [ConsumerGroup] Consumer has joined the group {"timestamp":"2026-06-19T02:52:01.678Z","logger":"kafkajs","groupId":"nest-ai-service-group-server","memberId":"nest-ai-service-server-2343a082-d5ab-406d-84fa-65e6458d2b87","leaderId":"nest-ai-service-server-2343a082-d5ab-406d-84fa-65e6458d2b87","isLeader":true,"memberAssignment":{"product-events":[0],"trace-events":[0]},"groupProtocol":"RoundRobinAssigner","duration":29798}[39m
nest-ai-service                  | [32m[Nest] 1  - [39m06/19/2026, 2:52:01 AM [32m    LOG[39m [38;5;3m[NestMicroservice] [39m[32mNest microservice successfully started[39m[38;5;3m +4ms[39m
nest-ai-service                  | Nest AI Kafka consumer started
product-trace-kafka              | [2026-06-19 02:54:05,188] INFO [Controller id=1] Processing automatic preferred replica leader election (kafka.controller.KafkaController)
product-trace-kafka              | [2026-06-19 02:54:05,188] TRACE [Controller id=1] Checking need to trigger auto leader balancing (kafka.controller.KafkaController)
product-trace-kafka              | [2026-06-19 02:54:05,194] DEBUG [Controller id=1] Topics not in preferred replica for broker 1 HashMap() (kafka.controller.KafkaController)
product-trace-kafka              | [2026-06-19 02:54:05,195] TRACE [Controller id=1] Leader imbalance ratio for broker 1 is 0.0 (kafka.controller.KafkaController)

[Kgo-core-service has been recreated

[Kproduct-trace-embedding-service has been recreated
product-trace-rabbitmq           | [38;5;214m2026-06-19 02:56:18.177854+00:00 [warning] <0.2388.0> closing AMQP connection <0.2388.0> (172.20.0.9:50890 -> 172.20.0.4:5672, vhost: '/', user: 'admin'):[0m
product-trace-rabbitmq           | [38;5;214m2026-06-19 02:56:18.177854+00:00 [warning] <0.2388.0> client unexpectedly closed TCP connection[0m
product-trace-embedding-service  | INFO:     Shutting down
product-trace-embedding-service  | INFO:     Waiting for application shutdown.
product-trace-embedding-service  | INFO:     Application shutdown complete.
product-trace-embedding-service  | INFO:     Finished server process [1]

[Kgo-core-service exited with code 2

[Kproduct-trace-embedding-service exited with code 0

[Knest-ai-service has been recreated

[Knest-ai-service exited with code 137

[Kproduct-trace-migrate exited with code 0
product-trace-embedding-service  | INFO:     Started server process [1]
product-trace-embedding-service  | INFO:     Waiting for application startup.
product-trace-embedding-service  | INFO:     Application startup complete.
product-trace-embedding-service  | INFO:     Uvicorn running on http://0.0.0.0:8000 (Press CTRL+C to quit)
product-trace-rabbitmq           | 2026-06-19 02:56:23.020497+00:00 [info] <0.2533.0> accepting AMQP connection <0.2533.0> (172.20.0.9:51280 -> 172.20.0.4:5672)[0m
product-trace-rabbitmq           | 2026-06-19 02:56:23.034425+00:00 [info] <0.2533.0> connection <0.2533.0> (172.20.0.9:51280 -> 172.20.0.4:5672): user 'admin' authenticated and granted access to vhost '/'[0m
go-core-service                  | 2026/06/19 02:56:23 RabbitMQ connected
go-core-service                  | 2026/06/19 02:56:23 RabbitMQ topology initialized
go-core-service                  | 2026/06/19 02:56:23 Go service is running on port 8080
nest-ai-service                  | [32m[Nest] 1  - [39m06/19/2026, 2:56:24 AM [32m    LOG[39m [38;5;3m[NestFactory] [39m[32mStarting Nest application...[39m
nest-ai-service                  | [32m[Nest] 1  - [39m06/19/2026, 2:56:24 AM [32m    LOG[39m [38;5;3m[InstanceLoader] [39m[32mAppModule dependencies initialized[39m[38;5;3m +84ms[39m
nest-ai-service                  | [32m[Nest] 1  - [39m06/19/2026, 2:56:24 AM [32m    LOG[39m [38;5;3m[InstanceLoader] [39m[32mConfigHostModule dependencies initialized[39m[38;5;3m +0ms[39m
nest-ai-service                  | [32m[Nest] 1  - [39m06/19/2026, 2:56:24 AM [32m    LOG[39m [38;5;3m[InstanceLoader] [39m[32mConfigModule dependencies initialized[39m[38;5;3m +3ms[39m
nest-ai-service                  | [32m[Nest] 1  - [39m06/19/2026, 2:56:24 AM [32m    LOG[39m [38;5;3m[InstanceLoader] [39m[32mConfigModule dependencies initialized[39m[38;5;3m +2ms[39m
nest-ai-service                  | [32m[Nest] 1  - [39m06/19/2026, 2:56:24 AM [32m    LOG[39m [38;5;3m[InstanceLoader] [39m[32mEmbeddingModule dependencies initialized[39m[38;5;3m +6ms[39m
nest-ai-service                  | [33m[Nest] 1  - [39m06/19/2026, 2:56:24 AM [33m   WARN[39m [38;5;3m[ServerKafka] [39m[33mWARN [undefined] KafkaJS v2.0.0 switched default partitioner. To retain the same partitioning behavior as in previous versions, create the producer with the option "createPartitioner: Partitioners.LegacyPartitioner". See the migration guide at https://kafka.js.org/docs/migration-guide-v2.0.0#producer-new-default-partitioner for details. Silence this warning by setting the environment variable "KAFKAJS_NO_PARTITIONER_WARNING=1" {"timestamp":"2026-06-19T02:56:24.814Z","logger":"kafkajs"}[39m
nest-ai-service                  | [32m[Nest] 1  - [39m06/19/2026, 2:56:24 AM [32m    LOG[39m [38;5;3m[ServerKafka] [39m[32mINFO [Consumer] Starting {"timestamp":"2026-06-19T02:56:24.873Z","logger":"kafkajs","groupId":"nest-ai-service-group-server"}[39m
product-trace-kafka              | [2026-06-19 02:56:24,886] INFO [GroupCoordinator 1]: Dynamic member with unknown member id joins group nest-ai-service-group-server in Stable state. Created a new member id nest-ai-service-server-256e4697-0d31-408c-9265-080cea737611 and request the member to rejoin with this id. (kafka.coordinator.group.GroupCoordinator)
product-trace-kafka              | [2026-06-19 02:56:24,897] INFO [GroupCoordinator 1]: Preparing to rebalance group nest-ai-service-group-server in state PreparingRebalance with old generation 3 (__consumer_offsets-29) (reason: Adding new member nest-ai-service-server-256e4697-0d31-408c-9265-080cea737611 with group instance id None; client reason: not provided) (kafka.coordinator.group.GroupCoordinator)
product-trace-kafka              | [2026-06-19 02:56:47,538] INFO [GroupCoordinator 1]: Member nest-ai-service-server-2343a082-d5ab-406d-84fa-65e6458d2b87 in group nest-ai-service-group-server has failed, removing it from the group (kafka.coordinator.group.GroupCoordinator)
product-trace-kafka              | [2026-06-19 02:56:47,540] INFO [GroupCoordinator 1]: Stabilized group nest-ai-service-group-server generation 4 (__consumer_offsets-29) with 1 members (kafka.coordinator.group.GroupCoordinator)
product-trace-kafka              | [2026-06-19 02:56:47,556] INFO [GroupCoordinator 1]: Assignment received from leader nest-ai-service-server-256e4697-0d31-408c-9265-080cea737611 for group nest-ai-service-group-server for generation 4. The group has 1 members, 0 of which are static. (kafka.coordinator.group.GroupCoordinator)
nest-ai-service                  | [32m[Nest] 1  - [39m06/19/2026, 2:56:47 AM [32m    LOG[39m [38;5;3m[ServerKafka] [39m[32mINFO [ConsumerGroup] Consumer has joined the group {"timestamp":"2026-06-19T02:56:47.563Z","logger":"kafkajs","groupId":"nest-ai-service-group-server","memberId":"nest-ai-service-server-256e4697-0d31-408c-9265-080cea737611","leaderId":"nest-ai-service-server-256e4697-0d31-408c-9265-080cea737611","isLeader":true,"memberAssignment":{"product-events":[0],"trace-events":[0]},"groupProtocol":"RoundRobinAssigner","duration":22688}[39m
nest-ai-service                  | [32m[Nest] 1  - [39m06/19/2026, 2:56:47 AM [32m    LOG[39m [38;5;3m[NestMicroservice] [39m[32mNest microservice successfully started[39m[38;5;3m +3ms[39m
nest-ai-service                  | Nest AI Kafka consumer started
product-trace-embedding-service  | INFO:     172.20.0.1:43136 - "GET /docs HTTP/1.1" 200 OK
product-trace-embedding-service  | INFO:     172.20.0.1:43136 - "GET /openapi.json HTTP/1.1" 200 OK
product-trace-kafka              | [2026-06-19 02:59:05,108] INFO [Controller id=1] Processing automatic preferred replica leader election (kafka.controller.KafkaController)
product-trace-kafka              | [2026-06-19 02:59:05,109] TRACE [Controller id=1] Checking need to trigger auto leader balancing (kafka.controller.KafkaController)
product-trace-kafka              | [2026-06-19 02:59:05,129] DEBUG [Controller id=1] Topics not in preferred replica for broker 1 HashMap() (kafka.controller.KafkaController)
product-trace-kafka              | [2026-06-19 02:59:05,129] TRACE [Controller id=1] Leader imbalance ratio for broker 1 is 0.0 (kafka.controller.KafkaController)
product-trace-kafka              | [2026-06-19 03:04:05,029] INFO [Controller id=1] Processing automatic preferred replica leader election (kafka.controller.KafkaController)
product-trace-kafka              | [2026-06-19 03:04:05,029] TRACE [Controller id=1] Checking need to trigger auto leader balancing (kafka.controller.KafkaController)
product-trace-kafka              | [2026-06-19 03:04:05,031] DEBUG [Controller id=1] Topics not in preferred replica for broker 1 HashMap() (kafka.controller.KafkaController)
product-trace-kafka              | [2026-06-19 03:04:05,031] TRACE [Controller id=1] Leader imbalance ratio for broker 1 is 0.0 (kafka.controller.KafkaController)
product-trace-embedding-service  | INFO:     172.20.0.1:55148 - "POST /embed HTTP/1.1" 200 OK
product-trace-kafka              | [2026-06-19 03:09:04,941] INFO [Controller id=1] Processing automatic preferred replica leader election (kafka.controller.KafkaController)
product-trace-kafka              | [2026-06-19 03:09:04,944] TRACE [Controller id=1] Checking need to trigger auto leader balancing (kafka.controller.KafkaController)
product-trace-kafka              | [2026-06-19 03:09:04,967] DEBUG [Controller id=1] Topics not in preferred replica for broker 1 HashMap() (kafka.controller.KafkaController)
product-trace-kafka              | [2026-06-19 03:09:04,967] TRACE [Controller id=1] Leader imbalance ratio for broker 1 is 0.0 (kafka.controller.KafkaController)
product-trace-kafka              | [2026-06-19 03:12:19,284] DEBUG [Controller id=1] There is no producerId block yet (Zk path version 0), creating the first block (kafka.controller.KafkaController)
product-trace-kafka              | [2026-06-19 03:12:19,307] INFO [Controller id=1] Acquired new producerId block ProducerIdsBlock(assignedBrokerId=1, firstProducerId=0, size=1000) by writing to Zk with path version 1 (kafka.controller.KafkaController)
nest-ai-service                  | [32m[Nest] 1  - [39m06/19/2026, 3:12:57 AM [32m    LOG[39m [38;5;3m[EmbeddingConsumer] [39m[32mReceived kafka event topic=product-events partition=0 offset=0 id=undefined type=undefined[39m
nest-ai-service                  | [31m[Nest] 1  - [39m06/19/2026, 3:12:57 AM [31m  ERROR[39m [38;5;3m[EmbeddingConsumer] [39m[31mFailed processing event undefined: Cannot read properties of undefined (reading 'name')[39m
nest-ai-service                  | [31m[Nest] 1  - [39m06/19/2026, 3:12:57 AM [31m  ERROR[39m [38;5;3m[RpcExceptionsHandler] [39mTypeError: Cannot read properties of undefined (reading 'name')
nest-ai-service                  |     at BuildTextUtil.buildProductText [90m(/app/[39mdist/utils/build-text.util.js:16:37[90m)[39m
nest-ai-service                  |     at BuildTextUtil.buildText [90m(/app/[39mdist/utils/build-text.util.js:13:21[90m)[39m
nest-ai-service                  |     at EmbeddingService.processEvent [90m(/app/[39mdist/embedding/embedding.service.js:29:54[90m)[39m
nest-ai-service                  |     at EmbeddingConsumer.handleEvent [90m(/app/[39mdist/kafka/embedding.consumer.js:41:41[90m)[39m
nest-ai-service                  |     at EmbeddingConsumer.consumeProductEvent [90m(/app/[39mdist/kafka/embedding.consumer.js:28:21[90m)[39m
nest-ai-service                  |     at [90m/app/[39mnode_modules/[4m@nestjs/microservices[24m/context/rpc-context-creator.js:44:33
nest-ai-service                  | [90m    at process.processTicksAndRejections (node:internal/process/task_queues:103:5)[39m
nest-ai-service                  |     at async [90m/app/[39mnode_modules/[4m@nestjs/microservices[24m/context/rpc-proxy.js:11:32
nest-ai-service                  |     at async [90m/app/[39mnode_modules/[4m@nestjs/microservices[24m/server/server-kafka.js:231:36
nest-ai-service                  |     at async Runner.processEachMessage [90m(/app/[39mnode_modules/[4mkafkajs[24m/src/consumer/runner.js:231:9[90m)[39m
nest-ai-service                  | [31m[Nest] 1  - [39m06/19/2026, 3:12:57 AM [31m  ERROR[39m [38;5;3m[ServerKafka] [39m[31mERROR [Runner] Error when calling eachMessage {"timestamp":"2026-06-19T03:12:57.768Z","logger":"kafkajs","topic":"product-events","partition":0,"offset":"0","error":{"status":"error","message":"Internal server error"}}[39m
nest-ai-service                  | [32m[Nest] 1  - [39m06/19/2026, 3:12:58 AM [32m    LOG[39m [38;5;3m[EmbeddingConsumer] [39m[32mReceived kafka event topic=product-events partition=0 offset=0 id=undefined type=undefined[39m
nest-ai-service                  | [31m[Nest] 1  - [39m06/19/2026, 3:12:58 AM [31m  ERROR[39m [38;5;3m[EmbeddingConsumer] [39m[31mFailed processing event undefined: Cannot read properties of undefined (reading 'name')[39m
nest-ai-service                  | [31m[Nest] 1  - [39m06/19/2026, 3:12:58 AM [31m  ERROR[39m [38;5;3m[RpcExceptionsHandler] [39mTypeError: Cannot read properties of undefined (reading 'name')
nest-ai-service                  |     at BuildTextUtil.buildProductText [90m(/app/[39mdist/utils/build-text.util.js:16:37[90m)[39m
nest-ai-service                  |     at BuildTextUtil.buildText [90m(/app/[39mdist/utils/build-text.util.js:13:21[90m)[39m
nest-ai-service                  |     at EmbeddingService.processEvent [90m(/app/[39mdist/embedding/embedding.service.js:29:54[90m)[39m
nest-ai-service                  |     at EmbeddingConsumer.handleEvent [90m(/app/[39mdist/kafka/embedding.consumer.js:41:41[90m)[39m
nest-ai-service                  |     at EmbeddingConsumer.consumeProductEvent [90m(/app/[39mdist/kafka/embedding.consumer.js:28:21[90m)[39m
nest-ai-service                  |     at [90m/app/[39mnode_modules/[4m@nestjs/microservices[24m/context/rpc-context-creator.js:44:33
nest-ai-service                  | [90m    at process.processTicksAndRejections (node:internal/process/task_queues:103:5)[39m
nest-ai-service                  |     at async [90m/app/[39mnode_modules/[4m@nestjs/microservices[24m/context/rpc-proxy.js:11:32
nest-ai-service                  |     at async [90m/app/[39mnode_modules/[4m@nestjs/microservices[24m/server/server-kafka.js:231:36
nest-ai-service                  |     at async Runner.processEachMessage [90m(/app/[39mnode_modules/[4mkafkajs[24m/src/consumer/runner.js:231:9[90m)[39m
nest-ai-service                  | [31m[Nest] 1  - [39m06/19/2026, 3:12:58 AM [31m  ERROR[39m [38;5;3m[ServerKafka] [39m[31mERROR [Runner] Error when calling eachMessage {"timestamp":"2026-06-19T03:12:58.122Z","logger":"kafkajs","topic":"product-events","partition":0,"offset":"0","error":{"status":"error","message":"Internal server error"}}[39m
nest-ai-service                  | [31m[Nest] 1  - [39m06/19/2026, 3:12:58 AM [31m  ERROR[39m [38;5;3m[EmbeddingConsumer] [39m[31mFailed processing event undefined: Cannot read properties of undefined (reading 'name')[39m
nest-ai-service                  | [32m[Nest] 1  - [39m06/19/2026, 3:12:58 AM [32m    LOG[39m [38;5;3m[EmbeddingConsumer] [39m[32mReceived kafka event topic=product-events partition=0 offset=0 id=undefined type=undefined[39m
nest-ai-service                  | [31m[Nest] 1  - [39m06/19/2026, 3:12:58 AM [31m  ERROR[39m [38;5;3m[RpcExceptionsHandler] [39mTypeError: Cannot read properties of undefined (reading 'name')
nest-ai-service                  |     at BuildTextUtil.buildProductText [90m(/app/[39mdist/utils/build-text.util.js:16:37[90m)[39m
nest-ai-service                  |     at BuildTextUtil.buildText [90m(/app/[39mdist/utils/build-text.util.js:13:21[90m)[39m
nest-ai-service                  |     at EmbeddingService.processEvent [90m(/app/[39mdist/embedding/embedding.service.js:29:54[90m)[39m
nest-ai-service                  |     at EmbeddingConsumer.handleEvent [90m(/app/[39mdist/kafka/embedding.consumer.js:41:41[90m)[39m
nest-ai-service                  |     at EmbeddingConsumer.consumeProductEvent [90m(/app/[39mdist/kafka/embedding.consumer.js:28:21[90m)[39m
nest-ai-service                  |     at [90m/app/[39mnode_modules/[4m@nestjs/microservices[24m/context/rpc-context-creator.js:44:33
nest-ai-service                  | [90m    at process.processTicksAndRejections (node:internal/process/task_queues:103:5)[39m
nest-ai-service                  |     at async [90m/app/[39mnode_modules/[4m@nestjs/microservices[24m/context/rpc-proxy.js:11:32
nest-ai-service                  |     at async [90m/app/[39mnode_modules/[4m@nestjs/microservices[24m/server/server-kafka.js:231:36
nest-ai-service                  |     at async Runner.processEachMessage [90m(/app/[39mnode_modules/[4mkafkajs[24m/src/consumer/runner.js:231:9[90m)[39m
nest-ai-service                  | [31m[Nest] 1  - [39m06/19/2026, 3:12:58 AM [31m  ERROR[39m [38;5;3m[ServerKafka] [39m[31mERROR [Runner] Error when calling eachMessage {"timestamp":"2026-06-19T03:12:58.762Z","logger":"kafkajs","topic":"product-events","partition":0,"offset":"0","error":{"status":"error","message":"Internal server error"}}[39m
nest-ai-service                  | [32m[Nest] 1  - [39m06/19/2026, 3:12:59 AM [32m    LOG[39m [38;5;3m[EmbeddingConsumer] [39m[32mReceived kafka event topic=product-events partition=0 offset=0 id=undefined type=undefined[39m
nest-ai-service                  | [31m[Nest] 1  - [39m06/19/2026, 3:12:59 AM [31m  ERROR[39m [38;5;3m[EmbeddingConsumer] [39m[31mFailed processing event undefined: Cannot read properties of undefined (reading 'name')[39m
nest-ai-service                  | [31m[Nest] 1  - [39m06/19/2026, 3:12:59 AM [31m  ERROR[39m [38;5;3m[RpcExceptionsHandler] [39mTypeError: Cannot read properties of undefined (reading 'name')
nest-ai-service                  |     at BuildTextUtil.buildProductText [90m(/app/[39mdist/utils/build-text.util.js:16:37[90m)[39m
nest-ai-service                  |     at BuildTextUtil.buildText [90m(/app/[39mdist/utils/build-text.util.js:13:21[90m)[39m
nest-ai-service                  |     at EmbeddingService.processEvent [90m(/app/[39mdist/embedding/embedding.service.js:29:54[90m)[39m
nest-ai-service                  |     at EmbeddingConsumer.handleEvent [90m(/app/[39mdist/kafka/embedding.consumer.js:41:41[90m)[39m
nest-ai-service                  |     at EmbeddingConsumer.consumeProductEvent [90m(/app/[39mdist/kafka/embedding.consumer.js:28:21[90m)[39m
nest-ai-service                  |     at [90m/app/[39mnode_modules/[4m@nestjs/microservices[24m/context/rpc-context-creator.js:44:33
nest-ai-service                  | [90m    at process.processTicksAndRejections (node:internal/process/task_queues:103:5)[39m
nest-ai-service                  |     at async [90m/app/[39mnode_modules/[4m@nestjs/microservices[24m/context/rpc-proxy.js:11:32
nest-ai-service                  |     at async [90m/app/[39mnode_modules/[4m@nestjs/microservices[24m/server/server-kafka.js:231:36
nest-ai-service                  |     at async Runner.processEachMessage [90m(/app/[39mnode_modules/[4mkafkajs[24m/src/consumer/runner.js:231:9[90m)[39m
nest-ai-service                  | [31m[Nest] 1  - [39m06/19/2026, 3:12:59 AM [31m  ERROR[39m [38;5;3m[ServerKafka] [39m[31mERROR [Runner] Error when calling eachMessage {"timestamp":"2026-06-19T03:12:59.995Z","logger":"kafkajs","topic":"product-events","partition":0,"offset":"0","error":{"status":"error","message":"Internal server error"}}[39m
nest-ai-service                  | [32m[Nest] 1  - [39m06/19/2026, 3:13:02 AM [32m    LOG[39m [38;5;3m[EmbeddingConsumer] [39m[32mReceived kafka event topic=product-events partition=0 offset=0 id=undefined type=undefined[39m
nest-ai-service                  | [31m[Nest] 1  - [39m06/19/2026, 3:13:02 AM [31m  ERROR[39m [38;5;3m[EmbeddingConsumer] [39m[31mFailed processing event undefined: Cannot read properties of undefined (reading 'name')[39m
nest-ai-service                  | [31m[Nest] 1  - [39m06/19/2026, 3:13:02 AM [31m  ERROR[39m [38;5;3m[RpcExceptionsHandler] [39mTypeError: Cannot read properties of undefined (reading 'name')
nest-ai-service                  |     at BuildTextUtil.buildProductText [90m(/app/[39mdist/utils/build-text.util.js:16:37[90m)[39m
nest-ai-service                  |     at BuildTextUtil.buildText [90m(/app/[39mdist/utils/build-text.util.js:13:21[90m)[39m
nest-ai-service                  |     at EmbeddingService.processEvent [90m(/app/[39mdist/embedding/embedding.service.js:29:54[90m)[39m
nest-ai-service                  |     at EmbeddingConsumer.handleEvent [90m(/app/[39mdist/kafka/embedding.consumer.js:41:41[90m)[39m
nest-ai-service                  |     at EmbeddingConsumer.consumeProductEvent [90m(/app/[39mdist/kafka/embedding.consumer.js:28:21[90m)[39m
nest-ai-service                  |     at [90m/app/[39mnode_modules/[4m@nestjs/microservices[24m/context/rpc-context-creator.js:44:33
nest-ai-service                  | [90m    at process.processTicksAndRejections (node:internal/process/task_queues:103:5)[39m
nest-ai-service                  |     at async [90m/app/[39mnode_modules/[4m@nestjs/microservices[24m/context/rpc-proxy.js:11:32
nest-ai-service                  |     at async [90m/app/[39mnode_modules/[4m@nestjs/microservices[24m/server/server-kafka.js:231:36
nest-ai-service                  |     at async Runner.processEachMessage [90m(/app/[39mnode_modules/[4mkafkajs[24m/src/consumer/runner.js:231:9[90m)[39m
nest-ai-service                  | [31m[Nest] 1  - [39m06/19/2026, 3:13:02 AM [31m  ERROR[39m [38;5;3m[ServerKafka] [39m[31mERROR [Runner] Error when calling eachMessage {"timestamp":"2026-06-19T03:13:02.165Z","logger":"kafkajs","topic":"product-events","partition":0,"offset":"0","error":{"status":"error","message":"Internal server error"}}[39m
nest-ai-service                  | [32m[Nest] 1  - [39m06/19/2026, 3:13:07 AM [32m    LOG[39m [38;5;3m[EmbeddingConsumer] [39m[32mReceived kafka event topic=product-events partition=0 offset=0 id=undefined type=undefined[39m
nest-ai-service                  | [31m[Nest] 1  - [39m06/19/2026, 3:13:07 AM [31m  ERROR[39m [38;5;3m[EmbeddingConsumer] [39m[31mFailed processing event undefined: Cannot read properties of undefined (reading 'name')[39m
nest-ai-service                  | [31m[Nest] 1  - [39m06/19/2026, 3:13:07 AM [31m  ERROR[39m [38;5;3m[RpcExceptionsHandler] [39mTypeError: Cannot read properties of undefined (reading 'name')
nest-ai-service                  |     at BuildTextUtil.buildProductText [90m(/app/[39mdist/utils/build-text.util.js:16:37[90m)[39m
nest-ai-service                  |     at BuildTextUtil.buildText [90m(/app/[39mdist/utils/build-text.util.js:13:21[90m)[39m
nest-ai-service                  |     at EmbeddingService.processEvent [90m(/app/[39mdist/embedding/embedding.service.js:29:54[90m)[39m
nest-ai-service                  |     at EmbeddingConsumer.handleEvent [90m(/app/[39mdist/kafka/embedding.consumer.js:41:41[90m)[39m
nest-ai-service                  |     at EmbeddingConsumer.consumeProductEvent [90m(/app/[39mdist/kafka/embedding.consumer.js:28:21[90m)[39m
nest-ai-service                  |     at [90m/app/[39mnode_modules/[4m@nestjs/microservices[24m/context/rpc-context-creator.js:44:33
nest-ai-service                  | [90m    at process.processTicksAndRejections (node:internal/process/task_queues:103:5)[39m
nest-ai-service                  |     at async [90m/app/[39mnode_modules/[4m@nestjs/microservices[24m/context/rpc-proxy.js:11:32
nest-ai-service                  |     at async [90m/app/[39mnode_modules/[4m@nestjs/microservices[24m/server/server-kafka.js:231:36
nest-ai-service                  |     at async Runner.processEachMessage [90m(/app/[39mnode_modules/[4mkafkajs[24m/src/consumer/runner.js:231:9[90m)[39m
nest-ai-service                  | [31m[Nest] 1  - [39m06/19/2026, 3:13:07 AM [31m  ERROR[39m [38;5;3m[ServerKafka] [39m[31mERROR [Runner] Error when calling eachMessage {"timestamp":"2026-06-19T03:13:07.223Z","logger":"kafkajs","topic":"product-events","partition":0,"offset":"0","error":{"status":"error","message":"Internal server error"}}[39m
nest-ai-service                  | [31m[Nest] 1  - [39m06/19/2026, 3:13:07 AM [31m  ERROR[39m [38;5;3m[ServerKafka] [39m[31mERROR [Consumer] Crash: KafkaJSNumberOfRetriesExceeded: Internal server error {"timestamp":"2026-06-19T03:13:07.234Z","logger":"kafkajs","groupId":"nest-ai-service-group-server","retryCount":5,"stack":"KafkaJSNonRetriableError\n  Caused by: undefined"}[39m
product-trace-kafka              | [2026-06-19 03:13:07,286] INFO [GroupCoordinator 1]: Preparing to rebalance group nest-ai-service-group-server in state PreparingRebalance with old generation 4 (__consumer_offsets-29) (reason: Removing member nest-ai-service-server-256e4697-0d31-408c-9265-080cea737611 on LeaveGroup; client reason: not provided) (kafka.coordinator.group.GroupCoordinator)
product-trace-kafka              | [2026-06-19 03:13:07,287] INFO [GroupCoordinator 1]: Group nest-ai-service-group-server with generation 5 is now empty (__consumer_offsets-29) (kafka.coordinator.group.GroupCoordinator)
product-trace-kafka              | [2026-06-19 03:13:07,295] INFO [GroupCoordinator 1]: Member MemberMetadata(memberId=nest-ai-service-server-256e4697-0d31-408c-9265-080cea737611, groupInstanceId=None, clientId=nest-ai-service-server, clientHost=/172.20.0.10, sessionTimeoutMs=30000, rebalanceTimeoutMs=60000, supportedProtocols=List(RoundRobinAssigner)) has left group nest-ai-service-group-server through explicit `LeaveGroup`; client reason: not provided (kafka.coordinator.group.GroupCoordinator)
nest-ai-service                  | [32m[Nest] 1  - [39m06/19/2026, 3:13:07 AM [32m    LOG[39m [38;5;3m[ServerKafka] [39m[32mINFO [Consumer] Stopped {"timestamp":"2026-06-19T03:13:07.301Z","logger":"kafkajs","groupId":"nest-ai-service-group-server"}[39m
nest-ai-service                  | [31m[Nest] 1  - [39m06/19/2026, 3:13:07 AM [31m  ERROR[39m [38;5;3m[ServerKafka] [39m[31mERROR [Consumer] Restarting the consumer in 11370ms {"timestamp":"2026-06-19T03:13:07.302Z","logger":"kafkajs","retryCount":5,"retryTime":11370,"groupId":"nest-ai-service-group-server"}[39m
nest-ai-service                  | [32m[Nest] 1  - [39m06/19/2026, 3:13:18 AM [32m    LOG[39m [38;5;3m[ServerKafka] [39m[32mINFO [Consumer] Starting {"timestamp":"2026-06-19T03:13:18.682Z","logger":"kafkajs","groupId":"nest-ai-service-group-server"}[39m
product-trace-kafka              | [2026-06-19 03:13:18,698] INFO [GroupCoordinator 1]: Dynamic member with unknown member id joins group nest-ai-service-group-server in Empty state. Created a new member id nest-ai-service-server-45bcf544-9552-471f-9464-37c80ab71926 and request the member to rejoin with this id. (kafka.coordinator.group.GroupCoordinator)
product-trace-kafka              | [2026-06-19 03:13:18,703] INFO [GroupCoordinator 1]: Preparing to rebalance group nest-ai-service-group-server in state PreparingRebalance with old generation 5 (__consumer_offsets-29) (reason: Adding new member nest-ai-service-server-45bcf544-9552-471f-9464-37c80ab71926 with group instance id None; client reason: not provided) (kafka.coordinator.group.GroupCoordinator)
product-trace-kafka              | [2026-06-19 03:13:18,707] INFO [GroupCoordinator 1]: Stabilized group nest-ai-service-group-server generation 6 (__consumer_offsets-29) with 1 members (kafka.coordinator.group.GroupCoordinator)
product-trace-kafka              | [2026-06-19 03:13:18,716] INFO [GroupCoordinator 1]: Assignment received from leader nest-ai-service-server-45bcf544-9552-471f-9464-37c80ab71926 for group nest-ai-service-group-server for generation 6. The group has 1 members, 0 of which are static. (kafka.coordinator.group.GroupCoordinator)
nest-ai-service                  | [32m[Nest] 1  - [39m06/19/2026, 3:13:18 AM [32m    LOG[39m [38;5;3m[ServerKafka] [39m[32mINFO [ConsumerGroup] Consumer has joined the group {"timestamp":"2026-06-19T03:13:18.721Z","logger":"kafkajs","groupId":"nest-ai-service-group-server","memberId":"nest-ai-service-server-45bcf544-9552-471f-9464-37c80ab71926","leaderId":"nest-ai-service-server-45bcf544-9552-471f-9464-37c80ab71926","isLeader":true,"memberAssignment":{"product-events":[0],"trace-events":[0]},"groupProtocol":"RoundRobinAssigner","duration":27}[39m
product-trace-kafka              | [2026-06-19 03:14:04,905] INFO [Controller id=1] Processing automatic preferred replica leader election (kafka.controller.KafkaController)
product-trace-kafka              | [2026-06-19 03:14:04,906] TRACE [Controller id=1] Checking need to trigger auto leader balancing (kafka.controller.KafkaController)
product-trace-kafka              | [2026-06-19 03:14:04,922] DEBUG [Controller id=1] Topics not in preferred replica for broker 1 HashMap() (kafka.controller.KafkaController)
product-trace-kafka              | [2026-06-19 03:14:04,923] TRACE [Controller id=1] Leader imbalance ratio for broker 1 is 0.0 (kafka.controller.KafkaController)
nest-ai-service                  | [32m[Nest] 1  - [39m06/19/2026, 3:14:22 AM [32m    LOG[39m [38;5;3m[EmbeddingConsumer] [39m[32mReceived kafka event topic=product-events partition=0 offset=2 id=undefined type=undefined[39m
nest-ai-service                  | [31m[Nest] 1  - [39m06/19/2026, 3:14:22 AM [31m  ERROR[39m [38;5;3m[EmbeddingConsumer] [39m[31mFailed processing event undefined: Cannot read properties of undefined (reading 'name')[39m
nest-ai-service                  | [31m[Nest] 1  - [39m06/19/2026, 3:14:22 AM [31m  ERROR[39m [38;5;3m[RpcExceptionsHandler] [39mTypeError: Cannot read properties of undefined (reading 'name')
nest-ai-service                  |     at BuildTextUtil.buildProductText [90m(/app/[39mdist/utils/build-text.util.js:16:37[90m)[39m
nest-ai-service                  |     at BuildTextUtil.buildText [90m(/app/[39mdist/utils/build-text.util.js:13:21[90m)[39m
nest-ai-service                  |     at EmbeddingService.processEvent [90m(/app/[39mdist/embedding/embedding.service.js:29:54[90m)[39m
nest-ai-service                  |     at EmbeddingConsumer.handleEvent [90m(/app/[39mdist/kafka/embedding.consumer.js:41:41[90m)[39m
nest-ai-service                  |     at EmbeddingConsumer.consumeProductEvent [90m(/app/[39mdist/kafka/embedding.consumer.js:28:21[90m)[39m
nest-ai-service                  |     at [90m/app/[39mnode_modules/[4m@nestjs/microservices[24m/context/rpc-context-creator.js:44:33
nest-ai-service                  | [90m    at process.processTicksAndRejections (node:internal/process/task_queues:103:5)[39m
nest-ai-service                  |     at async [90m/app/[39mnode_modules/[4m@nestjs/microservices[24m/context/rpc-proxy.js:11:32
nest-ai-service                  |     at async [90m/app/[39mnode_modules/[4m@nestjs/microservices[24m/server/server-kafka.js:231:36
nest-ai-service                  |     at async Runner.processEachMessage [90m(/app/[39mnode_modules/[4mkafkajs[24m/src/consumer/runner.js:231:9[90m)[39m
nest-ai-service                  | [31m[Nest] 1  - [39m06/19/2026, 3:14:22 AM [31m  ERROR[39m [38;5;3m[ServerKafka] [39m[31mERROR [Runner] Error when calling eachMessage {"timestamp":"2026-06-19T03:14:22.416Z","logger":"kafkajs","topic":"product-events","partition":0,"offset":"2","error":{"status":"error","message":"Internal server error"}}[39m
nest-ai-service                  | [31m[Nest] 1  - [39m06/19/2026, 3:14:22 AM [31m  ERROR[39m [38;5;3m[EmbeddingConsumer] [39m[31mFailed processing event undefined: Cannot read properties of undefined (reading 'name')[39m
nest-ai-service                  | [32m[Nest] 1  - [39m06/19/2026, 3:14:22 AM [32m    LOG[39m [38;5;3m[EmbeddingConsumer] [39m[32mReceived kafka event topic=product-events partition=0 offset=2 id=undefined type=undefined[39m
nest-ai-service                  | [31m[Nest] 1  - [39m06/19/2026, 3:14:22 AM [31m  ERROR[39m [38;5;3m[RpcExceptionsHandler] [39mTypeError: Cannot read properties of undefined (reading 'name')
nest-ai-service                  |     at BuildTextUtil.buildProductText [90m(/app/[39mdist/utils/build-text.util.js:16:37[90m)[39m
nest-ai-service                  |     at BuildTextUtil.buildText [90m(/app/[39mdist/utils/build-text.util.js:13:21[90m)[39m
nest-ai-service                  |     at EmbeddingService.processEvent [90m(/app/[39mdist/embedding/embedding.service.js:29:54[90m)[39m
nest-ai-service                  |     at EmbeddingConsumer.handleEvent [90m(/app/[39mdist/kafka/embedding.consumer.js:41:41[90m)[39m
nest-ai-service                  |     at EmbeddingConsumer.consumeProductEvent [90m(/app/[39mdist/kafka/embedding.consumer.js:28:21[90m)[39m
nest-ai-service                  |     at [90m/app/[39mnode_modules/[4m@nestjs/microservices[24m/context/rpc-context-creator.js:44:33
nest-ai-service                  | [90m    at process.processTicksAndRejections (node:internal/process/task_queues:103:5)[39m
nest-ai-service                  |     at async [90m/app/[39mnode_modules/[4m@nestjs/microservices[24m/context/rpc-proxy.js:11:32
nest-ai-service                  |     at async [90m/app/[39mnode_modules/[4m@nestjs/microservices[24m/server/server-kafka.js:231:36
nest-ai-service                  |     at async Runner.processEachMessage [90m(/app/[39mnode_modules/[4mkafkajs[24m/src/consumer/runner.js:231:9[90m)[39m
nest-ai-service                  | [31m[Nest] 1  - [39m06/19/2026, 3:14:22 AM [31m  ERROR[39m [38;5;3m[ServerKafka] [39m[31mERROR [Runner] Error when calling eachMessage {"timestamp":"2026-06-19T03:14:22.742Z","logger":"kafkajs","topic":"product-events","partition":0,"offset":"2","error":{"status":"error","message":"Internal server error"}}[39m
nest-ai-service                  | [32m[Nest] 1  - [39m06/19/2026, 3:14:23 AM [32m    LOG[39m [38;5;3m[EmbeddingConsumer] [39m[32mReceived kafka event topic=product-events partition=0 offset=2 id=undefined type=undefined[39m
nest-ai-service                  | [31m[Nest] 1  - [39m06/19/2026, 3:14:23 AM [31m  ERROR[39m [38;5;3m[EmbeddingConsumer] [39m[31mFailed processing event undefined: Cannot read properties of undefined (reading 'name')[39m
nest-ai-service                  | [31m[Nest] 1  - [39m06/19/2026, 3:14:23 AM [31m  ERROR[39m [38;5;3m[RpcExceptionsHandler] [39mTypeError: Cannot read properties of undefined (reading 'name')
nest-ai-service                  |     at BuildTextUtil.buildProductText [90m(/app/[39mdist/utils/build-text.util.js:16:37[90m)[39m
nest-ai-service                  |     at BuildTextUtil.buildText [90m(/app/[39mdist/utils/build-text.util.js:13:21[90m)[39m
nest-ai-service                  |     at EmbeddingService.processEvent [90m(/app/[39mdist/embedding/embedding.service.js:29:54[90m)[39m
nest-ai-service                  |     at EmbeddingConsumer.handleEvent [90m(/app/[39mdist/kafka/embedding.consumer.js:41:41[90m)[39m
nest-ai-service                  |     at EmbeddingConsumer.consumeProductEvent [90m(/app/[39mdist/kafka/embedding.consumer.js:28:21[90m)[39m
nest-ai-service                  |     at [90m/app/[39mnode_modules/[4m@nestjs/microservices[24m/context/rpc-context-creator.js:44:33
nest-ai-service                  | [90m    at process.processTicksAndRejections (node:internal/process/task_queues:103:5)[39m
nest-ai-service                  |     at async [90m/app/[39mnode_modules/[4m@nestjs/microservices[24m/context/rpc-proxy.js:11:32
nest-ai-service                  |     at async [90m/app/[39mnode_modules/[4m@nestjs/microservices[24m/server/server-kafka.js:231:36
nest-ai-service                  |     at async Runner.processEachMessage [90m(/app/[39mnode_modules/[4mkafkajs[24m/src/consumer/runner.js:231:9[90m)[39m
nest-ai-service                  | [31m[Nest] 1  - [39m06/19/2026, 3:14:23 AM [31m  ERROR[39m [38;5;3m[ServerKafka] [39m[31mERROR [Runner] Error when calling eachMessage {"timestamp":"2026-06-19T03:14:23.332Z","logger":"kafkajs","topic":"product-events","partition":0,"offset":"2","error":{"status":"error","message":"Internal server error"}}[39m
nest-ai-service                  | [32m[Nest] 1  - [39m06/19/2026, 3:14:24 AM [32m    LOG[39m [38;5;3m[EmbeddingConsumer] [39m[32mReceived kafka event topic=product-events partition=0 offset=2 id=undefined type=undefined[39m
nest-ai-service                  | [31m[Nest] 1  - [39m06/19/2026, 3:14:24 AM [31m  ERROR[39m [38;5;3m[EmbeddingConsumer] [39m[31mFailed processing event undefined: Cannot read properties of undefined (reading 'name')[39m
nest-ai-service                  | [31m[Nest] 1  - [39m06/19/2026, 3:14:24 AM [31m  ERROR[39m [38;5;3m[RpcExceptionsHandler] [39mTypeError: Cannot read properties of undefined (reading 'name')
nest-ai-service                  |     at BuildTextUtil.buildProductText [90m(/app/[39mdist/utils/build-text.util.js:16:37[90m)[39m
nest-ai-service                  |     at BuildTextUtil.buildText [90m(/app/[39mdist/utils/build-text.util.js:13:21[90m)[39m
nest-ai-service                  |     at EmbeddingService.processEvent [90m(/app/[39mdist/embedding/embedding.service.js:29:54[90m)[39m
nest-ai-service                  |     at EmbeddingConsumer.handleEvent [90m(/app/[39mdist/kafka/embedding.consumer.js:41:41[90m)[39m
nest-ai-service                  |     at EmbeddingConsumer.consumeProductEvent [90m(/app/[39mdist/kafka/embedding.consumer.js:28:21[90m)[39m
nest-ai-service                  |     at [90m/app/[39mnode_modules/[4m@nestjs/microservices[24m/context/rpc-context-creator.js:44:33
nest-ai-service                  | [90m    at process.processTicksAndRejections (node:internal/process/task_queues:103:5)[39m
nest-ai-service                  |     at async [90m/app/[39mnode_modules/[4m@nestjs/microservices[24m/context/rpc-proxy.js:11:32
nest-ai-service                  |     at async [90m/app/[39mnode_modules/[4m@nestjs/microservices[24m/server/server-kafka.js:231:36
nest-ai-service                  |     at async Runner.processEachMessage [90m(/app/[39mnode_modules/[4mkafkajs[24m/src/consumer/runner.js:231:9[90m)[39m
nest-ai-service                  | [31m[Nest] 1  - [39m06/19/2026, 3:14:24 AM [31m  ERROR[39m [38;5;3m[ServerKafka] [39m[31mERROR [Runner] Error when calling eachMessage {"timestamp":"2026-06-19T03:14:24.527Z","logger":"kafkajs","topic":"product-events","partition":0,"offset":"2","error":{"status":"error","message":"Internal server error"}}[39m
nest-ai-service                  | [32m[Nest] 1  - [39m06/19/2026, 3:14:26 AM [32m    LOG[39m [38;5;3m[EmbeddingConsumer] [39m[32mReceived kafka event topic=product-events partition=0 offset=2 id=undefined type=undefined[39m
nest-ai-service                  | [31m[Nest] 1  - [39m06/19/2026, 3:14:26 AM [31m  ERROR[39m [38;5;3m[EmbeddingConsumer] [39m[31mFailed processing event undefined: Cannot read properties of undefined (reading 'name')[39m
nest-ai-service                  | [31m[Nest] 1  - [39m06/19/2026, 3:14:26 AM [31m  ERROR[39m [38;5;3m[RpcExceptionsHandler] [39mTypeError: Cannot read properties of undefined (reading 'name')
nest-ai-service                  |     at BuildTextUtil.buildProductText [90m(/app/[39mdist/utils/build-text.util.js:16:37[90m)[39m
nest-ai-service                  |     at BuildTextUtil.buildText [90m(/app/[39mdist/utils/build-text.util.js:13:21[90m)[39m
nest-ai-service                  |     at EmbeddingService.processEvent [90m(/app/[39mdist/embedding/embedding.service.js:29:54[90m)[39m
nest-ai-service                  |     at EmbeddingConsumer.handleEvent [90m(/app/[39mdist/kafka/embedding.consumer.js:41:41[90m)[39m
nest-ai-service                  |     at EmbeddingConsumer.consumeProductEvent [90m(/app/[39mdist/kafka/embedding.consumer.js:28:21[90m)[39m
nest-ai-service                  |     at [90m/app/[39mnode_modules/[4m@nestjs/microservices[24m/context/rpc-context-creator.js:44:33
nest-ai-service                  | [90m    at process.processTicksAndRejections (node:internal/process/task_queues:103:5)[39m
nest-ai-service                  |     at async [90m/app/[39mnode_modules/[4m@nestjs/microservices[24m/context/rpc-proxy.js:11:32
nest-ai-service                  |     at async [90m/app/[39mnode_modules/[4m@nestjs/microservices[24m/server/server-kafka.js:231:36
nest-ai-service                  |     at async Runner.processEachMessage [90m(/app/[39mnode_modules/[4mkafkajs[24m/src/consumer/runner.js:231:9[90m)[39m
nest-ai-service                  | [31m[Nest] 1  - [39m06/19/2026, 3:14:26 AM [31m  ERROR[39m [38;5;3m[ServerKafka] [39m[31mERROR [Runner] Error when calling eachMessage {"timestamp":"2026-06-19T03:14:26.813Z","logger":"kafkajs","topic":"product-events","partition":0,"offset":"2","error":{"status":"error","message":"Internal server error"}}[39m
nest-ai-service                  | [32m[Nest] 1  - [39m06/19/2026, 3:14:31 AM [32m    LOG[39m [38;5;3m[EmbeddingConsumer] [39m[32mReceived kafka event topic=product-events partition=0 offset=2 id=undefined type=undefined[39m
nest-ai-service                  | [31m[Nest] 1  - [39m06/19/2026, 3:14:31 AM [31m  ERROR[39m [38;5;3m[EmbeddingConsumer] [39m[31mFailed processing event undefined: Cannot read properties of undefined (reading 'name')[39m
nest-ai-service                  | [31m[Nest] 1  - [39m06/19/2026, 3:14:31 AM [31m  ERROR[39m [38;5;3m[RpcExceptionsHandler] [39mTypeError: Cannot read properties of undefined (reading 'name')
nest-ai-service                  |     at BuildTextUtil.buildProductText [90m(/app/[39mdist/utils/build-text.util.js:16:37[90m)[39m
nest-ai-service                  |     at BuildTextUtil.buildText [90m(/app/[39mdist/utils/build-text.util.js:13:21[90m)[39m
nest-ai-service                  |     at EmbeddingService.processEvent [90m(/app/[39mdist/embedding/embedding.service.js:29:54[90m)[39m
nest-ai-service                  |     at EmbeddingConsumer.handleEvent [90m(/app/[39mdist/kafka/embedding.consumer.js:41:41[90m)[39m
nest-ai-service                  |     at EmbeddingConsumer.consumeProductEvent [90m(/app/[39mdist/kafka/embedding.consumer.js:28:21[90m)[39m
nest-ai-service                  |     at [90m/app/[39mnode_modules/[4m@nestjs/microservices[24m/context/rpc-context-creator.js:44:33
nest-ai-service                  | [90m    at process.processTicksAndRejections (node:internal/process/task_queues:103:5)[39m
nest-ai-service                  |     at async [90m/app/[39mnode_modules/[4m@nestjs/microservices[24m/context/rpc-proxy.js:11:32
nest-ai-service                  |     at async [90m/app/[39mnode_modules/[4m@nestjs/microservices[24m/server/server-kafka.js:231:36
nest-ai-service                  |     at async Runner.processEachMessage [90m(/app/[39mnode_modules/[4mkafkajs[24m/src/consumer/runner.js:231:9[90m)[39m
nest-ai-service                  | [31m[Nest] 1  - [39m06/19/2026, 3:14:31 AM [31m  ERROR[39m [38;5;3m[ServerKafka] [39m[31mERROR [Runner] Error when calling eachMessage {"timestamp":"2026-06-19T03:14:31.515Z","logger":"kafkajs","topic":"product-events","partition":0,"offset":"2","error":{"status":"error","message":"Internal server error"}}[39m
nest-ai-service                  | [31m[Nest] 1  - [39m06/19/2026, 3:14:31 AM [31m  ERROR[39m [38;5;3m[ServerKafka] [39m[31mERROR [Consumer] Crash: KafkaJSNumberOfRetriesExceeded: Internal server error {"timestamp":"2026-06-19T03:14:31.520Z","logger":"kafkajs","groupId":"nest-ai-service-group-server","retryCount":5,"stack":"KafkaJSNonRetriableError\n  Caused by: undefined"}[39m
product-trace-kafka              | [2026-06-19 03:14:31,523] INFO [GroupCoordinator 1]: Preparing to rebalance group nest-ai-service-group-server in state PreparingRebalance with old generation 6 (__consumer_offsets-29) (reason: Removing member nest-ai-service-server-45bcf544-9552-471f-9464-37c80ab71926 on LeaveGroup; client reason: not provided) (kafka.coordinator.group.GroupCoordinator)
product-trace-kafka              | [2026-06-19 03:14:31,524] INFO [GroupCoordinator 1]: Group nest-ai-service-group-server with generation 7 is now empty (__consumer_offsets-29) (kafka.coordinator.group.GroupCoordinator)
product-trace-kafka              | [2026-06-19 03:14:31,528] INFO [GroupCoordinator 1]: Member MemberMetadata(memberId=nest-ai-service-server-45bcf544-9552-471f-9464-37c80ab71926, groupInstanceId=None, clientId=nest-ai-service-server, clientHost=/172.20.0.10, sessionTimeoutMs=30000, rebalanceTimeoutMs=60000, supportedProtocols=List(RoundRobinAssigner)) has left group nest-ai-service-group-server through explicit `LeaveGroup`; client reason: not provided (kafka.coordinator.group.GroupCoordinator)
nest-ai-service                  | [32m[Nest] 1  - [39m06/19/2026, 3:14:31 AM [32m    LOG[39m [38;5;3m[ServerKafka] [39m[32mINFO [Consumer] Stopped {"timestamp":"2026-06-19T03:14:31.537Z","logger":"kafkajs","groupId":"nest-ai-service-group-server"}[39m
nest-ai-service                  | [31m[Nest] 1  - [39m06/19/2026, 3:14:31 AM [31m  ERROR[39m [38;5;3m[ServerKafka] [39m[31mERROR [Consumer] Restarting the consumer in 8824ms {"timestamp":"2026-06-19T03:14:31.543Z","logger":"kafkajs","retryCount":5,"retryTime":8824,"groupId":"nest-ai-service-group-server"}[39m
nest-ai-service                  | [32m[Nest] 1  - [39m06/19/2026, 3:14:40 AM [32m    LOG[39m [38;5;3m[ServerKafka] [39m[32mINFO [Consumer] Starting {"timestamp":"2026-06-19T03:14:40.374Z","logger":"kafkajs","groupId":"nest-ai-service-group-server"}[39m
product-trace-kafka              | [2026-06-19 03:14:40,423] INFO [GroupCoordinator 1]: Dynamic member with unknown member id joins group nest-ai-service-group-server in Empty state. Created a new member id nest-ai-service-server-7ba49fd8-3bad-4f6f-bd68-b3f36a337af4 and request the member to rejoin with this id. (kafka.coordinator.group.GroupCoordinator)
product-trace-kafka              | [2026-06-19 03:14:40,437] INFO [GroupCoordinator 1]: Preparing to rebalance group nest-ai-service-group-server in state PreparingRebalance with old generation 7 (__consumer_offsets-29) (reason: Adding new member nest-ai-service-server-7ba49fd8-3bad-4f6f-bd68-b3f36a337af4 with group instance id None; client reason: not provided) (kafka.coordinator.group.GroupCoordinator)
product-trace-kafka              | [2026-06-19 03:14:40,443] INFO [GroupCoordinator 1]: Stabilized group nest-ai-service-group-server generation 8 (__consumer_offsets-29) with 1 members (kafka.coordinator.group.GroupCoordinator)
product-trace-kafka              | [2026-06-19 03:14:40,454] INFO [GroupCoordinator 1]: Assignment received from leader nest-ai-service-server-7ba49fd8-3bad-4f6f-bd68-b3f36a337af4 for group nest-ai-service-group-server for generation 8. The group has 1 members, 0 of which are static. (kafka.coordinator.group.GroupCoordinator)
nest-ai-service                  | [32m[Nest] 1  - [39m06/19/2026, 3:14:40 AM [32m    LOG[39m [38;5;3m[ServerKafka] [39m[32mINFO [ConsumerGroup] Consumer has joined the group {"timestamp":"2026-06-19T03:14:40.459Z","logger":"kafkajs","groupId":"nest-ai-service-group-server","memberId":"nest-ai-service-server-7ba49fd8-3bad-4f6f-bd68-b3f36a337af4","leaderId":"nest-ai-service-server-7ba49fd8-3bad-4f6f-bd68-b3f36a337af4","isLeader":true,"memberAssignment":{"product-events":[0],"trace-events":[0]},"groupProtocol":"RoundRobinAssigner","duration":52}[39m
product-trace-kafka              | [2026-06-19 03:19:04,880] INFO [Controller id=1] Processing automatic preferred replica leader election (kafka.controller.KafkaController)
product-trace-kafka              | [2026-06-19 03:19:04,881] TRACE [Controller id=1] Checking need to trigger auto leader balancing (kafka.controller.KafkaController)
product-trace-kafka              | [2026-06-19 03:19:04,898] DEBUG [Controller id=1] Topics not in preferred replica for broker 1 HashMap() (kafka.controller.KafkaController)
product-trace-kafka              | [2026-06-19 03:19:04,899] TRACE [Controller id=1] Leader imbalance ratio for broker 1 is 0.0 (kafka.controller.KafkaController)
product-trace-db                 | 2026-06-19 03:21:20.642 UTC [8636] ERROR:  
syntax error at or near "psql" at character 1
product-trace-db                 | 2026-06-19 03:21:20.642 UTC [8636] 
STATEMENT:  psql -U postgres -d producttrace
product-trace-db                 | 	SELECT * FROM products;
product-trace-kafka              | [2026-06-19 03:22:19,440] INFO [BrokerToControllerChannelManager id=1 name=forwarding] Node 1 disconnected. (org.apache.kafka.clients.NetworkClient)
product-trace-kafka              | [2026-06-19 03:24:04,850] INFO [Controller id=1] Processing automatic preferred replica leader election (kafka.controller.KafkaController)
product-trace-kafka              | [2026-06-19 03:24:04,850] TRACE [Controller id=1] Checking need to trigger auto leader balancing (kafka.controller.KafkaController)
product-trace-kafka              | [2026-06-19 03:24:04,853] DEBUG [Controller id=1] Topics not in preferred replica for broker 1 HashMap() (kafka.controller.KafkaController)
product-trace-kafka              | [2026-06-19 03:24:04,854] TRACE [Controller id=1] Leader imbalance ratio for broker 1 is 0.0 (kafka.controller.KafkaController)
nest-ai-service                  | [32m[Nest] 1  - [39m06/19/2026, 3:24:41 AM [32m    LOG[39m [38;5;3m[EmbeddingConsumer] [39m[32mReceived kafka event topic=product-events partition=0 offset=11 id=undefined type=undefined[39m
nest-ai-service                  | [31m[Nest] 1  - [39m06/19/2026, 3:24:41 AM [31m  ERROR[39m [38;5;3m[EmbeddingConsumer] [39m[31mFailed processing event undefined: Cannot read properties of undefined (reading 'name')[39m
nest-ai-service                  | [31m[Nest] 1  - [39m06/19/2026, 3:24:41 AM [31m  ERROR[39m [38;5;3m[RpcExceptionsHandler] [39mTypeError: Cannot read properties of undefined (reading 'name')
nest-ai-service                  |     at BuildTextUtil.buildProductText [90m(/app/[39mdist/utils/build-text.util.js:16:37[90m)[39m
nest-ai-service                  |     at BuildTextUtil.buildText [90m(/app/[39mdist/utils/build-text.util.js:13:21[90m)[39m
nest-ai-service                  |     at EmbeddingService.processEvent [90m(/app/[39mdist/embedding/embedding.service.js:29:54[90m)[39m
nest-ai-service                  |     at EmbeddingConsumer.handleEvent [90m(/app/[39mdist/kafka/embedding.consumer.js:41:41[90m)[39m
nest-ai-service                  |     at EmbeddingConsumer.consumeProductEvent [90m(/app/[39mdist/kafka/embedding.consumer.js:28:21[90m)[39m
nest-ai-service                  |     at [90m/app/[39mnode_modules/[4m@nestjs/microservices[24m/context/rpc-context-creator.js:44:33
nest-ai-service                  | [90m    at process.processTicksAndRejections (node:internal/process/task_queues:103:5)[39m
nest-ai-service                  |     at async [90m/app/[39mnode_modules/[4m@nestjs/microservices[24m/context/rpc-proxy.js:11:32
nest-ai-service                  |     at async [90m/app/[39mnode_modules/[4m@nestjs/microservices[24m/server/server-kafka.js:231:36
nest-ai-service                  |     at async Runner.processEachMessage [90m(/app/[39mnode_modules/[4mkafkajs[24m/src/consumer/runner.js:231:9[90m)[39m
nest-ai-service                  | [31m[Nest] 1  - [39m06/19/2026, 3:24:41 AM [31m  ERROR[39m [38;5;3m[ServerKafka] [39m[31mERROR [Runner] Error when calling eachMessage {"timestamp":"2026-06-19T03:24:41.608Z","logger":"kafkajs","topic":"product-events","partition":0,"offset":"11","error":{"status":"error","message":"Internal server error"}}[39m
nest-ai-service                  | [32m[Nest] 1  - [39m06/19/2026, 3:24:41 AM [32m    LOG[39m [38;5;3m[EmbeddingConsumer] [39m[32mReceived kafka event topic=product-events partition=0 offset=11 id=undefined type=undefined[39m
nest-ai-service                  | [31m[Nest] 1  - [39m06/19/2026, 3:24:41 AM [31m  ERROR[39m [38;5;3m[EmbeddingConsumer] [39m[31mFailed processing event undefined: Cannot read properties of undefined (reading 'name')[39m
nest-ai-service                  | [31m[Nest] 1  - [39m06/19/2026, 3:24:41 AM [31m  ERROR[39m [38;5;3m[RpcExceptionsHandler] [39mTypeError: Cannot read properties of undefined (reading 'name')
nest-ai-service                  |     at BuildTextUtil.buildProductText [90m(/app/[39mdist/utils/build-text.util.js:16:37[90m)[39m
nest-ai-service                  |     at BuildTextUtil.buildText [90m(/app/[39mdist/utils/build-text.util.js:13:21[90m)[39m
nest-ai-service                  |     at EmbeddingService.processEvent [90m(/app/[39mdist/embedding/embedding.service.js:29:54[90m)[39m
nest-ai-service                  |     at EmbeddingConsumer.handleEvent [90m(/app/[39mdist/kafka/embedding.consumer.js:41:41[90m)[39m
nest-ai-service                  |     at EmbeddingConsumer.consumeProductEvent [90m(/app/[39mdist/kafka/embedding.consumer.js:28:21[90m)[39m
nest-ai-service                  |     at [90m/app/[39mnode_modules/[4m@nestjs/microservices[24m/context/rpc-context-creator.js:44:33
nest-ai-service                  | [90m    at process.processTicksAndRejections (node:internal/process/task_queues:103:5)[39m
nest-ai-service                  |     at async [90m/app/[39mnode_modules/[4m@nestjs/microservices[24m/context/rpc-proxy.js:11:32
nest-ai-service                  |     at async [90m/app/[39mnode_modules/[4m@nestjs/microservices[24m/server/server-kafka.js:231:36
nest-ai-service                  |     at async Runner.processEachMessage [90m(/app/[39mnode_modules/[4mkafkajs[24m/src/consumer/runner.js:231:9[90m)[39m
nest-ai-service                  | [31m[Nest] 1  - [39m06/19/2026, 3:24:41 AM [31m  ERROR[39m [38;5;3m[ServerKafka] [39m[31mERROR [Runner] Error when calling eachMessage {"timestamp":"2026-06-19T03:24:41.960Z","logger":"kafkajs","topic":"product-events","partition":0,"offset":"11","error":{"status":"error","message":"Internal server error"}}[39m
nest-ai-service                  | [32m[Nest] 1  - [39m06/19/2026, 3:24:42 AM [32m    LOG[39m [38;5;3m[EmbeddingConsumer] [39m[32mReceived kafka event topic=product-events partition=0 offset=11 id=undefined type=undefined[39m
nest-ai-service                  | [31m[Nest] 1  - [39m06/19/2026, 3:24:42 AM [31m  ERROR[39m [38;5;3m[EmbeddingConsumer] [39m[31mFailed processing event undefined: Cannot read properties of undefined (reading 'name')[39m
nest-ai-service                  | [31m[Nest] 1  - [39m06/19/2026, 3:24:42 AM [31m  ERROR[39m [38;5;3m[RpcExceptionsHandler] [39mTypeError: Cannot read properties of undefined (reading 'name')
nest-ai-service                  |     at BuildTextUtil.buildProductText [90m(/app/[39mdist/utils/build-text.util.js:16:37[90m)[39m
nest-ai-service                  |     at BuildTextUtil.buildText [90m(/app/[39mdist/utils/build-text.util.js:13:21[90m)[39m
nest-ai-service                  |     at EmbeddingService.processEvent [90m(/app/[39mdist/embedding/embedding.service.js:29:54[90m)[39m
nest-ai-service                  |     at EmbeddingConsumer.handleEvent [90m(/app/[39mdist/kafka/embedding.consumer.js:41:41[90m)[39m
nest-ai-service                  |     at EmbeddingConsumer.consumeProductEvent [90m(/app/[39mdist/kafka/embedding.consumer.js:28:21[90m)[39m
nest-ai-service                  |     at [90m/app/[39mnode_modules/[4m@nestjs/microservices[24m/context/rpc-context-creator.js:44:33
nest-ai-service                  | [90m    at process.processTicksAndRejections (node:internal/process/task_queues:103:5)[39m
nest-ai-service                  |     at async [90m/app/[39mnode_modules/[4m@nestjs/microservices[24m/context/rpc-proxy.js:11:32
nest-ai-service                  |     at async [90m/app/[39mnode_modules/[4m@nestjs/microservices[24m/server/server-kafka.js:231:36
nest-ai-service                  |     at async Runner.processEachMessage [90m(/app/[39mnode_modules/[4mkafkajs[24m/src/consumer/runner.js:231:9[90m)[39m
nest-ai-service                  | [31m[Nest] 1  - [39m06/19/2026, 3:24:42 AM [31m  ERROR[39m [38;5;3m[ServerKafka] [39m[31mERROR [Runner] Error when calling eachMessage {"timestamp":"2026-06-19T03:24:42.545Z","logger":"kafkajs","topic":"product-events","partition":0,"offset":"11","error":{"status":"error","message":"Internal server error"}}[39m
nest-ai-service                  | [31m[Nest] 1  - [39m06/19/2026, 3:24:43 AM [31m  ERROR[39m [38;5;3m[EmbeddingConsumer] [39m[31mFailed processing event undefined: Cannot read properties of undefined (reading 'name')[39m
nest-ai-service                  | [32m[Nest] 1  - [39m06/19/2026, 3:24:43 AM [32m    LOG[39m [38;5;3m[EmbeddingConsumer] [39m[32mReceived kafka event topic=product-events partition=0 offset=11 id=undefined type=undefined[39m
nest-ai-service                  | [31m[Nest] 1  - [39m06/19/2026, 3:24:43 AM [31m  ERROR[39m [38;5;3m[RpcExceptionsHandler] [39mTypeError: Cannot read properties of undefined (reading 'name')
nest-ai-service                  |     at BuildTextUtil.buildProductText [90m(/app/[39mdist/utils/build-text.util.js:16:37[90m)[39m
nest-ai-service                  |     at BuildTextUtil.buildText [90m(/app/[39mdist/utils/build-text.util.js:13:21[90m)[39m
nest-ai-service                  |     at EmbeddingService.processEvent [90m(/app/[39mdist/embedding/embedding.service.js:29:54[90m)[39m
nest-ai-service                  |     at EmbeddingConsumer.handleEvent [90m(/app/[39mdist/kafka/embedding.consumer.js:41:41[90m)[39m
nest-ai-service                  |     at EmbeddingConsumer.consumeProductEvent [90m(/app/[39mdist/kafka/embedding.consumer.js:28:21[90m)[39m
nest-ai-service                  |     at [90m/app/[39mnode_modules/[4m@nestjs/microservices[24m/context/rpc-context-creator.js:44:33
nest-ai-service                  | [90m    at process.processTicksAndRejections (node:internal/process/task_queues:103:5)[39m
nest-ai-service                  |     at async [90m/app/[39mnode_modules/[4m@nestjs/microservices[24m/context/rpc-proxy.js:11:32
nest-ai-service                  |     at async [90m/app/[39mnode_modules/[4m@nestjs/microservices[24m/server/server-kafka.js:231:36
nest-ai-service                  |     at async Runner.processEachMessage [90m(/app/[39mnode_modules/[4mkafkajs[24m/src/consumer/runner.js:231:9[90m)[39m
nest-ai-service                  | [31m[Nest] 1  - [39m06/19/2026, 3:24:43 AM [31m  ERROR[39m [38;5;3m[ServerKafka] [39m[31mERROR [Runner] Error when calling eachMessage {"timestamp":"2026-06-19T03:24:43.630Z","logger":"kafkajs","topic":"product-events","partition":0,"offset":"11","error":{"status":"error","message":"Internal server error"}}[39m
nest-ai-service                  | [32m[Nest] 1  - [39m06/19/2026, 3:24:46 AM [32m    LOG[39m [38;5;3m[EmbeddingConsumer] [39m[32mReceived kafka event topic=product-events partition=0 offset=11 id=undefined type=undefined[39m
nest-ai-service                  | [31m[Nest] 1  - [39m06/19/2026, 3:24:46 AM [31m  ERROR[39m [38;5;3m[EmbeddingConsumer] [39m[31mFailed processing event undefined: Cannot read properties of undefined (reading 'name')[39m
nest-ai-service                  | [31m[Nest] 1  - [39m06/19/2026, 3:24:46 AM [31m  ERROR[39m [38;5;3m[RpcExceptionsHandler] [39mTypeError: Cannot read properties of undefined (reading 'name')
nest-ai-service                  |     at BuildTextUtil.buildProductText [90m(/app/[39mdist/utils/build-text.util.js:16:37[90m)[39m
nest-ai-service                  |     at BuildTextUtil.buildText [90m(/app/[39mdist/utils/build-text.util.js:13:21[90m)[39m
nest-ai-service                  |     at EmbeddingService.processEvent [90m(/app/[39mdist/embedding/embedding.service.js:29:54[90m)[39m
nest-ai-service                  |     at EmbeddingConsumer.handleEvent [90m(/app/[39mdist/kafka/embedding.consumer.js:41:41[90m)[39m
nest-ai-service                  |     at EmbeddingConsumer.consumeProductEvent [90m(/app/[39mdist/kafka/embedding.consumer.js:28:21[90m)[39m
nest-ai-service                  |     at [90m/app/[39mnode_modules/[4m@nestjs/microservices[24m/context/rpc-context-creator.js:44:33
nest-ai-service                  | [90m    at process.processTicksAndRejections (node:internal/process/task_queues:103:5)[39m
nest-ai-service                  |     at async [90m/app/[39mnode_modules/[4m@nestjs/microservices[24m/context/rpc-proxy.js:11:32
nest-ai-service                  |     at async [90m/app/[39mnode_modules/[4m@nestjs/microservices[24m/server/server-kafka.js:231:36
nest-ai-service                  |     at async Runner.processEachMessage [90m(/app/[39mnode_modules/[4mkafkajs[24m/src/consumer/runner.js:231:9[90m)[39m
nest-ai-service                  | [31m[Nest] 1  - [39m06/19/2026, 3:24:46 AM [31m  ERROR[39m [38;5;3m[ServerKafka] [39m[31mERROR [Runner] Error when calling eachMessage {"timestamp":"2026-06-19T03:24:46.050Z","logger":"kafkajs","topic":"product-events","partition":0,"offset":"11","error":{"status":"error","message":"Internal server error"}}[39m
nest-ai-service                  | [32m[Nest] 1  - [39m06/19/2026, 3:24:50 AM [32m    LOG[39m [38;5;3m[EmbeddingConsumer] [39m[32mReceived kafka event topic=product-events partition=0 offset=11 id=undefined type=undefined[39m
nest-ai-service                  | [31m[Nest] 1  - [39m06/19/2026, 3:24:50 AM [31m  ERROR[39m [38;5;3m[EmbeddingConsumer] [39m[31mFailed processing event undefined: Cannot read properties of undefined (reading 'name')[39m
nest-ai-service                  | [31m[Nest] 1  - [39m06/19/2026, 3:24:50 AM [31m  ERROR[39m [38;5;3m[RpcExceptionsHandler] [39mTypeError: Cannot read properties of undefined (reading 'name')
nest-ai-service                  |     at BuildTextUtil.buildProductText [90m(/app/[39mdist/utils/build-text.util.js:16:37[90m)[39m
nest-ai-service                  |     at BuildTextUtil.buildText [90m(/app/[39mdist/utils/build-text.util.js:13:21[90m)[39m
nest-ai-service                  |     at EmbeddingService.processEvent [90m(/app/[39mdist/embedding/embedding.service.js:29:54[90m)[39m
nest-ai-service                  |     at EmbeddingConsumer.handleEvent [90m(/app/[39mdist/kafka/embedding.consumer.js:41:41[90m)[39m
nest-ai-service                  |     at EmbeddingConsumer.consumeProductEvent [90m(/app/[39mdist/kafka/embedding.consumer.js:28:21[90m)[39m
nest-ai-service                  |     at [90m/app/[39mnode_modules/[4m@nestjs/microservices[24m/context/rpc-context-creator.js:44:33
nest-ai-service                  | [90m    at process.processTicksAndRejections (node:internal/process/task_queues:103:5)[39m
nest-ai-service                  |     at async [90m/app/[39mnode_modules/[4m@nestjs/microservices[24m/context/rpc-proxy.js:11:32
nest-ai-service                  |     at async [90m/app/[39mnode_modules/[4m@nestjs/microservices[24m/server/server-kafka.js:231:36
nest-ai-service                  |     at async Runner.processEachMessage [90m(/app/[39mnode_modules/[4mkafkajs[24m/src/consumer/runner.js:231:9[90m)[39m
nest-ai-service                  | [31m[Nest] 1  - [39m06/19/2026, 3:24:50 AM [31m  ERROR[39m [38;5;3m[ServerKafka] [39m[31mERROR [Runner] Error when calling eachMessage {"timestamp":"2026-06-19T03:24:50.701Z","logger":"kafkajs","topic":"product-events","partition":0,"offset":"11","error":{"status":"error","message":"Internal server error"}}[39m
nest-ai-service                  | [31m[Nest] 1  - [39m06/19/2026, 3:24:50 AM [31m  ERROR[39m [38;5;3m[ServerKafka] [39m[31mERROR [Consumer] Crash: KafkaJSNumberOfRetriesExceeded: Internal server error {"timestamp":"2026-06-19T03:24:50.719Z","logger":"kafkajs","groupId":"nest-ai-service-group-server","retryCount":5,"stack":"KafkaJSNonRetriableError\n  Caused by: undefined"}[39m
product-trace-kafka              | [2026-06-19 03:24:50,733] INFO [GroupCoordinator 1]: Preparing to rebalance group nest-ai-service-group-server in state PreparingRebalance with old generation 8 (__consumer_offsets-29) (reason: Removing member nest-ai-service-server-7ba49fd8-3bad-4f6f-bd68-b3f36a337af4 on LeaveGroup; client reason: not provided) (kafka.coordinator.group.GroupCoordinator)
product-trace-kafka              | [2026-06-19 03:24:50,735] INFO [GroupCoordinator 1]: Group nest-ai-service-group-server with generation 9 is now empty (__consumer_offsets-29) (kafka.coordinator.group.GroupCoordinator)
product-trace-kafka              | [2026-06-19 03:24:50,753] INFO [GroupCoordinator 1]: Member MemberMetadata(memberId=nest-ai-service-server-7ba49fd8-3bad-4f6f-bd68-b3f36a337af4, groupInstanceId=None, clientId=nest-ai-service-server, clientHost=/172.20.0.10, sessionTimeoutMs=30000, rebalanceTimeoutMs=60000, supportedProtocols=List(RoundRobinAssigner)) has left group nest-ai-service-group-server through explicit `LeaveGroup`; client reason: not provided (kafka.coordinator.group.GroupCoordinator)
nest-ai-service                  | [32m[Nest] 1  - [39m06/19/2026, 3:24:50 AM [32m    LOG[39m [38;5;3m[ServerKafka] [39m[32mINFO [Consumer] Stopped {"timestamp":"2026-06-19T03:24:50.760Z","logger":"kafkajs","groupId":"nest-ai-service-group-server"}[39m
nest-ai-service                  | [31m[Nest] 1  - [39m06/19/2026, 3:24:50 AM [31m  ERROR[39m [38;5;3m[ServerKafka] [39m[31mERROR [Consumer] Restarting the consumer in 8810ms {"timestamp":"2026-06-19T03:24:50.764Z","logger":"kafkajs","retryCount":5,"retryTime":8810,"groupId":"nest-ai-service-group-server"}[39m
nest-ai-service                  | [32m[Nest] 1  - [39m06/19/2026, 3:24:59 AM [32m    LOG[39m [38;5;3m[ServerKafka] [39m[32mINFO [Consumer] Starting {"timestamp":"2026-06-19T03:24:59.574Z","logger":"kafkajs","groupId":"nest-ai-service-group-server"}[39m
product-trace-kafka              | [2026-06-19 03:24:59,592] INFO [GroupCoordinator 1]: Dynamic member with unknown member id joins group nest-ai-service-group-server in Empty state. Created a new member id nest-ai-service-server-dce442c0-866e-4a39-b4bf-09da7c594426 and request the member to rejoin with this id. (kafka.coordinator.group.GroupCoordinator)
product-trace-kafka              | [2026-06-19 03:24:59,598] INFO [GroupCoordinator 1]: Preparing to rebalance group nest-ai-service-group-server in state PreparingRebalance with old generation 9 (__consumer_offsets-29) (reason: Adding new member nest-ai-service-server-dce442c0-866e-4a39-b4bf-09da7c594426 with group instance id None; client reason: not provided) (kafka.coordinator.group.GroupCoordinator)
product-trace-kafka              | [2026-06-19 03:24:59,605] INFO [GroupCoordinator 1]: Stabilized group nest-ai-service-group-server generation 10 (__consumer_offsets-29) with 1 members (kafka.coordinator.group.GroupCoordinator)
product-trace-kafka              | [2026-06-19 03:24:59,622] INFO [GroupCoordinator 1]: Assignment received from leader nest-ai-service-server-dce442c0-866e-4a39-b4bf-09da7c594426 for group nest-ai-service-group-server for generation 10. The group has 1 members, 0 of which are static. (kafka.coordinator.group.GroupCoordinator)
nest-ai-service                  | [32m[Nest] 1  - [39m06/19/2026, 3:24:59 AM [32m    LOG[39m [38;5;3m[ServerKafka] [39m[32mINFO [ConsumerGroup] Consumer has joined the group {"timestamp":"2026-06-19T03:24:59.628Z","logger":"kafkajs","groupId":"nest-ai-service-group-server","memberId":"nest-ai-service-server-dce442c0-866e-4a39-b4bf-09da7c594426","leaderId":"nest-ai-service-server-dce442c0-866e-4a39-b4bf-09da7c594426","isLeader":true,"memberAssignment":{"product-events":[0],"trace-events":[0]},"groupProtocol":"RoundRobinAssigner","duration":42}[39m
product-trace-kafka              | [2026-06-19 03:29:04,805] INFO [Controller id=1] Processing automatic preferred replica leader election (kafka.controller.KafkaController)
product-trace-kafka              | [2026-06-19 03:29:04,806] TRACE [Controller id=1] Checking need to trigger auto leader balancing (kafka.controller.KafkaController)
product-trace-kafka              | [2026-06-19 03:29:04,818] DEBUG [Controller id=1] Topics not in preferred replica for broker 1 HashMap() (kafka.controller.KafkaController)
product-trace-kafka              | [2026-06-19 03:29:04,818] TRACE [Controller id=1] Leader imbalance ratio for broker 1 is 0.0 (kafka.controller.KafkaController)
nest-ai-service                  | [32m[Nest] 1  - [39m06/19/2026, 3:29:39 AM [32m    LOG[39m [38;5;3m[EmbeddingConsumer] [39m[32mReceived kafka event topic=product-events partition=0 offset=21 id=undefined type=undefined[39m
nest-ai-service                  | [31m[Nest] 1  - [39m06/19/2026, 3:29:39 AM [31m  ERROR[39m [38;5;3m[EmbeddingConsumer] [39m[31mFailed processing event undefined: Cannot read properties of undefined (reading 'name')[39m
nest-ai-service                  | [31m[Nest] 1  - [39m06/19/2026, 3:29:39 AM [31m  ERROR[39m [38;5;3m[RpcExceptionsHandler] [39mTypeError: Cannot read properties of undefined (reading 'name')
nest-ai-service                  |     at BuildTextUtil.buildProductText [90m(/app/[39mdist/utils/build-text.util.js:16:37[90m)[39m
nest-ai-service                  |     at BuildTextUtil.buildText [90m(/app/[39mdist/utils/build-text.util.js:13:21[90m)[39m
nest-ai-service                  |     at EmbeddingService.processEvent [90m(/app/[39mdist/embedding/embedding.service.js:29:54[90m)[39m
nest-ai-service                  |     at EmbeddingConsumer.handleEvent [90m(/app/[39mdist/kafka/embedding.consumer.js:41:41[90m)[39m
nest-ai-service                  |     at EmbeddingConsumer.consumeProductEvent [90m(/app/[39mdist/kafka/embedding.consumer.js:28:21[90m)[39m
nest-ai-service                  |     at [90m/app/[39mnode_modules/[4m@nestjs/microservices[24m/context/rpc-context-creator.js:44:33
nest-ai-service                  | [90m    at process.processTicksAndRejections (node:internal/process/task_queues:103:5)[39m
nest-ai-service                  |     at async [90m/app/[39mnode_modules/[4m@nestjs/microservices[24m/context/rpc-proxy.js:11:32
nest-ai-service                  |     at async [90m/app/[39mnode_modules/[4m@nestjs/microservices[24m/server/server-kafka.js:231:36
nest-ai-service                  |     at async Runner.processEachMessage [90m(/app/[39mnode_modules/[4mkafkajs[24m/src/consumer/runner.js:231:9[90m)[39m
nest-ai-service                  | [31m[Nest] 1  - [39m06/19/2026, 3:29:39 AM [31m  ERROR[39m [38;5;3m[ServerKafka] [39m[31mERROR [Runner] Error when calling eachMessage {"timestamp":"2026-06-19T03:29:39.819Z","logger":"kafkajs","topic":"product-events","partition":0,"offset":"21","error":{"status":"error","message":"Internal server error"}}[39m
nest-ai-service                  | [32m[Nest] 1  - [39m06/19/2026, 3:29:40 AM [32m    LOG[39m [38;5;3m[EmbeddingConsumer] [39m[32mReceived kafka event topic=product-events partition=0 offset=21 id=undefined type=undefined[39m
nest-ai-service                  | [31m[Nest] 1  - [39m06/19/2026, 3:29:40 AM [31m  ERROR[39m [38;5;3m[EmbeddingConsumer] [39m[31mFailed processing event undefined: Cannot read properties of undefined (reading 'name')[39m
nest-ai-service                  | [31m[Nest] 1  - [39m06/19/2026, 3:29:40 AM [31m  ERROR[39m [38;5;3m[RpcExceptionsHandler] [39mTypeError: Cannot read properties of undefined (reading 'name')
nest-ai-service                  |     at BuildTextUtil.buildProductText [90m(/app/[39mdist/utils/build-text.util.js:16:37[90m)[39m
nest-ai-service                  |     at BuildTextUtil.buildText [90m(/app/[39mdist/utils/build-text.util.js:13:21[90m)[39m
nest-ai-service                  |     at EmbeddingService.processEvent [90m(/app/[39mdist/embedding/embedding.service.js:29:54[90m)[39m
nest-ai-service                  |     at EmbeddingConsumer.handleEvent [90m(/app/[39mdist/kafka/embedding.consumer.js:41:41[90m)[39m
nest-ai-service                  |     at EmbeddingConsumer.consumeProductEvent [90m(/app/[39mdist/kafka/embedding.consumer.js:28:21[90m)[39m
nest-ai-service                  |     at [90m/app/[39mnode_modules/[4m@nestjs/microservices[24m/context/rpc-context-creator.js:44:33
nest-ai-service                  | [90m    at process.processTicksAndRejections (node:internal/process/task_queues:103:5)[39m
nest-ai-service                  |     at async [90m/app/[39mnode_modules/[4m@nestjs/microservices[24m/context/rpc-proxy.js:11:32
nest-ai-service                  |     at async [90m/app/[39mnode_modules/[4m@nestjs/microservices[24m/server/server-kafka.js:231:36
nest-ai-service                  |     at async Runner.processEachMessage [90m(/app/[39mnode_modules/[4mkafkajs[24m/src/consumer/runner.js:231:9[90m)[39m
nest-ai-service                  | [31m[Nest] 1  - [39m06/19/2026, 3:29:40 AM [31m  ERROR[39m [38;5;3m[ServerKafka] [39m[31mERROR [Runner] Error when calling eachMessage {"timestamp":"2026-06-19T03:29:40.095Z","logger":"kafkajs","topic":"product-events","partition":0,"offset":"21","error":{"status":"error","message":"Internal server error"}}[39m
nest-ai-service                  | [32m[Nest] 1  - [39m06/19/2026, 3:29:40 AM [32m    LOG[39m [38;5;3m[EmbeddingConsumer] [39m[32mReceived kafka event topic=product-events partition=0 offset=21 id=undefined type=undefined[39m
nest-ai-service                  | [31m[Nest] 1  - [39m06/19/2026, 3:29:40 AM [31m  ERROR[39m [38;5;3m[EmbeddingConsumer] [39m[31mFailed processing event undefined: Cannot read properties of undefined (reading 'name')[39m
nest-ai-service                  | [31m[Nest] 1  - [39m06/19/2026, 3:29:40 AM [31m  ERROR[39m [38;5;3m[RpcExceptionsHandler] [39mTypeError: Cannot read properties of undefined (reading 'name')
nest-ai-service                  |     at BuildTextUtil.buildProductText [90m(/app/[39mdist/utils/build-text.util.js:16:37[90m)[39m
nest-ai-service                  |     at BuildTextUtil.buildText [90m(/app/[39mdist/utils/build-text.util.js:13:21[90m)[39m
nest-ai-service                  |     at EmbeddingService.processEvent [90m(/app/[39mdist/embedding/embedding.service.js:29:54[90m)[39m
nest-ai-service                  |     at EmbeddingConsumer.handleEvent [90m(/app/[39mdist/kafka/embedding.consumer.js:41:41[90m)[39m
nest-ai-service                  |     at EmbeddingConsumer.consumeProductEvent [90m(/app/[39mdist/kafka/embedding.consumer.js:28:21[90m)[39m
nest-ai-service                  |     at [90m/app/[39mnode_modules/[4m@nestjs/microservices[24m/context/rpc-context-creator.js:44:33
nest-ai-service                  | [90m    at process.processTicksAndRejections (node:internal/process/task_queues:103:5)[39m
nest-ai-service                  |     at async [90m/app/[39mnode_modules/[4m@nestjs/microservices[24m/context/rpc-proxy.js:11:32
nest-ai-service                  |     at async [90m/app/[39mnode_modules/[4m@nestjs/microservices[24m/server/server-kafka.js:231:36
nest-ai-service                  |     at async Runner.processEachMessage [90m(/app/[39mnode_modules/[4mkafkajs[24m/src/consumer/runner.js:231:9[90m)[39m
nest-ai-service                  | [31m[Nest] 1  - [39m06/19/2026, 3:29:40 AM [31m  ERROR[39m [38;5;3m[ServerKafka] [39m[31mERROR [Runner] Error when calling eachMessage {"timestamp":"2026-06-19T03:29:40.578Z","logger":"kafkajs","topic":"product-events","partition":0,"offset":"21","error":{"status":"error","message":"Internal server error"}}[39m
nest-ai-service                  | [32m[Nest] 1  - [39m06/19/2026, 3:29:41 AM [32m    LOG[39m [38;5;3m[EmbeddingConsumer] [39m[32mReceived kafka event topic=product-events partition=0 offset=21 id=undefined type=undefined[39m
nest-ai-service                  | [31m[Nest] 1  - [39m06/19/2026, 3:29:41 AM [31m  ERROR[39m [38;5;3m[EmbeddingConsumer] [39m[31mFailed processing event undefined: Cannot read properties of undefined (reading 'name')[39m
nest-ai-service                  | [31m[Nest] 1  - [39m06/19/2026, 3:29:41 AM [31m  ERROR[39m [38;5;3m[RpcExceptionsHandler] [39mTypeError: Cannot read properties of undefined (reading 'name')
nest-ai-service                  |     at BuildTextUtil.buildProductText [90m(/app/[39mdist/utils/build-text.util.js:16:37[90m)[39m
nest-ai-service                  |     at BuildTextUtil.buildText [90m(/app/[39mdist/utils/build-text.util.js:13:21[90m)[39m
nest-ai-service                  |     at EmbeddingService.processEvent [90m(/app/[39mdist/embedding/embedding.service.js:29:54[90m)[39m
nest-ai-service                  |     at EmbeddingConsumer.handleEvent [90m(/app/[39mdist/kafka/embedding.consumer.js:41:41[90m)[39m
nest-ai-service                  |     at EmbeddingConsumer.consumeProductEvent [90m(/app/[39mdist/kafka/embedding.consumer.js:28:21[90m)[39m
nest-ai-service                  |     at [90m/app/[39mnode_modules/[4m@nestjs/microservices[24m/context/rpc-context-creator.js:44:33
nest-ai-service                  | [90m    at process.processTicksAndRejections (node:internal/process/task_queues:103:5)[39m
nest-ai-service                  |     at async [90m/app/[39mnode_modules/[4m@nestjs/microservices[24m/context/rpc-proxy.js:11:32
nest-ai-service                  |     at async [90m/app/[39mnode_modules/[4m@nestjs/microservices[24m/server/server-kafka.js:231:36
nest-ai-service                  |     at async Runner.processEachMessage [90m(/app/[39mnode_modules/[4mkafkajs[24m/src/consumer/runner.js:231:9[90m)[39m
nest-ai-service                  | [31m[Nest] 1  - [39m06/19/2026, 3:29:41 AM [31m  ERROR[39m [38;5;3m[ServerKafka] [39m[31mERROR [Runner] Error when calling eachMessage {"timestamp":"2026-06-19T03:29:41.375Z","logger":"kafkajs","topic":"product-events","partition":0,"offset":"21","error":{"status":"error","message":"Internal server error"}}[39m
nest-ai-service                  | [32m[Nest] 1  - [39m06/19/2026, 3:29:42 AM [32m    LOG[39m [38;5;3m[EmbeddingConsumer] [39m[32mReceived kafka event topic=product-events partition=0 offset=21 id=undefined type=undefined[39m
nest-ai-service                  | [31m[Nest] 1  - [39m06/19/2026, 3:29:42 AM [31m  ERROR[39m [38;5;3m[EmbeddingConsumer] [39m[31mFailed processing event undefined: Cannot read properties of undefined (reading 'name')[39m
nest-ai-service                  | [31m[Nest] 1  - [39m06/19/2026, 3:29:42 AM [31m  ERROR[39m [38;5;3m[RpcExceptionsHandler] [39mTypeError: Cannot read properties of undefined (reading 'name')
nest-ai-service                  |     at BuildTextUtil.buildProductText [90m(/app/[39mdist/utils/build-text.util.js:16:37[90m)[39m
nest-ai-service                  |     at BuildTextUtil.buildText [90m(/app/[39mdist/utils/build-text.util.js:13:21[90m)[39m
nest-ai-service                  |     at EmbeddingService.processEvent [90m(/app/[39mdist/embedding/embedding.service.js:29:54[90m)[39m
nest-ai-service                  |     at EmbeddingConsumer.handleEvent [90m(/app/[39mdist/kafka/embedding.consumer.js:41:41[90m)[39m
nest-ai-service                  |     at EmbeddingConsumer.consumeProductEvent [90m(/app/[39mdist/kafka/embedding.consumer.js:28:21[90m)[39m
nest-ai-service                  |     at [90m/app/[39mnode_modules/[4m@nestjs/microservices[24m/context/rpc-context-creator.js:44:33
nest-ai-service                  | [90m    at process.processTicksAndRejections (node:internal/process/task_queues:103:5)[39m
nest-ai-service                  |     at async [90m/app/[39mnode_modules/[4m@nestjs/microservices[24m/context/rpc-proxy.js:11:32
nest-ai-service                  |     at async [90m/app/[39mnode_modules/[4m@nestjs/microservices[24m/server/server-kafka.js:231:36
nest-ai-service                  |     at async Runner.processEachMessage [90m(/app/[39mnode_modules/[4mkafkajs[24m/src/consumer/runner.js:231:9[90m)[39m
nest-ai-service                  | [31m[Nest] 1  - [39m06/19/2026, 3:29:42 AM [31m  ERROR[39m [38;5;3m[ServerKafka] [39m[31mERROR [Runner] Error when calling eachMessage {"timestamp":"2026-06-19T03:29:42.954Z","logger":"kafkajs","topic":"product-events","partition":0,"offset":"21","error":{"status":"error","message":"Internal server error"}}[39m
nest-ai-service                  | [32m[Nest] 1  - [39m06/19/2026, 3:29:46 AM [32m    LOG[39m [38;5;3m[EmbeddingConsumer] [39m[32mReceived kafka event topic=product-events partition=0 offset=21 id=undefined type=undefined[39m
nest-ai-service                  | [31m[Nest] 1  - [39m06/19/2026, 3:29:46 AM [31m  ERROR[39m [38;5;3m[EmbeddingConsumer] [39m[31mFailed processing event undefined: Cannot read properties of undefined (reading 'name')[39m
nest-ai-service                  | [31m[Nest] 1  - [39m06/19/2026, 3:29:46 AM [31m  ERROR[39m [38;5;3m[RpcExceptionsHandler] [39mTypeError: Cannot read properties of undefined (reading 'name')
nest-ai-service                  |     at BuildTextUtil.buildProductText [90m(/app/[39mdist/utils/build-text.util.js:16:37[90m)[39m
nest-ai-service                  |     at BuildTextUtil.buildText [90m(/app/[39mdist/utils/build-text.util.js:13:21[90m)[39m
nest-ai-service                  |     at EmbeddingService.processEvent [90m(/app/[39mdist/embedding/embedding.service.js:29:54[90m)[39m
nest-ai-service                  |     at EmbeddingConsumer.handleEvent [90m(/app/[39mdist/kafka/embedding.consumer.js:41:41[90m)[39m
nest-ai-service                  |     at EmbeddingConsumer.consumeProductEvent [90m(/app/[39mdist/kafka/embedding.consumer.js:28:21[90m)[39m
nest-ai-service                  |     at [90m/app/[39mnode_modules/[4m@nestjs/microservices[24m/context/rpc-context-creator.js:44:33
nest-ai-service                  | [90m    at process.processTicksAndRejections (node:internal/process/task_queues:103:5)[39m
nest-ai-service                  |     at async [90m/app/[39mnode_modules/[4m@nestjs/microservices[24m/context/rpc-proxy.js:11:32
nest-ai-service                  |     at async [90m/app/[39mnode_modules/[4m@nestjs/microservices[24m/server/server-kafka.js:231:36
nest-ai-service                  |     at async Runner.processEachMessage [90m(/app/[39mnode_modules/[4mkafkajs[24m/src/consumer/runner.js:231:9[90m)[39m
nest-ai-service                  | [31m[Nest] 1  - [39m06/19/2026, 3:29:46 AM [31m  ERROR[39m [38;5;3m[ServerKafka] [39m[31mERROR [Runner] Error when calling eachMessage {"timestamp":"2026-06-19T03:29:46.094Z","logger":"kafkajs","topic":"product-events","partition":0,"offset":"21","error":{"status":"error","message":"Internal server error"}}[39m
nest-ai-service                  | [31m[Nest] 1  - [39m06/19/2026, 3:29:46 AM [31m  ERROR[39m [38;5;3m[ServerKafka] [39m[31mERROR [Consumer] Crash: KafkaJSNumberOfRetriesExceeded: Internal server error {"timestamp":"2026-06-19T03:29:46.099Z","logger":"kafkajs","groupId":"nest-ai-service-group-server","retryCount":5,"stack":"KafkaJSNonRetriableError\n  Caused by: undefined"}[39m
product-trace-kafka              | [2026-06-19 03:29:46,113] INFO [GroupCoordinator 1]: Preparing to rebalance group nest-ai-service-group-server in state PreparingRebalance with old generation 10 (__consumer_offsets-29) (reason: Removing member nest-ai-service-server-dce442c0-866e-4a39-b4bf-09da7c594426 on LeaveGroup; client reason: not provided) (kafka.coordinator.group.GroupCoordinator)
product-trace-kafka              | [2026-06-19 03:29:46,118] INFO [GroupCoordinator 1]: Group nest-ai-service-group-server with generation 11 is now empty (__consumer_offsets-29) (kafka.coordinator.group.GroupCoordinator)
product-trace-kafka              | [2026-06-19 03:29:46,130] INFO [GroupCoordinator 1]: Member MemberMetadata(memberId=nest-ai-service-server-dce442c0-866e-4a39-b4bf-09da7c594426, groupInstanceId=None, clientId=nest-ai-service-server, clientHost=/172.20.0.10, sessionTimeoutMs=30000, rebalanceTimeoutMs=60000, supportedProtocols=List(RoundRobinAssigner)) has left group nest-ai-service-group-server through explicit `LeaveGroup`; client reason: not provided (kafka.coordinator.group.GroupCoordinator)
nest-ai-service                  | [32m[Nest] 1  - [39m06/19/2026, 3:29:46 AM [32m    LOG[39m [38;5;3m[ServerKafka] [39m[32mINFO [Consumer] Stopped {"timestamp":"2026-06-19T03:29:46.134Z","logger":"kafkajs","groupId":"nest-ai-service-group-server"}[39m
nest-ai-service                  | [31m[Nest] 1  - [39m06/19/2026, 3:29:46 AM [31m  ERROR[39m [38;5;3m[ServerKafka] [39m[31mERROR [Consumer] Restarting the consumer in 7078ms {"timestamp":"2026-06-19T03:29:46.138Z","logger":"kafkajs","retryCount":5,"retryTime":7078,"groupId":"nest-ai-service-group-server"}[39m
nest-ai-service                  | [32m[Nest] 1  - [39m06/19/2026, 3:29:53 AM [32m    LOG[39m [38;5;3m[ServerKafka] [39m[32mINFO [Consumer] Starting {"timestamp":"2026-06-19T03:29:53.218Z","logger":"kafkajs","groupId":"nest-ai-service-group-server"}[39m
product-trace-kafka              | [2026-06-19 03:29:53,275] INFO [GroupCoordinator 1]: Dynamic member with unknown member id joins group nest-ai-service-group-server in Empty state. Created a new member id nest-ai-service-server-b0bdb7d4-a7dd-44e4-b7e7-353e9d3bf67e and request the member to rejoin with this id. (kafka.coordinator.group.GroupCoordinator)
product-trace-kafka              | [2026-06-19 03:29:53,289] INFO [GroupCoordinator 1]: Preparing to rebalance group nest-ai-service-group-server in state PreparingRebalance with old generation 11 (__consumer_offsets-29) (reason: Adding new member nest-ai-service-server-b0bdb7d4-a7dd-44e4-b7e7-353e9d3bf67e with group instance id None; client reason: not provided) (kafka.coordinator.group.GroupCoordinator)
product-trace-kafka              | [2026-06-19 03:29:53,294] INFO [GroupCoordinator 1]: Stabilized group nest-ai-service-group-server generation 12 (__consumer_offsets-29) with 1 members (kafka.coordinator.group.GroupCoordinator)
product-trace-kafka              | [2026-06-19 03:29:53,304] INFO [GroupCoordinator 1]: Assignment received from leader nest-ai-service-server-b0bdb7d4-a7dd-44e4-b7e7-353e9d3bf67e for group nest-ai-service-group-server for generation 12. The group has 1 members, 0 of which are static. (kafka.coordinator.group.GroupCoordinator)
nest-ai-service                  | [32m[Nest] 1  - [39m06/19/2026, 3:29:53 AM [32m    LOG[39m [38;5;3m[ServerKafka] [39m[32mINFO [ConsumerGroup] Consumer has joined the group {"timestamp":"2026-06-19T03:29:53.310Z","logger":"kafkajs","groupId":"nest-ai-service-group-server","memberId":"nest-ai-service-server-b0bdb7d4-a7dd-44e4-b7e7-353e9d3bf67e","leaderId":"nest-ai-service-server-b0bdb7d4-a7dd-44e4-b7e7-353e9d3bf67e","isLeader":true,"memberAssignment":{"product-events":[0],"trace-events":[0]},"groupProtocol":"RoundRobinAssigner","duration":45}[39m
nest-ai-service                  | [32m[Nest] 1  - [39m06/19/2026, 3:30:57 AM [32m    LOG[39m [38;5;3m[EmbeddingConsumer] [39m[32mReceived kafka event topic=product-events partition=0 offset=22 id=undefined type=undefined[39m
nest-ai-service                  | [31m[Nest] 1  - [39m06/19/2026, 3:30:57 AM [31m  ERROR[39m [38;5;3m[EmbeddingConsumer] [39m[31mFailed processing event undefined: Cannot read properties of undefined (reading 'name')[39m
nest-ai-service                  | [31m[Nest] 1  - [39m06/19/2026, 3:30:57 AM [31m  ERROR[39m [38;5;3m[RpcExceptionsHandler] [39mTypeError: Cannot read properties of undefined (reading 'name')
nest-ai-service                  |     at BuildTextUtil.buildProductText [90m(/app/[39mdist/utils/build-text.util.js:16:37[90m)[39m
nest-ai-service                  |     at BuildTextUtil.buildText [90m(/app/[39mdist/utils/build-text.util.js:13:21[90m)[39m
nest-ai-service                  |     at EmbeddingService.processEvent [90m(/app/[39mdist/embedding/embedding.service.js:29:54[90m)[39m
nest-ai-service                  |     at EmbeddingConsumer.handleEvent [90m(/app/[39mdist/kafka/embedding.consumer.js:41:41[90m)[39m
nest-ai-service                  |     at EmbeddingConsumer.consumeProductEvent [90m(/app/[39mdist/kafka/embedding.consumer.js:28:21[90m)[39m
nest-ai-service                  |     at [90m/app/[39mnode_modules/[4m@nestjs/microservices[24m/context/rpc-context-creator.js:44:33
nest-ai-service                  | [90m    at process.processTicksAndRejections (node:internal/process/task_queues:103:5)[39m
nest-ai-service                  |     at async [90m/app/[39mnode_modules/[4m@nestjs/microservices[24m/context/rpc-proxy.js:11:32
nest-ai-service                  |     at async [90m/app/[39mnode_modules/[4m@nestjs/microservices[24m/server/server-kafka.js:231:36
nest-ai-service                  |     at async Runner.processEachMessage [90m(/app/[39mnode_modules/[4mkafkajs[24m/src/consumer/runner.js:231:9[90m)[39m
nest-ai-service                  | [31m[Nest] 1  - [39m06/19/2026, 3:30:57 AM [31m  ERROR[39m [38;5;3m[ServerKafka] [39m[31mERROR [Runner] Error when calling eachMessage {"timestamp":"2026-06-19T03:30:57.893Z","logger":"kafkajs","topic":"product-events","partition":0,"offset":"22","error":{"status":"error","message":"Internal server error"}}[39m
nest-ai-service                  | [32m[Nest] 1  - [39m06/19/2026, 3:30:58 AM [32m    LOG[39m [38;5;3m[EmbeddingConsumer] [39m[32mReceived kafka event topic=product-events partition=0 offset=22 id=undefined type=undefined[39m
nest-ai-service                  | [31m[Nest] 1  - [39m06/19/2026, 3:30:58 AM [31m  ERROR[39m [38;5;3m[EmbeddingConsumer] [39m[31mFailed processing event undefined: Cannot read properties of undefined (reading 'name')[39m
nest-ai-service                  | [31m[Nest] 1  - [39m06/19/2026, 3:30:58 AM [31m  ERROR[39m [38;5;3m[RpcExceptionsHandler] [39mTypeError: Cannot read properties of undefined (reading 'name')
nest-ai-service                  |     at BuildTextUtil.buildProductText [90m(/app/[39mdist/utils/build-text.util.js:16:37[90m)[39m
nest-ai-service                  |     at BuildTextUtil.buildText [90m(/app/[39mdist/utils/build-text.util.js:13:21[90m)[39m
nest-ai-service                  |     at EmbeddingService.processEvent [90m(/app/[39mdist/embedding/embedding.service.js:29:54[90m)[39m
nest-ai-service                  |     at EmbeddingConsumer.handleEvent [90m(/app/[39mdist/kafka/embedding.consumer.js:41:41[90m)[39m
nest-ai-service                  |     at EmbeddingConsumer.consumeProductEvent [90m(/app/[39mdist/kafka/embedding.consumer.js:28:21[90m)[39m
nest-ai-service                  |     at [90m/app/[39mnode_modules/[4m@nestjs/microservices[24m/context/rpc-context-creator.js:44:33
nest-ai-service                  | [90m    at process.processTicksAndRejections (node:internal/process/task_queues:103:5)[39m
nest-ai-service                  |     at async [90m/app/[39mnode_modules/[4m@nestjs/microservices[24m/context/rpc-proxy.js:11:32
nest-ai-service                  |     at async [90m/app/[39mnode_modules/[4m@nestjs/microservices[24m/server/server-kafka.js:231:36
nest-ai-service                  |     at async Runner.processEachMessage [90m(/app/[39mnode_modules/[4mkafkajs[24m/src/consumer/runner.js:231:9[90m)[39m
nest-ai-service                  | [31m[Nest] 1  - [39m06/19/2026, 3:30:58 AM [31m  ERROR[39m [38;5;3m[ServerKafka] [39m[31mERROR [Runner] Error when calling eachMessage {"timestamp":"2026-06-19T03:30:58.235Z","logger":"kafkajs","topic":"product-events","partition":0,"offset":"22","error":{"status":"error","message":"Internal server error"}}[39m
nest-ai-service                  | [32m[Nest] 1  - [39m06/19/2026, 3:30:58 AM [32m    LOG[39m [38;5;3m[EmbeddingConsumer] [39m[32mReceived kafka event topic=product-events partition=0 offset=22 id=undefined type=undefined[39m
nest-ai-service                  | [31m[Nest] 1  - [39m06/19/2026, 3:30:58 AM [31m  ERROR[39m [38;5;3m[EmbeddingConsumer] [39m[31mFailed processing event undefined: Cannot read properties of undefined (reading 'name')[39m
nest-ai-service                  | [31m[Nest] 1  - [39m06/19/2026, 3:30:58 AM [31m  ERROR[39m [38;5;3m[RpcExceptionsHandler] [39mTypeError: Cannot read properties of undefined (reading 'name')
nest-ai-service                  |     at BuildTextUtil.buildProductText [90m(/app/[39mdist/utils/build-text.util.js:16:37[90m)[39m
nest-ai-service                  |     at BuildTextUtil.buildText [90m(/app/[39mdist/utils/build-text.util.js:13:21[90m)[39m
nest-ai-service                  |     at EmbeddingService.processEvent [90m(/app/[39mdist/embedding/embedding.service.js:29:54[90m)[39m
nest-ai-service                  |     at EmbeddingConsumer.handleEvent [90m(/app/[39mdist/kafka/embedding.consumer.js:41:41[90m)[39m
nest-ai-service                  |     at EmbeddingConsumer.consumeProductEvent [90m(/app/[39mdist/kafka/embedding.consumer.js:28:21[90m)[39m
nest-ai-service                  |     at [90m/app/[39mnode_modules/[4m@nestjs/microservices[24m/context/rpc-context-creator.js:44:33
nest-ai-service                  | [90m    at process.processTicksAndRejections (node:internal/process/task_queues:103:5)[39m
nest-ai-service                  |     at async [90m/app/[39mnode_modules/[4m@nestjs/microservices[24m/context/rpc-proxy.js:11:32
nest-ai-service                  |     at async [90m/app/[39mnode_modules/[4m@nestjs/microservices[24m/server/server-kafka.js:231:36
nest-ai-service                  |     at async Runner.processEachMessage [90m(/app/[39mnode_modules/[4mkafkajs[24m/src/consumer/runner.js:231:9[90m)[39m
nest-ai-service                  | [31m[Nest] 1  - [39m06/19/2026, 3:30:58 AM [31m  ERROR[39m [38;5;3m[ServerKafka] [39m[31mERROR [Runner] Error when calling eachMessage {"timestamp":"2026-06-19T03:30:58.826Z","logger":"kafkajs","topic":"product-events","partition":0,"offset":"22","error":{"status":"error","message":"Internal server error"}}[39m
nest-ai-service                  | [32m[Nest] 1  - [39m06/19/2026, 3:30:59 AM [32m    LOG[39m [38;5;3m[EmbeddingConsumer] [39m[32mReceived kafka event topic=product-events partition=0 offset=22 id=undefined type=undefined[39m
nest-ai-service                  | [31m[Nest] 1  - [39m06/19/2026, 3:30:59 AM [31m  ERROR[39m [38;5;3m[EmbeddingConsumer] [39m[31mFailed processing event undefined: Cannot read properties of undefined (reading 'name')[39m
nest-ai-service                  | [31m[Nest] 1  - [39m06/19/2026, 3:30:59 AM [31m  ERROR[39m [38;5;3m[RpcExceptionsHandler] [39mTypeError: Cannot read properties of undefined (reading 'name')
nest-ai-service                  |     at BuildTextUtil.buildProductText [90m(/app/[39mdist/utils/build-text.util.js:16:37[90m)[39m
nest-ai-service                  |     at BuildTextUtil.buildText [90m(/app/[39mdist/utils/build-text.util.js:13:21[90m)[39m
nest-ai-service                  |     at EmbeddingService.processEvent [90m(/app/[39mdist/embedding/embedding.service.js:29:54[90m)[39m
nest-ai-service                  |     at EmbeddingConsumer.handleEvent [90m(/app/[39mdist/kafka/embedding.consumer.js:41:41[90m)[39m
nest-ai-service                  |     at EmbeddingConsumer.consumeProductEvent [90m(/app/[39mdist/kafka/embedding.consumer.js:28:21[90m)[39m
nest-ai-service                  |     at [90m/app/[39mnode_modules/[4m@nestjs/microservices[24m/context/rpc-context-creator.js:44:33
nest-ai-service                  | [90m    at process.processTicksAndRejections (node:internal/process/task_queues:103:5)[39m
nest-ai-service                  |     at async [90m/app/[39mnode_modules/[4m@nestjs/microservices[24m/context/rpc-proxy.js:11:32
nest-ai-service                  |     at async [90m/app/[39mnode_modules/[4m@nestjs/microservices[24m/server/server-kafka.js:231:36
nest-ai-service                  |     at async Runner.processEachMessage [90m(/app/[39mnode_modules/[4mkafkajs[24m/src/consumer/runner.js:231:9[90m)[39m
nest-ai-service                  | [31m[Nest] 1  - [39m06/19/2026, 3:30:59 AM [31m  ERROR[39m [38;5;3m[ServerKafka] [39m[31mERROR [Runner] Error when calling eachMessage {"timestamp":"2026-06-19T03:30:59.925Z","logger":"kafkajs","topic":"product-events","partition":0,"offset":"22","error":{"status":"error","message":"Internal server error"}}[39m
nest-ai-service                  | [32m[Nest] 1  - [39m06/19/2026, 3:31:01 AM [32m    LOG[39m [38;5;3m[EmbeddingConsumer] [39m[32mReceived kafka event topic=product-events partition=0 offset=22 id=undefined type=undefined[39m
nest-ai-service                  | [31m[Nest] 1  - [39m06/19/2026, 3:31:01 AM [31m  ERROR[39m [38;5;3m[EmbeddingConsumer] [39m[31mFailed processing event undefined: Cannot read properties of undefined (reading 'name')[39m
nest-ai-service                  | [31m[Nest] 1  - [39m06/19/2026, 3:31:01 AM [31m  ERROR[39m [38;5;3m[RpcExceptionsHandler] [39mTypeError: Cannot read properties of undefined (reading 'name')
nest-ai-service                  |     at BuildTextUtil.buildProductText [90m(/app/[39mdist/utils/build-text.util.js:16:37[90m)[39m
nest-ai-service                  |     at BuildTextUtil.buildText [90m(/app/[39mdist/utils/build-text.util.js:13:21[90m)[39m
nest-ai-service                  |     at EmbeddingService.processEvent [90m(/app/[39mdist/embedding/embedding.service.js:29:54[90m)[39m
nest-ai-service                  |     at EmbeddingConsumer.handleEvent [90m(/app/[39mdist/kafka/embedding.consumer.js:41:41[90m)[39m
nest-ai-service                  |     at EmbeddingConsumer.consumeProductEvent [90m(/app/[39mdist/kafka/embedding.consumer.js:28:21[90m)[39m
nest-ai-service                  |     at [90m/app/[39mnode_modules/[4m@nestjs/microservices[24m/context/rpc-context-creator.js:44:33
nest-ai-service                  | [90m    at process.processTicksAndRejections (node:internal/process/task_queues:103:5)[39m
nest-ai-service                  |     at async [90m/app/[39mnode_modules/[4m@nestjs/microservices[24m/context/rpc-proxy.js:11:32
nest-ai-service                  |     at async [90m/app/[39mnode_modules/[4m@nestjs/microservices[24m/server/server-kafka.js:231:36
nest-ai-service                  |     at async Runner.processEachMessage [90m(/app/[39mnode_modules/[4mkafkajs[24m/src/consumer/runner.js:231:9[90m)[39m
nest-ai-service                  | [31m[Nest] 1  - [39m06/19/2026, 3:31:01 AM [31m  ERROR[39m [38;5;3m[ServerKafka] [39m[31mERROR [Runner] Error when calling eachMessage {"timestamp":"2026-06-19T03:31:01.684Z","logger":"kafkajs","topic":"product-events","partition":0,"offset":"22","error":{"status":"error","message":"Internal server error"}}[39m
nest-ai-service                  | [32m[Nest] 1  - [39m06/19/2026, 3:31:05 AM [32m    LOG[39m [38;5;3m[EmbeddingConsumer] [39m[32mReceived kafka event topic=product-events partition=0 offset=22 id=undefined type=undefined[39m
nest-ai-service                  | [31m[Nest] 1  - [39m06/19/2026, 3:31:05 AM [31m  ERROR[39m [38;5;3m[EmbeddingConsumer] [39m[31mFailed processing event undefined: Cannot read properties of undefined (reading 'name')[39m
nest-ai-service                  | [31m[Nest] 1  - [39m06/19/2026, 3:31:05 AM [31m  ERROR[39m [38;5;3m[RpcExceptionsHandler] [39mTypeError: Cannot read properties of undefined (reading 'name')
nest-ai-service                  |     at BuildTextUtil.buildProductText [90m(/app/[39mdist/utils/build-text.util.js:16:37[90m)[39m
nest-ai-service                  |     at BuildTextUtil.buildText [90m(/app/[39mdist/utils/build-text.util.js:13:21[90m)[39m
nest-ai-service                  |     at EmbeddingService.processEvent [90m(/app/[39mdist/embedding/embedding.service.js:29:54[90m)[39m
nest-ai-service                  |     at EmbeddingConsumer.handleEvent [90m(/app/[39mdist/kafka/embedding.consumer.js:41:41[90m)[39m
nest-ai-service                  |     at EmbeddingConsumer.consumeProductEvent [90m(/app/[39mdist/kafka/embedding.consumer.js:28:21[90m)[39m
nest-ai-service                  |     at [90m/app/[39mnode_modules/[4m@nestjs/microservices[24m/context/rpc-context-creator.js:44:33
nest-ai-service                  | [90m    at process.processTicksAndRejections (node:internal/process/task_queues:103:5)[39m
nest-ai-service                  |     at async [90m/app/[39mnode_modules/[4m@nestjs/microservices[24m/context/rpc-proxy.js:11:32
nest-ai-service                  |     at async [90m/app/[39mnode_modules/[4m@nestjs/microservices[24m/server/server-kafka.js:231:36
nest-ai-service                  |     at async Runner.processEachMessage [90m(/app/[39mnode_modules/[4mkafkajs[24m/src/consumer/runner.js:231:9[90m)[39m
nest-ai-service                  | [31m[Nest] 1  - [39m06/19/2026, 3:31:05 AM [31m  ERROR[39m [38;5;3m[ServerKafka] [39m[31mERROR [Runner] Error when calling eachMessage {"timestamp":"2026-06-19T03:31:05.331Z","logger":"kafkajs","topic":"product-events","partition":0,"offset":"22","error":{"status":"error","message":"Internal server error"}}[39m
nest-ai-service                  | [31m[Nest] 1  - [39m06/19/2026, 3:31:05 AM [31m  ERROR[39m [38;5;3m[ServerKafka] [39m[31mERROR [Consumer] Crash: KafkaJSNumberOfRetriesExceeded: Internal server error {"timestamp":"2026-06-19T03:31:05.341Z","logger":"kafkajs","groupId":"nest-ai-service-group-server","retryCount":5,"stack":"KafkaJSNonRetriableError\n  Caused by: undefined"}[39m
product-trace-kafka              | [2026-06-19 03:31:05,345] INFO [GroupCoordinator 1]: Preparing to rebalance group nest-ai-service-group-server in state PreparingRebalance with old generation 12 (__consumer_offsets-29) (reason: Removing member nest-ai-service-server-b0bdb7d4-a7dd-44e4-b7e7-353e9d3bf67e on LeaveGroup; client reason: not provided) (kafka.coordinator.group.GroupCoordinator)
product-trace-kafka              | [2026-06-19 03:31:05,346] INFO [GroupCoordinator 1]: Group nest-ai-service-group-server with generation 13 is now empty (__consumer_offsets-29) (kafka.coordinator.group.GroupCoordinator)
product-trace-kafka              | [2026-06-19 03:31:05,368] INFO [GroupCoordinator 1]: Member MemberMetadata(memberId=nest-ai-service-server-b0bdb7d4-a7dd-44e4-b7e7-353e9d3bf67e, groupInstanceId=None, clientId=nest-ai-service-server, clientHost=/172.20.0.10, sessionTimeoutMs=30000, rebalanceTimeoutMs=60000, supportedProtocols=List(RoundRobinAssigner)) has left group nest-ai-service-group-server through explicit `LeaveGroup`; client reason: not provided (kafka.coordinator.group.GroupCoordinator)
nest-ai-service                  | [32m[Nest] 1  - [39m06/19/2026, 3:31:05 AM [32m    LOG[39m [38;5;3m[ServerKafka] [39m[32mINFO [Consumer] Stopped {"timestamp":"2026-06-19T03:31:05.372Z","logger":"kafkajs","groupId":"nest-ai-service-group-server"}[39m
nest-ai-service                  | [31m[Nest] 1  - [39m06/19/2026, 3:31:05 AM [31m  ERROR[39m [38;5;3m[ServerKafka] [39m[31mERROR [Consumer] Restarting the consumer in 6050ms {"timestamp":"2026-06-19T03:31:05.376Z","logger":"kafkajs","retryCount":5,"retryTime":6050,"groupId":"nest-ai-service-group-server"}[39m
nest-ai-service                  | [32m[Nest] 1  - [39m06/19/2026, 3:31:11 AM [32m    LOG[39m [38;5;3m[ServerKafka] [39m[32mINFO [Consumer] Starting {"timestamp":"2026-06-19T03:31:11.434Z","logger":"kafkajs","groupId":"nest-ai-service-group-server"}[39m
product-trace-kafka              | [2026-06-19 03:31:11,451] INFO [GroupCoordinator 1]: Dynamic member with unknown member id joins group nest-ai-service-group-server in Empty state. Created a new member id nest-ai-service-server-aa8accfe-c46b-4b39-945d-d810f810a53d and request the member to rejoin with this id. (kafka.coordinator.group.GroupCoordinator)
product-trace-kafka              | [2026-06-19 03:31:11,456] INFO [GroupCoordinator 1]: Preparing to rebalance group nest-ai-service-group-server in state PreparingRebalance with old generation 13 (__consumer_offsets-29) (reason: Adding new member nest-ai-service-server-aa8accfe-c46b-4b39-945d-d810f810a53d with group instance id None; client reason: not provided) (kafka.coordinator.group.GroupCoordinator)
product-trace-kafka              | [2026-06-19 03:31:11,459] INFO [GroupCoordinator 1]: Stabilized group nest-ai-service-group-server generation 14 (__consumer_offsets-29) with 1 members (kafka.coordinator.group.GroupCoordinator)
product-trace-kafka              | [2026-06-19 03:31:11,467] INFO [GroupCoordinator 1]: Assignment received from leader nest-ai-service-server-aa8accfe-c46b-4b39-945d-d810f810a53d for group nest-ai-service-group-server for generation 14. The group has 1 members, 0 of which are static. (kafka.coordinator.group.GroupCoordinator)
nest-ai-service                  | [32m[Nest] 1  - [39m06/19/2026, 3:31:11 AM [32m    LOG[39m [38;5;3m[ServerKafka] [39m[32mINFO [ConsumerGroup] Consumer has joined the group {"timestamp":"2026-06-19T03:31:11.472Z","logger":"kafkajs","groupId":"nest-ai-service-group-server","memberId":"nest-ai-service-server-aa8accfe-c46b-4b39-945d-d810f810a53d","leaderId":"nest-ai-service-server-aa8accfe-c46b-4b39-945d-d810f810a53d","isLeader":true,"memberAssignment":{"product-events":[0],"trace-events":[0]},"groupProtocol":"RoundRobinAssigner","duration":29}[39m
product-trace-kafka              | [2026-06-19 03:34:04,770] INFO [Controller id=1] Processing automatic preferred replica leader election (kafka.controller.KafkaController)
product-trace-kafka              | [2026-06-19 03:34:04,771] TRACE [Controller id=1] Checking need to trigger auto leader balancing (kafka.controller.KafkaController)
product-trace-kafka              | [2026-06-19 03:34:04,781] DEBUG [Controller id=1] Topics not in preferred replica for broker 1 HashMap() (kafka.controller.KafkaController)
product-trace-kafka              | [2026-06-19 03:34:04,782] TRACE [Controller id=1] Leader imbalance ratio for broker 1 is 0.0 (kafka.controller.KafkaController)
product-trace-kafka              | [2026-06-19 03:39:04,722] INFO [Controller id=1] Processing automatic preferred replica leader election (kafka.controller.KafkaController)
product-trace-kafka              | [2026-06-19 03:39:04,723] TRACE [Controller id=1] Checking need to trigger auto leader balancing (kafka.controller.KafkaController)
product-trace-kafka              | [2026-06-19 03:39:04,728] DEBUG [Controller id=1] Topics not in preferred replica for broker 1 HashMap() (kafka.controller.KafkaController)
product-trace-kafka              | [2026-06-19 03:39:04,728] TRACE [Controller id=1] Leader imbalance ratio for broker 1 is 0.0 (kafka.controller.KafkaController)

[Kproduct-trace-migrate exited with code 0
nest-ai-service                  | [32m[Nest] 1  - [39m06/19/2026, 3:41:28 AM [32m    LOG[39m [38;5;3m[EmbeddingConsumer] [39m[32mReceived kafka event topic=product-events partition=0 offset=23 id=undefined type=undefined[39m
nest-ai-service                  | [31m[Nest] 1  - [39m06/19/2026, 3:41:28 AM [31m  ERROR[39m [38;5;3m[EmbeddingConsumer] [39m[31mFailed processing event undefined: Cannot read properties of undefined (reading 'name')[39m
nest-ai-service                  | [31m[Nest] 1  - [39m06/19/2026, 3:41:28 AM [31m  ERROR[39m [38;5;3m[RpcExceptionsHandler] [39mTypeError: Cannot read properties of undefined (reading 'name')
nest-ai-service                  |     at BuildTextUtil.buildProductText [90m(/app/[39mdist/utils/build-text.util.js:16:37[90m)[39m
nest-ai-service                  |     at BuildTextUtil.buildText [90m(/app/[39mdist/utils/build-text.util.js:13:21[90m)[39m
nest-ai-service                  |     at EmbeddingService.processEvent [90m(/app/[39mdist/embedding/embedding.service.js:29:54[90m)[39m
nest-ai-service                  |     at EmbeddingConsumer.handleEvent [90m(/app/[39mdist/kafka/embedding.consumer.js:41:41[90m)[39m
nest-ai-service                  |     at EmbeddingConsumer.consumeProductEvent [90m(/app/[39mdist/kafka/embedding.consumer.js:28:21[90m)[39m
nest-ai-service                  |     at [90m/app/[39mnode_modules/[4m@nestjs/microservices[24m/context/rpc-context-creator.js:44:33
nest-ai-service                  | [90m    at process.processTicksAndRejections (node:internal/process/task_queues:103:5)[39m
nest-ai-service                  |     at async [90m/app/[39mnode_modules/[4m@nestjs/microservices[24m/context/rpc-proxy.js:11:32
nest-ai-service                  |     at async [90m/app/[39mnode_modules/[4m@nestjs/microservices[24m/server/server-kafka.js:231:36
nest-ai-service                  |     at async Runner.processEachMessage [90m(/app/[39mnode_modules/[4mkafkajs[24m/src/consumer/runner.js:231:9[90m)[39m
nest-ai-service                  | [31m[Nest] 1  - [39m06/19/2026, 3:41:28 AM [31m  ERROR[39m [38;5;3m[ServerKafka] [39m[31mERROR [Runner] Error when calling eachMessage {"timestamp":"2026-06-19T03:41:28.882Z","logger":"kafkajs","topic":"product-events","partition":0,"offset":"23","error":{"status":"error","message":"Internal server error"}}[39m
nest-ai-service                  | [32m[Nest] 1  - [39m06/19/2026, 3:41:29 AM [32m    LOG[39m [38;5;3m[EmbeddingConsumer] [39m[32mReceived kafka event topic=product-events partition=0 offset=23 id=undefined type=undefined[39m
nest-ai-service                  | [31m[Nest] 1  - [39m06/19/2026, 3:41:29 AM [31m  ERROR[39m [38;5;3m[EmbeddingConsumer] [39m[31mFailed processing event undefined: Cannot read properties of undefined (reading 'name')[39m
nest-ai-service                  | [31m[Nest] 1  - [39m06/19/2026, 3:41:29 AM [31m  ERROR[39m [38;5;3m[RpcExceptionsHandler] [39mTypeError: Cannot read properties of undefined (reading 'name')
nest-ai-service                  |     at BuildTextUtil.buildProductText [90m(/app/[39mdist/utils/build-text.util.js:16:37[90m)[39m
nest-ai-service                  |     at BuildTextUtil.buildText [90m(/app/[39mdist/utils/build-text.util.js:13:21[90m)[39m
nest-ai-service                  |     at EmbeddingService.processEvent [90m(/app/[39mdist/embedding/embedding.service.js:29:54[90m)[39m
nest-ai-service                  |     at EmbeddingConsumer.handleEvent [90m(/app/[39mdist/kafka/embedding.consumer.js:41:41[90m)[39m
nest-ai-service                  |     at EmbeddingConsumer.consumeProductEvent [90m(/app/[39mdist/kafka/embedding.consumer.js:28:21[90m)[39m
nest-ai-service                  |     at [90m/app/[39mnode_modules/[4m@nestjs/microservices[24m/context/rpc-context-creator.js:44:33
nest-ai-service                  | [90m    at process.processTicksAndRejections (node:internal/process/task_queues:103:5)[39m
nest-ai-service                  |     at async [90m/app/[39mnode_modules/[4m@nestjs/microservices[24m/context/rpc-proxy.js:11:32
nest-ai-service                  |     at async [90m/app/[39mnode_modules/[4m@nestjs/microservices[24m/server/server-kafka.js:231:36
nest-ai-service                  |     at async Runner.processEachMessage [90m(/app/[39mnode_modules/[4mkafkajs[24m/src/consumer/runner.js:231:9[90m)[39m
nest-ai-service                  | [31m[Nest] 1  - [39m06/19/2026, 3:41:29 AM [31m  ERROR[39m [38;5;3m[ServerKafka] [39m[31mERROR [Runner] Error when calling eachMessage {"timestamp":"2026-06-19T03:41:29.150Z","logger":"kafkajs","topic":"product-events","partition":0,"offset":"23","error":{"status":"error","message":"Internal server error"}}[39m
nest-ai-service                  | [32m[Nest] 1  - [39m06/19/2026, 3:41:29 AM [32m    LOG[39m [38;5;3m[EmbeddingConsumer] [39m[32mReceived kafka event topic=product-events partition=0 offset=23 id=undefined type=undefined[39m
nest-ai-service                  | [31m[Nest] 1  - [39m06/19/2026, 3:41:29 AM [31m  ERROR[39m [38;5;3m[EmbeddingConsumer] [39m[31mFailed processing event undefined: Cannot read properties of undefined (reading 'name')[39m
nest-ai-service                  | [31m[Nest] 1  - [39m06/19/2026, 3:41:29 AM [31m  ERROR[39m [38;5;3m[RpcExceptionsHandler] [39mTypeError: Cannot read properties of undefined (reading 'name')
nest-ai-service                  |     at BuildTextUtil.buildProductText [90m(/app/[39mdist/utils/build-text.util.js:16:37[90m)[39m
nest-ai-service                  |     at BuildTextUtil.buildText [90m(/app/[39mdist/utils/build-text.util.js:13:21[90m)[39m
nest-ai-service                  |     at EmbeddingService.processEvent [90m(/app/[39mdist/embedding/embedding.service.js:29:54[90m)[39m
nest-ai-service                  |     at EmbeddingConsumer.handleEvent [90m(/app/[39mdist/kafka/embedding.consumer.js:41:41[90m)[39m
nest-ai-service                  |     at EmbeddingConsumer.consumeProductEvent [90m(/app/[39mdist/kafka/embedding.consumer.js:28:21[90m)[39m
nest-ai-service                  |     at [90m/app/[39mnode_modules/[4m@nestjs/microservices[24m/context/rpc-context-creator.js:44:33
nest-ai-service                  | [90m    at process.processTicksAndRejections (node:internal/process/task_queues:103:5)[39m
nest-ai-service                  |     at async [90m/app/[39mnode_modules/[4m@nestjs/microservices[24m/context/rpc-proxy.js:11:32
nest-ai-service                  |     at async [90m/app/[39mnode_modules/[4m@nestjs/microservices[24m/server/server-kafka.js:231:36
nest-ai-service                  |     at async Runner.processEachMessage [90m(/app/[39mnode_modules/[4mkafkajs[24m/src/consumer/runner.js:231:9[90m)[39m
nest-ai-service                  | [31m[Nest] 1  - [39m06/19/2026, 3:41:29 AM [31m  ERROR[39m [38;5;3m[ServerKafka] [39m[31mERROR [Runner] Error when calling eachMessage {"timestamp":"2026-06-19T03:41:29.719Z","logger":"kafkajs","topic":"product-events","partition":0,"offset":"23","error":{"status":"error","message":"Internal server error"}}[39m
nest-ai-service                  | [32m[Nest] 1  - [39m06/19/2026, 3:41:30 AM [32m    LOG[39m [38;5;3m[EmbeddingConsumer] [39m[32mReceived kafka event topic=product-events partition=0 offset=23 id=undefined type=undefined[39m
nest-ai-service                  | [31m[Nest] 1  - [39m06/19/2026, 3:41:30 AM [31m  ERROR[39m [38;5;3m[EmbeddingConsumer] [39m[31mFailed processing event undefined: Cannot read properties of undefined (reading 'name')[39m
nest-ai-service                  | [31m[Nest] 1  - [39m06/19/2026, 3:41:30 AM [31m  ERROR[39m [38;5;3m[RpcExceptionsHandler] [39mTypeError: Cannot read properties of undefined (reading 'name')
nest-ai-service                  |     at BuildTextUtil.buildProductText [90m(/app/[39mdist/utils/build-text.util.js:16:37[90m)[39m
nest-ai-service                  |     at BuildTextUtil.buildText [90m(/app/[39mdist/utils/build-text.util.js:13:21[90m)[39m
nest-ai-service                  |     at EmbeddingService.processEvent [90m(/app/[39mdist/embedding/embedding.service.js:29:54[90m)[39m
nest-ai-service                  |     at EmbeddingConsumer.handleEvent [90m(/app/[39mdist/kafka/embedding.consumer.js:41:41[90m)[39m
nest-ai-service                  |     at EmbeddingConsumer.consumeProductEvent [90m(/app/[39mdist/kafka/embedding.consumer.js:28:21[90m)[39m
nest-ai-service                  |     at [90m/app/[39mnode_modules/[4m@nestjs/microservices[24m/context/rpc-context-creator.js:44:33
nest-ai-service                  | [90m    at process.processTicksAndRejections (node:internal/process/task_queues:103:5)[39m
nest-ai-service                  |     at async [90m/app/[39mnode_modules/[4m@nestjs/microservices[24m/context/rpc-proxy.js:11:32
nest-ai-service                  |     at async [90m/app/[39mnode_modules/[4m@nestjs/microservices[24m/server/server-kafka.js:231:36
nest-ai-service                  |     at async Runner.processEachMessage [90m(/app/[39mnode_modules/[4mkafkajs[24m/src/consumer/runner.js:231:9[90m)[39m
nest-ai-service                  | [31m[Nest] 1  - [39m06/19/2026, 3:41:30 AM [31m  ERROR[39m [38;5;3m[ServerKafka] [39m[31mERROR [Runner] Error when calling eachMessage {"timestamp":"2026-06-19T03:41:30.842Z","logger":"kafkajs","topic":"product-events","partition":0,"offset":"23","error":{"status":"error","message":"Internal server error"}}[39m
nest-ai-service                  | [32m[Nest] 1  - [39m06/19/2026, 3:41:33 AM [32m    LOG[39m [38;5;3m[EmbeddingConsumer] [39m[32mReceived kafka event topic=product-events partition=0 offset=23 id=undefined type=undefined[39m
nest-ai-service                  | [31m[Nest] 1  - [39m06/19/2026, 3:41:33 AM [31m  ERROR[39m [38;5;3m[EmbeddingConsumer] [39m[31mFailed processing event undefined: Cannot read properties of undefined (reading 'name')[39m
nest-ai-service                  | [31m[Nest] 1  - [39m06/19/2026, 3:41:33 AM [31m  ERROR[39m [38;5;3m[RpcExceptionsHandler] [39mTypeError: Cannot read properties of undefined (reading 'name')
nest-ai-service                  |     at BuildTextUtil.buildProductText [90m(/app/[39mdist/utils/build-text.util.js:16:37[90m)[39m
nest-ai-service                  |     at BuildTextUtil.buildText [90m(/app/[39mdist/utils/build-text.util.js:13:21[90m)[39m
nest-ai-service                  |     at EmbeddingService.processEvent [90m(/app/[39mdist/embedding/embedding.service.js:29:54[90m)[39m
nest-ai-service                  |     at EmbeddingConsumer.handleEvent [90m(/app/[39mdist/kafka/embedding.consumer.js:41:41[90m)[39m
nest-ai-service                  |     at EmbeddingConsumer.consumeProductEvent [90m(/app/[39mdist/kafka/embedding.consumer.js:28:21[90m)[39m
nest-ai-service                  |     at [90m/app/[39mnode_modules/[4m@nestjs/microservices[24m/context/rpc-context-creator.js:44:33
nest-ai-service                  | [90m    at process.processTicksAndRejections (node:internal/process/task_queues:103:5)[39m
nest-ai-service                  |     at async [90m/app/[39mnode_modules/[4m@nestjs/microservices[24m/context/rpc-proxy.js:11:32
nest-ai-service                  |     at async [90m/app/[39mnode_modules/[4m@nestjs/microservices[24m/server/server-kafka.js:231:36
nest-ai-service                  |     at async Runner.processEachMessage [90m(/app/[39mnode_modules/[4mkafkajs[24m/src/consumer/runner.js:231:9[90m)[39m
nest-ai-service                  | [31m[Nest] 1  - [39m06/19/2026, 3:41:33 AM [31m  ERROR[39m [38;5;3m[ServerKafka] [39m[31mERROR [Runner] Error when calling eachMessage {"timestamp":"2026-06-19T03:41:33.102Z","logger":"kafkajs","topic":"product-events","partition":0,"offset":"23","error":{"status":"error","message":"Internal server error"}}[39m
nest-ai-service                  | [32m[Nest] 1  - [39m06/19/2026, 3:41:37 AM [32m    LOG[39m [38;5;3m[EmbeddingConsumer] [39m[32mReceived kafka event topic=product-events partition=0 offset=23 id=undefined type=undefined[39m
nest-ai-service                  | [31m[Nest] 1  - [39m06/19/2026, 3:41:37 AM [31m  ERROR[39m [38;5;3m[EmbeddingConsumer] [39m[31mFailed processing event undefined: Cannot read properties of undefined (reading 'name')[39m
nest-ai-service                  | [31m[Nest] 1  - [39m06/19/2026, 3:41:37 AM [31m  ERROR[39m [38;5;3m[RpcExceptionsHandler] [39mTypeError: Cannot read properties of undefined (reading 'name')
nest-ai-service                  |     at BuildTextUtil.buildProductText [90m(/app/[39mdist/utils/build-text.util.js:16:37[90m)[39m
nest-ai-service                  |     at BuildTextUtil.buildText [90m(/app/[39mdist/utils/build-text.util.js:13:21[90m)[39m
nest-ai-service                  |     at EmbeddingService.processEvent [90m(/app/[39mdist/embedding/embedding.service.js:29:54[90m)[39m
nest-ai-service                  |     at EmbeddingConsumer.handleEvent [90m(/app/[39mdist/kafka/embedding.consumer.js:41:41[90m)[39m
nest-ai-service                  |     at EmbeddingConsumer.consumeProductEvent [90m(/app/[39mdist/kafka/embedding.consumer.js:28:21[90m)[39m
nest-ai-service                  |     at [90m/app/[39mnode_modules/[4m@nestjs/microservices[24m/context/rpc-context-creator.js:44:33
nest-ai-service                  | [90m    at process.processTicksAndRejections (node:internal/process/task_queues:103:5)[39m
nest-ai-service                  |     at async [90m/app/[39mnode_modules/[4m@nestjs/microservices[24m/context/rpc-proxy.js:11:32
nest-ai-service                  |     at async [90m/app/[39mnode_modules/[4m@nestjs/microservices[24m/server/server-kafka.js:231:36
nest-ai-service                  |     at async Runner.processEachMessage [90m(/app/[39mnode_modules/[4mkafkajs[24m/src/consumer/runner.js:231:9[90m)[39m
nest-ai-service                  | [31m[Nest] 1  - [39m06/19/2026, 3:41:37 AM [31m  ERROR[39m [38;5;3m[ServerKafka] [39m[31mERROR [Runner] Error when calling eachMessage {"timestamp":"2026-06-19T03:41:37.280Z","logger":"kafkajs","topic":"product-events","partition":0,"offset":"23","error":{"status":"error","message":"Internal server error"}}[39m
product-trace-kafka              | [2026-06-19 03:41:37,283] INFO [GroupCoordinator 1]: Preparing to rebalance group nest-ai-service-group-server in state PreparingRebalance with old generation 14 (__consumer_offsets-29) (reason: Removing member nest-ai-service-server-aa8accfe-c46b-4b39-945d-d810f810a53d on LeaveGroup; client reason: not provided) (kafka.coordinator.group.GroupCoordinator)
product-trace-kafka              | [2026-06-19 03:41:37,283] INFO [GroupCoordinator 1]: Group nest-ai-service-group-server with generation 15 is now empty (__consumer_offsets-29) (kafka.coordinator.group.GroupCoordinator)
nest-ai-service                  | [31m[Nest] 1  - [39m06/19/2026, 3:41:37 AM [31m  ERROR[39m [38;5;3m[ServerKafka] [39m[31mERROR [Consumer] Crash: KafkaJSNumberOfRetriesExceeded: Internal server error {"timestamp":"2026-06-19T03:41:37.281Z","logger":"kafkajs","groupId":"nest-ai-service-group-server","retryCount":5,"stack":"KafkaJSNonRetriableError\n  Caused by: undefined"}[39m
product-trace-kafka              | [2026-06-19 03:41:37,288] INFO [GroupCoordinator 1]: Member MemberMetadata(memberId=nest-ai-service-server-aa8accfe-c46b-4b39-945d-d810f810a53d, groupInstanceId=None, clientId=nest-ai-service-server, clientHost=/172.20.0.10, sessionTimeoutMs=30000, rebalanceTimeoutMs=60000, supportedProtocols=List(RoundRobinAssigner)) has left group nest-ai-service-group-server through explicit `LeaveGroup`; client reason: not provided (kafka.coordinator.group.GroupCoordinator)
nest-ai-service                  | [32m[Nest] 1  - [39m06/19/2026, 3:41:37 AM [32m    LOG[39m [38;5;3m[ServerKafka] [39m[32mINFO [Consumer] Stopped {"timestamp":"2026-06-19T03:41:37.289Z","logger":"kafkajs","groupId":"nest-ai-service-group-server"}[39m
nest-ai-service                  | [31m[Nest] 1  - [39m06/19/2026, 3:41:37 AM [31m  ERROR[39m [38;5;3m[ServerKafka] [39m[31mERROR [Consumer] Restarting the consumer in 7546ms {"timestamp":"2026-06-19T03:41:37.290Z","logger":"kafkajs","retryCount":5,"retryTime":7546,"groupId":"nest-ai-service-group-server"}[39m
nest-ai-service                  | [32m[Nest] 1  - [39m06/19/2026, 3:41:44 AM [32m    LOG[39m [38;5;3m[ServerKafka] [39m[32mINFO [Consumer] Starting {"timestamp":"2026-06-19T03:41:44.841Z","logger":"kafkajs","groupId":"nest-ai-service-group-server"}[39m
product-trace-kafka              | [2026-06-19 03:41:44,852] INFO [GroupCoordinator 1]: Dynamic member with unknown member id joins group nest-ai-service-group-server in Empty state. Created a new member id nest-ai-service-server-720e798a-9426-4a0e-b8f4-a77fb272f65d and request the member to rejoin with this id. (kafka.coordinator.group.GroupCoordinator)
product-trace-kafka              | [2026-06-19 03:41:44,857] INFO [GroupCoordinator 1]: Preparing to rebalance group nest-ai-service-group-server in state PreparingRebalance with old generation 15 (__consumer_offsets-29) (reason: Adding new member nest-ai-service-server-720e798a-9426-4a0e-b8f4-a77fb272f65d with group instance id None; client reason: not provided) (kafka.coordinator.group.GroupCoordinator)
product-trace-kafka              | [2026-06-19 03:41:44,860] INFO [GroupCoordinator 1]: Stabilized group nest-ai-service-group-server generation 16 (__consumer_offsets-29) with 1 members (kafka.coordinator.group.GroupCoordinator)
product-trace-kafka              | [2026-06-19 03:41:44,868] INFO [GroupCoordinator 1]: Assignment received from leader nest-ai-service-server-720e798a-9426-4a0e-b8f4-a77fb272f65d for group nest-ai-service-group-server for generation 16. The group has 1 members, 0 of which are static. (kafka.coordinator.group.GroupCoordinator)
nest-ai-service                  | [32m[Nest] 1  - [39m06/19/2026, 3:41:44 AM [32m    LOG[39m [38;5;3m[ServerKafka] [39m[32mINFO [ConsumerGroup] Consumer has joined the group {"timestamp":"2026-06-19T03:41:44.904Z","logger":"kafkajs","groupId":"nest-ai-service-group-server","memberId":"nest-ai-service-server-720e798a-9426-4a0e-b8f4-a77fb272f65d","leaderId":"nest-ai-service-server-720e798a-9426-4a0e-b8f4-a77fb272f65d","isLeader":true,"memberAssignment":{"product-events":[0],"trace-events":[0]},"groupProtocol":"RoundRobinAssigner","duration":56}[39m
product-trace-kafka              | [2026-06-19 03:44:04,672] INFO [Controller id=1] Processing automatic preferred replica leader election (kafka.controller.KafkaController)
product-trace-kafka              | [2026-06-19 03:44:04,672] TRACE [Controller id=1] Checking need to trigger auto leader balancing (kafka.controller.KafkaController)
product-trace-kafka              | [2026-06-19 03:44:04,680] DEBUG [Controller id=1] Topics not in preferred replica for broker 1 HashMap() (kafka.controller.KafkaController)
product-trace-kafka              | [2026-06-19 03:44:04,682] TRACE [Controller id=1] Leader imbalance ratio for broker 1 is 0.0 (kafka.controller.KafkaController)

[Kproduct-trace-migrate exited with code 0

[Kproduct-trace-embedding-service has been recreated

[Kgo-core-service has been recreated
product-trace-rabbitmq           | [38;5;214m2026-06-19 03:45:51.442333+00:00 [warning] <0.2533.0> closing AMQP connection <0.2533.0> (172.20.0.9:51280 -> 172.20.0.4:5672, vhost: '/', user: 'admin'):[0m
product-trace-rabbitmq           | [38;5;214m2026-06-19 03:45:51.442333+00:00 [warning] <0.2533.0> client unexpectedly closed TCP connection[0m
product-trace-embedding-service  | INFO:     Shutting down
product-trace-embedding-service  | INFO:     Waiting for application shutdown.
product-trace-embedding-service  | INFO:     Application shutdown complete.
product-trace-embedding-service  | INFO:     Finished server process [1]

[Kgo-core-service exited with code 2

[Kproduct-trace-embedding-service exited with code 0

[Knest-ai-service has been recreated

[Knest-ai-service exited with code 137

[Kproduct-trace-migrate exited with code 0
product-trace-embedding-service  | INFO:     Started server process [1]
product-trace-embedding-service  | INFO:     Waiting for application startup.
product-trace-embedding-service  | INFO:     Application startup complete.
product-trace-embedding-service  | INFO:     Uvicorn running on http://0.0.0.0:8000 (Press CTRL+C to quit)
product-trace-rabbitmq           | 2026-06-19 03:45:57.728114+00:00 [info] <0.3801.0> accepting AMQP connection <0.3801.0> (172.20.0.9:40102 -> 172.20.0.4:5672)[0m
product-trace-rabbitmq           | 2026-06-19 03:45:57.748466+00:00 [info] <0.3801.0> connection <0.3801.0> (172.20.0.9:40102 -> 172.20.0.4:5672): user 'admin' authenticated and granted access to vhost '/'[0m
go-core-service                  | 2026/06/19 03:45:57 RabbitMQ connected
go-core-service                  | 2026/06/19 03:45:57 RabbitMQ topology initialized
go-core-service                  | 2026/06/19 03:45:57 Go service is running on port 8080
nest-ai-service                  | [32m[Nest] 1  - [39m06/19/2026, 3:45:59 AM [32m    LOG[39m [38;5;3m[NestFactory] [39m[32mStarting Nest application...[39m
nest-ai-service                  | [32m[Nest] 1  - [39m06/19/2026, 3:45:59 AM [32m    LOG[39m [38;5;3m[InstanceLoader] [39m[32mAppModule dependencies initialized[39m[38;5;3m +38ms[39m
nest-ai-service                  | [32m[Nest] 1  - [39m06/19/2026, 3:45:59 AM [32m    LOG[39m [38;5;3m[InstanceLoader] [39m[32mConfigHostModule dependencies initialized[39m[38;5;3m +3ms[39m
nest-ai-service                  | [32m[Nest] 1  - [39m06/19/2026, 3:45:59 AM [32m    LOG[39m [38;5;3m[InstanceLoader] [39m[32mConfigModule dependencies initialized[39m[38;5;3m +4ms[39m
nest-ai-service                  | [32m[Nest] 1  - [39m06/19/2026, 3:45:59 AM [32m    LOG[39m [38;5;3m[InstanceLoader] [39m[32mConfigModule dependencies initialized[39m[38;5;3m +0ms[39m
nest-ai-service                  | [32m[Nest] 1  - [39m06/19/2026, 3:45:59 AM [32m    LOG[39m [38;5;3m[InstanceLoader] [39m[32mEmbeddingModule dependencies initialized[39m[38;5;3m +3ms[39m
nest-ai-service                  | [33m[Nest] 1  - [39m06/19/2026, 3:45:59 AM [33m   WARN[39m [38;5;3m[ServerKafka] [39m[33mWARN [undefined] KafkaJS v2.0.0 switched default partitioner. To retain the same partitioning behavior as in previous versions, create the producer with the option "createPartitioner: Partitioners.LegacyPartitioner". See the migration guide at https://kafka.js.org/docs/migration-guide-v2.0.0#producer-new-default-partitioner for details. Silence this warning by setting the environment variable "KAFKAJS_NO_PARTITIONER_WARNING=1" {"timestamp":"2026-06-19T03:45:59.171Z","logger":"kafkajs"}[39m
nest-ai-service                  | [32m[Nest] 1  - [39m06/19/2026, 3:45:59 AM [32m    LOG[39m [38;5;3m[ServerKafka] [39m[32mINFO [Consumer] Starting {"timestamp":"2026-06-19T03:45:59.225Z","logger":"kafkajs","groupId":"nest-ai-service-group-server"}[39m
product-trace-kafka              | [2026-06-19 03:45:59,239] INFO [GroupCoordinator 1]: Dynamic member with unknown member id joins group nest-ai-service-group-server in Stable state. Created a new member id nest-ai-service-server-97a47e5a-f742-45a7-bf5b-0c7579c105c1 and request the member to rejoin with this id. (kafka.coordinator.group.GroupCoordinator)
product-trace-kafka              | [2026-06-19 03:45:59,244] INFO [GroupCoordinator 1]: Preparing to rebalance group nest-ai-service-group-server in state PreparingRebalance with old generation 16 (__consumer_offsets-29) (reason: Adding new member nest-ai-service-server-97a47e5a-f742-45a7-bf5b-0c7579c105c1 with group instance id None; client reason: not provided) (kafka.coordinator.group.GroupCoordinator)
product-trace-kafka              | [2026-06-19 03:46:20,376] INFO [GroupCoordinator 1]: Member nest-ai-service-server-720e798a-9426-4a0e-b8f4-a77fb272f65d in group nest-ai-service-group-server has failed, removing it from the group (kafka.coordinator.group.GroupCoordinator)
product-trace-kafka              | [2026-06-19 03:46:20,387] INFO [GroupCoordinator 1]: Stabilized group nest-ai-service-group-server generation 17 (__consumer_offsets-29) with 1 members (kafka.coordinator.group.GroupCoordinator)
product-trace-kafka              | [2026-06-19 03:46:20,432] INFO [GroupCoordinator 1]: Assignment received from leader nest-ai-service-server-97a47e5a-f742-45a7-bf5b-0c7579c105c1 for group nest-ai-service-group-server for generation 17. The group has 1 members, 0 of which are static. (kafka.coordinator.group.GroupCoordinator)
nest-ai-service                  | [32m[Nest] 1  - [39m06/19/2026, 3:46:20 AM [32m    LOG[39m [38;5;3m[ServerKafka] [39m[32mINFO [ConsumerGroup] Consumer has joined the group {"timestamp":"2026-06-19T03:46:20.441Z","logger":"kafkajs","groupId":"nest-ai-service-group-server","memberId":"nest-ai-service-server-97a47e5a-f742-45a7-bf5b-0c7579c105c1","leaderId":"nest-ai-service-server-97a47e5a-f742-45a7-bf5b-0c7579c105c1","isLeader":true,"memberAssignment":{"product-events":[0],"trace-events":[0]},"groupProtocol":"RoundRobinAssigner","duration":21213}[39m
nest-ai-service                  | [32m[Nest] 1  - [39m06/19/2026, 3:46:20 AM [32m    LOG[39m [38;5;3m[NestMicroservice] [39m[32mNest microservice successfully started[39m[38;5;3m +17ms[39m
nest-ai-service                  | Nest AI Kafka consumer started
nest-ai-service                  | [32m[Nest] 1  - [39m06/19/2026, 3:47:27 AM [32m    LOG[39m [38;5;3m[EmbeddingConsumer] [39m[32mReceived kafka event topic=product-events partition=0 offset=24 id=undefined type=undefined[39m
nest-ai-service                  | [32m[Nest] 1  - [39m06/19/2026, 3:47:27 AM [32m    LOG[39m [38;5;3m[EmbeddingConsumer] [39m[32mReceived kafka event topic=product-events partition=0 offset=24 id=undefined type=undefined[39m
nest-ai-service                  | [31m[Nest] 1  - [39m06/19/2026, 3:47:27 AM [31m  ERROR[39m [38;5;3m[EmbeddingConsumer] [39m[31mFailed processing event undefined: Cannot read properties of undefined (reading 'name')[39m
nest-ai-service                  | [31m[Nest] 1  - [39m06/19/2026, 3:47:27 AM [31m  ERROR[39m [38;5;3m[RpcExceptionsHandler] [39mTypeError: Cannot read properties of undefined (reading 'name')
nest-ai-service                  |     at BuildTextUtil.buildProductText [90m(/app/[39mdist/utils/build-text.util.js:16:37[90m)[39m
nest-ai-service                  |     at BuildTextUtil.buildText [90m(/app/[39mdist/utils/build-text.util.js:13:21[90m)[39m
nest-ai-service                  |     at EmbeddingService.processEvent [90m(/app/[39mdist/embedding/embedding.service.js:29:54[90m)[39m
nest-ai-service                  |     at EmbeddingConsumer.handleEvent [90m(/app/[39mdist/kafka/embedding.consumer.js:42:41[90m)[39m
nest-ai-service                  |     at EmbeddingConsumer.consumeProductEvent [90m(/app/[39mdist/kafka/embedding.consumer.js:28:21[90m)[39m
nest-ai-service                  |     at [90m/app/[39mnode_modules/[4m@nestjs/microservices[24m/context/rpc-context-creator.js:44:33
nest-ai-service                  | [90m    at process.processTicksAndRejections (node:internal/process/task_queues:103:5)[39m
nest-ai-service                  |     at async [90m/app/[39mnode_modules/[4m@nestjs/microservices[24m/context/rpc-proxy.js:11:32
nest-ai-service                  |     at async [90m/app/[39mnode_modules/[4m@nestjs/microservices[24m/server/server-kafka.js:231:36
nest-ai-service                  |     at async Runner.processEachMessage [90m(/app/[39mnode_modules/[4mkafkajs[24m/src/consumer/runner.js:231:9[90m)[39m
nest-ai-service                  | [31m[Nest] 1  - [39m06/19/2026, 3:47:27 AM [31m  ERROR[39m [38;5;3m[ServerKafka] [39m[31mERROR [Runner] Error when calling eachMessage {"timestamp":"2026-06-19T03:47:27.869Z","logger":"kafkajs","topic":"product-events","partition":0,"offset":"24","error":{"status":"error","message":"Internal server error"}}[39m
nest-ai-service                  | [32m[Nest] 1  - [39m06/19/2026, 3:47:28 AM [32m    LOG[39m [38;5;3m[EmbeddingConsumer] [39m[32mReceived kafka event topic=product-events partition=0 offset=24 id=undefined type=undefined[39m
nest-ai-service                  | [32m[Nest] 1  - [39m06/19/2026, 3:47:28 AM [32m    LOG[39m [38;5;3m[EmbeddingConsumer] [39m[32mReceived kafka event topic=product-events partition=0 offset=24 id=undefined type=undefined[39m
nest-ai-service                  | [31m[Nest] 1  - [39m06/19/2026, 3:47:28 AM [31m  ERROR[39m [38;5;3m[EmbeddingConsumer] [39m[31mFailed processing event undefined: Cannot read properties of undefined (reading 'name')[39m
nest-ai-service                  | [31m[Nest] 1  - [39m06/19/2026, 3:47:28 AM [31m  ERROR[39m [38;5;3m[RpcExceptionsHandler] [39mTypeError: Cannot read properties of undefined (reading 'name')
nest-ai-service                  |     at BuildTextUtil.buildProductText [90m(/app/[39mdist/utils/build-text.util.js:16:37[90m)[39m
nest-ai-service                  |     at BuildTextUtil.buildText [90m(/app/[39mdist/utils/build-text.util.js:13:21[90m)[39m
nest-ai-service                  |     at EmbeddingService.processEvent [90m(/app/[39mdist/embedding/embedding.service.js:29:54[90m)[39m
nest-ai-service                  |     at EmbeddingConsumer.handleEvent [90m(/app/[39mdist/kafka/embedding.consumer.js:42:41[90m)[39m
nest-ai-service                  |     at EmbeddingConsumer.consumeProductEvent [90m(/app/[39mdist/kafka/embedding.consumer.js:28:21[90m)[39m
nest-ai-service                  |     at [90m/app/[39mnode_modules/[4m@nestjs/microservices[24m/context/rpc-context-creator.js:44:33
nest-ai-service                  | [90m    at process.processTicksAndRejections (node:internal/process/task_queues:103:5)[39m
nest-ai-service                  |     at async [90m/app/[39mnode_modules/[4m@nestjs/microservices[24m/context/rpc-proxy.js:11:32
nest-ai-service                  |     at async [90m/app/[39mnode_modules/[4m@nestjs/microservices[24m/server/server-kafka.js:231:36
nest-ai-service                  |     at async Runner.processEachMessage [90m(/app/[39mnode_modules/[4mkafkajs[24m/src/consumer/runner.js:231:9[90m)[39m
nest-ai-service                  | [31m[Nest] 1  - [39m06/19/2026, 3:47:28 AM [31m  ERROR[39m [38;5;3m[ServerKafka] [39m[31mERROR [Runner] Error when calling eachMessage {"timestamp":"2026-06-19T03:47:28.238Z","logger":"kafkajs","topic":"product-events","partition":0,"offset":"24","error":{"status":"error","message":"Internal server error"}}[39m
nest-ai-service                  | [32m[Nest] 1  - [39m06/19/2026, 3:47:28 AM [32m    LOG[39m [38;5;3m[EmbeddingConsumer] [39m[32mReceived kafka event topic=product-events partition=0 offset=24 id=undefined type=undefined[39m
nest-ai-service                  | [32m[Nest] 1  - [39m06/19/2026, 3:47:28 AM [32m    LOG[39m [38;5;3m[EmbeddingConsumer] [39m[32mReceived kafka event topic=product-events partition=0 offset=24 id=undefined type=undefined[39m
nest-ai-service                  | [31m[Nest] 1  - [39m06/19/2026, 3:47:28 AM [31m  ERROR[39m [38;5;3m[EmbeddingConsumer] [39m[31mFailed processing event undefined: Cannot read properties of undefined (reading 'name')[39m
nest-ai-service                  | [31m[Nest] 1  - [39m06/19/2026, 3:47:28 AM [31m  ERROR[39m [38;5;3m[RpcExceptionsHandler] [39mTypeError: Cannot read properties of undefined (reading 'name')
nest-ai-service                  |     at BuildTextUtil.buildProductText [90m(/app/[39mdist/utils/build-text.util.js:16:37[90m)[39m
nest-ai-service                  |     at BuildTextUtil.buildText [90m(/app/[39mdist/utils/build-text.util.js:13:21[90m)[39m
nest-ai-service                  |     at EmbeddingService.processEvent [90m(/app/[39mdist/embedding/embedding.service.js:29:54[90m)[39m
nest-ai-service                  |     at EmbeddingConsumer.handleEvent [90m(/app/[39mdist/kafka/embedding.consumer.js:42:41[90m)[39m
nest-ai-service                  |     at EmbeddingConsumer.consumeProductEvent [90m(/app/[39mdist/kafka/embedding.consumer.js:28:21[90m)[39m
nest-ai-service                  |     at [90m/app/[39mnode_modules/[4m@nestjs/microservices[24m/context/rpc-context-creator.js:44:33
nest-ai-service                  | [90m    at process.processTicksAndRejections (node:internal/process/task_queues:103:5)[39m
nest-ai-service                  |     at async [90m/app/[39mnode_modules/[4m@nestjs/microservices[24m/context/rpc-proxy.js:11:32
nest-ai-service                  |     at async [90m/app/[39mnode_modules/[4m@nestjs/microservices[24m/server/server-kafka.js:231:36
nest-ai-service                  |     at async Runner.processEachMessage [90m(/app/[39mnode_modules/[4mkafkajs[24m/src/consumer/runner.js:231:9[90m)[39m
nest-ai-service                  | [31m[Nest] 1  - [39m06/19/2026, 3:47:28 AM [31m  ERROR[39m [38;5;3m[ServerKafka] [39m[31mERROR [Runner] Error when calling eachMessage {"timestamp":"2026-06-19T03:47:28.884Z","logger":"kafkajs","topic":"product-events","partition":0,"offset":"24","error":{"status":"error","message":"Internal server error"}}[39m
nest-ai-service                  | [32m[Nest] 1  - [39m06/19/2026, 3:47:30 AM [32m    LOG[39m [38;5;3m[EmbeddingConsumer] [39m[32mReceived kafka event topic=product-events partition=0 offset=24 id=undefined type=undefined[39m
nest-ai-service                  | [32m[Nest] 1  - [39m06/19/2026, 3:47:30 AM [32m    LOG[39m [38;5;3m[EmbeddingConsumer] [39m[32mReceived kafka event topic=product-events partition=0 offset=24 id=undefined type=undefined[39m
nest-ai-service                  | [31m[Nest] 1  - [39m06/19/2026, 3:47:30 AM [31m  ERROR[39m [38;5;3m[EmbeddingConsumer] [39m[31mFailed processing event undefined: Cannot read properties of undefined (reading 'name')[39m
nest-ai-service                  | [31m[Nest] 1  - [39m06/19/2026, 3:47:30 AM [31m  ERROR[39m [38;5;3m[RpcExceptionsHandler] [39mTypeError: Cannot read properties of undefined (reading 'name')
nest-ai-service                  |     at BuildTextUtil.buildProductText [90m(/app/[39mdist/utils/build-text.util.js:16:37[90m)[39m
nest-ai-service                  |     at BuildTextUtil.buildText [90m(/app/[39mdist/utils/build-text.util.js:13:21[90m)[39m
nest-ai-service                  |     at EmbeddingService.processEvent [90m(/app/[39mdist/embedding/embedding.service.js:29:54[90m)[39m
nest-ai-service                  |     at EmbeddingConsumer.handleEvent [90m(/app/[39mdist/kafka/embedding.consumer.js:42:41[90m)[39m
nest-ai-service                  |     at EmbeddingConsumer.consumeProductEvent [90m(/app/[39mdist/kafka/embedding.consumer.js:28:21[90m)[39m
nest-ai-service                  |     at [90m/app/[39mnode_modules/[4m@nestjs/microservices[24m/context/rpc-context-creator.js:44:33
nest-ai-service                  | [90m    at process.processTicksAndRejections (node:internal/process/task_queues:103:5)[39m
nest-ai-service                  |     at async [90m/app/[39mnode_modules/[4m@nestjs/microservices[24m/context/rpc-proxy.js:11:32
nest-ai-service                  |     at async [90m/app/[39mnode_modules/[4m@nestjs/microservices[24m/server/server-kafka.js:231:36
nest-ai-service                  |     at async Runner.processEachMessage [90m(/app/[39mnode_modules/[4mkafkajs[24m/src/consumer/runner.js:231:9[90m)[39m
nest-ai-service                  | [31m[Nest] 1  - [39m06/19/2026, 3:47:30 AM [31m  ERROR[39m [38;5;3m[ServerKafka] [39m[31mERROR [Runner] Error when calling eachMessage {"timestamp":"2026-06-19T03:47:30.287Z","logger":"kafkajs","topic":"product-events","partition":0,"offset":"24","error":{"status":"error","message":"Internal server error"}}[39m
nest-ai-service                  | [32m[Nest] 1  - [39m06/19/2026, 3:47:32 AM [32m    LOG[39m [38;5;3m[EmbeddingConsumer] [39m[32mReceived kafka event topic=product-events partition=0 offset=24 id=undefined type=undefined[39m
nest-ai-service                  | [32m[Nest] 1  - [39m06/19/2026, 3:47:32 AM [32m    LOG[39m [38;5;3m[EmbeddingConsumer] [39m[32mReceived kafka event topic=product-events partition=0 offset=24 id=undefined type=undefined[39m
nest-ai-service                  | [31m[Nest] 1  - [39m06/19/2026, 3:47:32 AM [31m  ERROR[39m [38;5;3m[EmbeddingConsumer] [39m[31mFailed processing event undefined: Cannot read properties of undefined (reading 'name')[39m
nest-ai-service                  | [31m[Nest] 1  - [39m06/19/2026, 3:47:32 AM [31m  ERROR[39m [38;5;3m[RpcExceptionsHandler] [39mTypeError: Cannot read properties of undefined (reading 'name')
nest-ai-service                  |     at BuildTextUtil.buildProductText [90m(/app/[39mdist/utils/build-text.util.js:16:37[90m)[39m
nest-ai-service                  |     at BuildTextUtil.buildText [90m(/app/[39mdist/utils/build-text.util.js:13:21[90m)[39m
nest-ai-service                  |     at EmbeddingService.processEvent [90m(/app/[39mdist/embedding/embedding.service.js:29:54[90m)[39m
nest-ai-service                  |     at EmbeddingConsumer.handleEvent [90m(/app/[39mdist/kafka/embedding.consumer.js:42:41[90m)[39m
nest-ai-service                  |     at EmbeddingConsumer.consumeProductEvent [90m(/app/[39mdist/kafka/embedding.consumer.js:28:21[90m)[39m
nest-ai-service                  |     at [90m/app/[39mnode_modules/[4m@nestjs/microservices[24m/context/rpc-context-creator.js:44:33
nest-ai-service                  | [90m    at process.processTicksAndRejections (node:internal/process/task_queues:103:5)[39m
nest-ai-service                  |     at async [90m/app/[39mnode_modules/[4m@nestjs/microservices[24m/context/rpc-proxy.js:11:32
nest-ai-service                  |     at async [90m/app/[39mnode_modules/[4m@nestjs/microservices[24m/server/server-kafka.js:231:36
nest-ai-service                  |     at async Runner.processEachMessage [90m(/app/[39mnode_modules/[4mkafkajs[24m/src/consumer/runner.js:231:9[90m)[39m
nest-ai-service                  | [31m[Nest] 1  - [39m06/19/2026, 3:47:32 AM [31m  ERROR[39m [38;5;3m[ServerKafka] [39m[31mERROR [Runner] Error when calling eachMessage {"timestamp":"2026-06-19T03:47:32.787Z","logger":"kafkajs","topic":"product-events","partition":0,"offset":"24","error":{"status":"error","message":"Internal server error"}}[39m
nest-ai-service                  | [32m[Nest] 1  - [39m06/19/2026, 3:47:37 AM [32m    LOG[39m [38;5;3m[EmbeddingConsumer] [39m[32mReceived kafka event topic=product-events partition=0 offset=24 id=undefined type=undefined[39m
nest-ai-service                  | [32m[Nest] 1  - [39m06/19/2026, 3:47:37 AM [32m    LOG[39m [38;5;3m[EmbeddingConsumer] [39m[32mReceived kafka event topic=product-events partition=0 offset=24 id=undefined type=undefined[39m
nest-ai-service                  | [31m[Nest] 1  - [39m06/19/2026, 3:47:37 AM [31m  ERROR[39m [38;5;3m[EmbeddingConsumer] [39m[31mFailed processing event undefined: Cannot read properties of undefined (reading 'name')[39m
nest-ai-service                  | [31m[Nest] 1  - [39m06/19/2026, 3:47:37 AM [31m  ERROR[39m [38;5;3m[RpcExceptionsHandler] [39mTypeError: Cannot read properties of undefined (reading 'name')
nest-ai-service                  |     at BuildTextUtil.buildProductText [90m(/app/[39mdist/utils/build-text.util.js:16:37[90m)[39m
nest-ai-service                  |     at BuildTextUtil.buildText [90m(/app/[39mdist/utils/build-text.util.js:13:21[90m)[39m
nest-ai-service                  |     at EmbeddingService.processEvent [90m(/app/[39mdist/embedding/embedding.service.js:29:54[90m)[39m
nest-ai-service                  |     at EmbeddingConsumer.handleEvent [90m(/app/[39mdist/kafka/embedding.consumer.js:42:41[90m)[39m
nest-ai-service                  |     at EmbeddingConsumer.consumeProductEvent [90m(/app/[39mdist/kafka/embedding.consumer.js:28:21[90m)[39m
nest-ai-service                  |     at [90m/app/[39mnode_modules/[4m@nestjs/microservices[24m/context/rpc-context-creator.js:44:33
nest-ai-service                  | [90m    at process.processTicksAndRejections (node:internal/process/task_queues:103:5)[39m
nest-ai-service                  |     at async [90m/app/[39mnode_modules/[4m@nestjs/microservices[24m/context/rpc-proxy.js:11:32
nest-ai-service                  |     at async [90m/app/[39mnode_modules/[4m@nestjs/microservices[24m/server/server-kafka.js:231:36
nest-ai-service                  |     at async Runner.processEachMessage [90m(/app/[39mnode_modules/[4mkafkajs[24m/src/consumer/runner.js:231:9[90m)[39m
nest-ai-service                  | [31m[Nest] 1  - [39m06/19/2026, 3:47:37 AM [31m  ERROR[39m [38;5;3m[ServerKafka] [39m[31mERROR [Runner] Error when calling eachMessage {"timestamp":"2026-06-19T03:47:37.844Z","logger":"kafkajs","topic":"product-events","partition":0,"offset":"24","error":{"status":"error","message":"Internal server error"}}[39m
nest-ai-service                  | [31m[Nest] 1  - [39m06/19/2026, 3:47:37 AM [31m  ERROR[39m [38;5;3m[ServerKafka] [39m[31mERROR [Consumer] Crash: KafkaJSNumberOfRetriesExceeded: Internal server error {"timestamp":"2026-06-19T03:47:37.857Z","logger":"kafkajs","groupId":"nest-ai-service-group-server","retryCount":5,"stack":"KafkaJSNonRetriableError\n  Caused by: undefined"}[39m
product-trace-kafka              | [2026-06-19 03:47:37,881] INFO [GroupCoordinator 1]: Preparing to rebalance group nest-ai-service-group-server in state PreparingRebalance with old generation 17 (__consumer_offsets-29) (reason: Removing member nest-ai-service-server-97a47e5a-f742-45a7-bf5b-0c7579c105c1 on LeaveGroup; client reason: not provided) (kafka.coordinator.group.GroupCoordinator)
product-trace-kafka              | [2026-06-19 03:47:37,881] INFO [GroupCoordinator 1]: Group nest-ai-service-group-server with generation 18 is now empty (__consumer_offsets-29) (kafka.coordinator.group.GroupCoordinator)
product-trace-kafka              | [2026-06-19 03:47:37,886] INFO [GroupCoordinator 1]: Member MemberMetadata(memberId=nest-ai-service-server-97a47e5a-f742-45a7-bf5b-0c7579c105c1, groupInstanceId=None, clientId=nest-ai-service-server, clientHost=/172.20.0.10, sessionTimeoutMs=30000, rebalanceTimeoutMs=60000, supportedProtocols=List(RoundRobinAssigner)) has left group nest-ai-service-group-server through explicit `LeaveGroup`; client reason: not provided (kafka.coordinator.group.GroupCoordinator)
nest-ai-service                  | [32m[Nest] 1  - [39m06/19/2026, 3:47:37 AM [32m    LOG[39m [38;5;3m[ServerKafka] [39m[32mINFO [Consumer] Stopped {"timestamp":"2026-06-19T03:47:37.891Z","logger":"kafkajs","groupId":"nest-ai-service-group-server"}[39m
nest-ai-service                  | [31m[Nest] 1  - [39m06/19/2026, 3:47:37 AM [31m  ERROR[39m [38;5;3m[ServerKafka] [39m[31mERROR [Consumer] Restarting the consumer in 11452ms {"timestamp":"2026-06-19T03:47:37.896Z","logger":"kafkajs","retryCount":5,"retryTime":11452,"groupId":"nest-ai-service-group-server"}[39m
nest-ai-service                  | [32m[Nest] 1  - [39m06/19/2026, 3:47:49 AM [32m    LOG[39m [38;5;3m[ServerKafka] [39m[32mINFO [Consumer] Starting {"timestamp":"2026-06-19T03:47:49.351Z","logger":"kafkajs","groupId":"nest-ai-service-group-server"}[39m
product-trace-kafka              | [2026-06-19 03:47:49,364] INFO [GroupCoordinator 1]: Dynamic member with unknown member id joins group nest-ai-service-group-server in Empty state. Created a new member id nest-ai-service-server-8ce25cc0-a8d8-4ddd-8608-7e588d8b11d9 and request the member to rejoin with this id. (kafka.coordinator.group.GroupCoordinator)
product-trace-kafka              | [2026-06-19 03:47:49,371] INFO [GroupCoordinator 1]: Preparing to rebalance group nest-ai-service-group-server in state PreparingRebalance with old generation 18 (__consumer_offsets-29) (reason: Adding new member nest-ai-service-server-8ce25cc0-a8d8-4ddd-8608-7e588d8b11d9 with group instance id None; client reason: not provided) (kafka.coordinator.group.GroupCoordinator)
product-trace-kafka              | [2026-06-19 03:47:49,373] INFO [GroupCoordinator 1]: Stabilized group nest-ai-service-group-server generation 19 (__consumer_offsets-29) with 1 members (kafka.coordinator.group.GroupCoordinator)
product-trace-kafka              | [2026-06-19 03:47:49,381] INFO [GroupCoordinator 1]: Assignment received from leader nest-ai-service-server-8ce25cc0-a8d8-4ddd-8608-7e588d8b11d9 for group nest-ai-service-group-server for generation 19. The group has 1 members, 0 of which are static. (kafka.coordinator.group.GroupCoordinator)
nest-ai-service                  | [32m[Nest] 1  - [39m06/19/2026, 3:47:49 AM [32m    LOG[39m [38;5;3m[ServerKafka] [39m[32mINFO [ConsumerGroup] Consumer has joined the group {"timestamp":"2026-06-19T03:47:49.386Z","logger":"kafkajs","groupId":"nest-ai-service-group-server","memberId":"nest-ai-service-server-8ce25cc0-a8d8-4ddd-8608-7e588d8b11d9","leaderId":"nest-ai-service-server-8ce25cc0-a8d8-4ddd-8608-7e588d8b11d9","isLeader":true,"memberAssignment":{"product-events":[0],"trace-events":[0]},"groupProtocol":"RoundRobinAssigner","duration":26}[39m
product-trace-kafka              | [2026-06-19 03:49:04,626] INFO [Controller id=1] Processing automatic preferred replica leader election (kafka.controller.KafkaController)
product-trace-kafka              | [2026-06-19 03:49:04,626] TRACE [Controller id=1] Checking need to trigger auto leader balancing (kafka.controller.KafkaController)
product-trace-kafka              | [2026-06-19 03:49:04,635] DEBUG [Controller id=1] Topics not in preferred replica for broker 1 HashMap() (kafka.controller.KafkaController)
product-trace-kafka              | [2026-06-19 03:49:04,636] TRACE [Controller id=1] Leader imbalance ratio for broker 1 is 0.0 (kafka.controller.KafkaController)

[Knest-ai-service exited with code 137
product-trace-rabbitmq           | [38;5;214m2026-06-19 03:50:04.028245+00:00 [warning] <0.3801.0> closing AMQP connection <0.3801.0> (172.20.0.9:40102 -> 172.20.0.4:5672, vhost: '/', user: 'admin'):[0m
product-trace-rabbitmq           | [38;5;214m2026-06-19 03:50:04.028245+00:00 [warning] <0.3801.0> client unexpectedly closed TCP connection[0m
product-trace-kafka              | [2026-06-19 03:50:04,047] INFO Terminating process due to signal SIGTERM (org.apache.kafka.common.utils.LoggingSignalHandler)
product-trace-qdrant             | [2026-06-19T03:50:04.060Z INFO  
actix_server::server] SIGTERM received; starting graceful shutdown
product-trace-embedding-service  | INFO:     Shutting down
product-trace-qdrant             | [2026-06-19T03:50:04.065Z INFO  
actix_server::worker] Shutting down idle worker
product-trace-qdrant             | [2026-06-19T03:50:04.064Z INFO  
actix_server::worker] Shutting down idle worker
product-trace-qdrant             | [2026-06-19T03:50:04.065Z INFO  
actix_server::worker] Shutting down idle worker
product-trace-qdrant             | [2026-06-19T03:50:04.065Z INFO  
actix_server::worker] Shutting down idle worker
product-trace-qdrant             | [2026-06-19T03:50:04.066Z INFO  
actix_server::worker] Shutting down idle worker
product-trace-qdrant             | [2026-06-19T03:50:04.071Z INFO  
actix_server::worker] Shutting down idle worker
product-trace-qdrant             | [2026-06-19T03:50:04.075Z INFO  
actix_server::accept] Accept thread stopped
product-trace-qdrant             | [2026-06-19T03:50:04.075Z INFO  
actix_server::worker] Shutting down idle worker
product-trace-qdrant             | [2026-06-19T03:50:04.084Z INFO  
actix_server::worker] Shutting down idle worker
product-trace-qdrant             | [2026-06-19T03:50:04.077Z INFO  
actix_server::worker] Shutting down idle worker
product-trace-qdrant             | [2026-06-19T03:50:04.078Z INFO  
actix_server::worker] Shutting down idle worker
product-trace-qdrant             | [2026-06-19T03:50:04.069Z INFO  
actix_server::worker] Shutting down idle worker
product-trace-kafka              | [2026-06-19 03:50:04,094] INFO [KafkaServer id=1] shutting down (kafka.server.KafkaServer)
product-trace-kafka              | [2026-06-19 03:50:04,108] INFO [KafkaServer id=1] Starting controlled shutdown (kafka.server.KafkaServer)
product-trace-embedding-service  | INFO:     Waiting for application shutdown.
product-trace-embedding-service  | INFO:     Application shutdown complete.
product-trace-embedding-service  | INFO:     Finished server process [1]
product-trace-kafka              | [2026-06-19 03:50:04,189] INFO [Controller id=1] Shutting down broker 1 (kafka.controller.KafkaController)
product-trace-kafka              | [2026-06-19 03:50:04,191] DEBUG [Controller id=1] All shutting down brokers: 1 (kafka.controller.KafkaController)
product-trace-kafka              | [2026-06-19 03:50:04,195] DEBUG [Controller id=1] Live brokers:  (kafka.controller.KafkaController)
product-trace-kafka              | [2026-06-19 03:50:04,222] INFO [Controller id=1 epoch=1] Sending UpdateMetadata request to brokers HashSet() for 0 partitions (state.change.logger)
product-trace-kafka              | [2026-06-19 03:50:04,249] TRACE [Controller id=1] All leaders = __consumer_offsets-13 -> (Leader:1,ISR:1,LeaderRecoveryState:RECOVERED,LeaderEpoch:0,ZkVersion:0,ControllerEpoch:1),__consumer_offsets-46 -> (Leader:1,ISR:1,LeaderRecoveryState:RECOVERED,LeaderEpoch:0,ZkVersion:0,ControllerEpoch:1),__consumer_offsets-9 -> (Leader:1,ISR:1,LeaderRecoveryState:RECOVERED,LeaderEpoch:0,ZkVersion:0,ControllerEpoch:1),__consumer_offsets-42 -> (Leader:1,ISR:1,LeaderRecoveryState:RECOVERED,LeaderEpoch:0,ZkVersion:0,ControllerEpoch:1),__consumer_offsets-21 -> (Leader:1,ISR:1,LeaderRecoveryState:RECOVERED,LeaderEpoch:0,ZkVersion:0,ControllerEpoch:1),__consumer_offsets-17 -> (Leader:1,ISR:1,LeaderRecoveryState:RECOVERED,LeaderEpoch:0,ZkVersion:0,ControllerEpoch:1),__consumer_offsets-30 -> (Leader:1,ISR:1,LeaderRecoveryState:RECOVERED,LeaderEpoch:0,ZkVersion:0,ControllerEpoch:1),__consumer_offsets-26 -> (Leader:1,ISR:1,LeaderRecoveryState:RECOVERED,LeaderEpoch:0,ZkVersion:0,ControllerEpoch:1),trace-events-0 -> (Leader:1,ISR:1,LeaderRecoveryState:RECOVERED,LeaderEpoch:0,ZkVersion:0,ControllerEpoch:1),__consumer_offsets-5 -> (Leader:1,ISR:1,LeaderRecoveryState:RECOVERED,LeaderEpoch:0,ZkVersion:0,ControllerEpoch:1),__consumer_offsets-38 -> (Leader:1,ISR:1,LeaderRecoveryState:RECOVERED,LeaderEpoch:0,ZkVersion:0,ControllerEpoch:1),__consumer_offsets-1 -> (Leader:1,ISR:1,LeaderRecoveryState:RECOVERED,LeaderEpoch:0,ZkVersion:0,ControllerEpoch:1),__consumer_offsets-34 -> (Leader:1,ISR:1,LeaderRecoveryState:RECOVERED,LeaderEpoch:0,ZkVersion:0,ControllerEpoch:1),__consumer_offsets-16 -> (Leader:1,ISR:1,LeaderRecoveryState:RECOVERED,LeaderEpoch:0,ZkVersion:0,ControllerEpoch:1),__consumer_offsets-45 -> (Leader:1,ISR:1,LeaderRecoveryState:RECOVERED,LeaderEpoch:0,ZkVersion:0,ControllerEpoch:1),__consumer_offsets-12 -> (Leader:1,ISR:1,LeaderRecoveryState:RECOVERED,LeaderEpoch:0,ZkVersion:0,ControllerEpoch:1),__consumer_offsets-41 -> (Leader:1,ISR:1,LeaderRecoveryState:RECOVERED,LeaderEpoch:0,ZkVersion:0,ControllerEpoch:1),__consumer_offsets-24 -> (Leader:1,ISR:1,LeaderRecoveryState:RECOVERED,LeaderEpoch:0,ZkVersion:0,ControllerEpoch:1),__consumer_offsets-20 -> (Leader:1,ISR:1,LeaderRecoveryState:RECOVERED,LeaderEpoch:0,ZkVersion:0,ControllerEpoch:1),__consumer_offsets-49 -> (Leader:1,ISR:1,LeaderRecoveryState:RECOVERED,LeaderEpoch:0,ZkVersion:0,ControllerEpoch:1),__consumer_offsets-0 -> (Leader:1,ISR:1,LeaderRecoveryState:RECOVERED,LeaderEpoch:0,ZkVersion:0,ControllerEpoch:1),__consumer_offsets-29 -> (Leader:1,ISR:1,LeaderRecoveryState:RECOVERED,LeaderEpoch:0,ZkVersion:0,ControllerEpoch:1),product-events-0 -> (Leader:1,ISR:1,LeaderRecoveryState:RECOVERED,LeaderEpoch:0,ZkVersion:0,ControllerEpoch:1),__consumer_offsets-25 -> (Leader:1,ISR:1,LeaderRecoveryState:RECOVERED,LeaderEpoch:0,ZkVersion:0,ControllerEpoch:1),__consumer_offsets-8 -> (Leader:1,ISR:1,LeaderRecoveryState:RECOVERED,LeaderEpoch:0,ZkVersion:0,ControllerEpoch:1),__consumer_offsets-37 -> (Leader:1,ISR:1,LeaderRecoveryState:RECOVERED,LeaderEpoch:0,ZkVersion:0,ControllerEpoch:1),__consumer_offsets-4 -> (Leader:1,ISR:1,LeaderRecoveryState:RECOVERED,LeaderEpoch:0,ZkVersion:0,ControllerEpoch:1),__consumer_offsets-33 -> (Leader:1,ISR:1,LeaderRecoveryState:RECOVERED,LeaderEpoch:0,ZkVersion:0,ControllerEpoch:1),__consumer_offsets-15 -> (Leader:1,ISR:1,LeaderRecoveryState:RECOVERED,LeaderEpoch:0,ZkVersion:0,ControllerEpoch:1),__consumer_offsets-48 -> (Leader:1,ISR:1,LeaderRecoveryState:RECOVERED,LeaderEpoch:0,ZkVersion:0,ControllerEpoch:1),__consumer_offsets-11 -> (Leader:1,ISR:1,LeaderRecoveryState:RECOVERED,LeaderEpoch:0,ZkVersion:0,ControllerEpoch:1),__consumer_offsets-44 -> (Leader:1,ISR:1,LeaderRecoveryState:RECOVERED,LeaderEpoch:0,ZkVersion:0,ControllerEpoch:1),__consumer_offsets-23 -> (Leader:1,ISR:1,LeaderRecoveryState:RECOVERED,LeaderEpoch:0,ZkVersion:0,ControllerEpoch:1),__consumer_offsets-19 -> (Leader:1,ISR:1,LeaderRecoveryState:RECOVERED,LeaderEpoch:0,ZkVersion:0,ControllerEpoch:1),__consumer_offsets-32 -> (Leader:1,ISR:1,LeaderRecoveryState:RECOVERED,LeaderEpoch:0,ZkVersion:0,ControllerEpoch:1),__consumer_offsets-28 -> (Leader:1,ISR:1,LeaderRecoveryState:RECOVERED,LeaderEpoch:0,ZkVersion:0,ControllerEpoch:1),__consumer_offsets-7 -> (Leader:1,ISR:1,LeaderRecoveryState:RECOVERED,LeaderEpoch:0,ZkVersion:0,ControllerEpoch:1),__consumer_offsets-40 -> (Leader:1,ISR:1,LeaderRecoveryState:RECOVERED,LeaderEpoch:0,ZkVersion:0,ControllerEpoch:1),__consumer_offsets-3 -> (Leader:1,ISR:1,LeaderRecoveryState:RECOVERED,LeaderEpoch:0,ZkVersion:0,ControllerEpoch:1),__consumer_offsets-36 -> (Leader:1,ISR:1,LeaderRecoveryState:RECOVERED,LeaderEpoch:0,ZkVersion:0,ControllerEpoch:1),__consumer_offsets-47 -> (Leader:1,ISR:1,LeaderRecoveryState:RECOVERED,LeaderEpoch:0,ZkVersion:0,ControllerEpoch:1),__consumer_offsets-14 -> (Leader:1,ISR:1,LeaderRecoveryState:RECOVERED,LeaderEpoch:0,ZkVersion:0,ControllerEpoch:1),__consumer_offsets-43 -> (Leader:1,ISR:1,LeaderRecoveryState:RECOVERED,LeaderEpoch:0,ZkVersion:0,ControllerEpoch:1),__consumer_offsets-10 -> (Leader:1,ISR:1,LeaderRecoveryState:RECOVERED,LeaderEpoch:0,ZkVersion:0,ControllerEpoch:1),__consumer_offsets-22 -> (Leader:1,ISR:1,LeaderRecoveryState:RECOVERED,LeaderEpoch:0,ZkVersion:0,ControllerEpoch:1),__consumer_offsets-18 -> (Leader:1,ISR:1,LeaderRecoveryState:RECOVERED,LeaderEpoch:0,ZkVersion:0,ControllerEpoch:1),__consumer_offsets-31 -> (Leader:1,ISR:1,LeaderRecoveryState:RECOVERED,LeaderEpoch:0,ZkVersion:0,ControllerEpoch:1),__consumer_offsets-27 -> (Leader:1,ISR:1,LeaderRecoveryState:RECOVERED,LeaderEpoch:0,ZkVersion:0,ControllerEpoch:1),__consumer_offsets-39 -> (Leader:1,ISR:1,LeaderRecoveryState:RECOVERED,LeaderEpoch:0,ZkVersion:0,ControllerEpoch:1),__consumer_offsets-6 -> (Leader:1,ISR:1,LeaderRecoveryState:RECOVERED,LeaderEpoch:0,ZkVersion:0,ControllerEpoch:1),__consumer_offsets-35 -> (Leader:1,ISR:1,LeaderRecoveryState:RECOVERED,LeaderEpoch:0,ZkVersion:0,ControllerEpoch:1),__consumer_offsets-2 -> (Leader:1,ISR:1,LeaderRecoveryState:RECOVERED,LeaderEpoch:0,ZkVersion:0,ControllerEpoch:1) (kafka.controller.KafkaController)
product-trace-kafka              | [2026-06-19 03:50:04,276] INFO [KafkaServer id=1] Controlled shutdown request returned successfully after 99ms (kafka.server.KafkaServer)
product-trace-kafka              | [2026-06-19 03:50:04,302] INFO [/config/changes-event-process-thread]: Shutting down (kafka.common.ZkNodeChangeNotificationListener$ChangeEventProcessThread)
product-trace-kafka              | [2026-06-19 03:50:04,307] INFO [/config/changes-event-process-thread]: Shutdown completed (kafka.common.ZkNodeChangeNotificationListener$ChangeEventProcessThread)
product-trace-kafka              | [2026-06-19 03:50:04,307] INFO [/config/changes-event-process-thread]: Stopped (kafka.common.ZkNodeChangeNotificationListener$ChangeEventProcessThread)
product-trace-kafka              | [2026-06-19 03:50:04,332] INFO [SocketServer listenerType=ZK_BROKER, nodeId=1] Stopping socket server request processors (kafka.network.SocketServer)
product-trace-kafka              | [2026-06-19 03:50:04,495] INFO [SocketServer listenerType=ZK_BROKER, nodeId=1] Stopped socket server request processors (kafka.network.SocketServer)
product-trace-kafka              | [2026-06-19 03:50:04,504] INFO [data-plane Kafka Request Handler on Broker 1], shutting down (kafka.server.KafkaRequestHandlerPool)
product-trace-kafka              | [2026-06-19 03:50:04,520] INFO [data-plane Kafka Request Handler on Broker 1], shut down completely (kafka.server.KafkaRequestHandlerPool)
product-trace-kafka              | [2026-06-19 03:50:04,536] INFO [ExpirationReaper-1-AlterAcls]: Shutting down (kafka.server.DelayedOperationPurgatory$ExpiredOperationReaper)
product-trace-kafka              | [2026-06-19 03:50:04,543] INFO [ExpirationReaper-1-AlterAcls]: Stopped (kafka.server.DelayedOperationPurgatory$ExpiredOperationReaper)
product-trace-kafka              | [2026-06-19 03:50:04,543] INFO [ExpirationReaper-1-AlterAcls]: Shutdown completed (kafka.server.DelayedOperationPurgatory$ExpiredOperationReaper)
product-trace-kafka              | [2026-06-19 03:50:04,546] INFO [KafkaApi-1] Shutdown complete. (kafka.server.KafkaApis)
product-trace-kafka              | [2026-06-19 03:50:04,561] INFO [ExpirationReaper-1-topic]: Shutting down (kafka.server.DelayedOperationPurgatory$ExpiredOperationReaper)
product-trace-kafka              | [2026-06-19 03:50:04,564] INFO [ExpirationReaper-1-topic]: Stopped (kafka.server.DelayedOperationPurgatory$ExpiredOperationReaper)
product-trace-kafka              | [2026-06-19 03:50:04,564] INFO [ExpirationReaper-1-topic]: Shutdown completed (kafka.server.DelayedOperationPurgatory$ExpiredOperationReaper)
product-trace-kafka              | [2026-06-19 03:50:04,571] INFO [TransactionCoordinator id=1] Shutting down. (kafka.coordinator.transaction.TransactionCoordinator)
product-trace-kafka              | [2026-06-19 03:50:04,578] INFO [Transaction State Manager 1]: Shutdown complete (kafka.coordinator.transaction.TransactionStateManager)
product-trace-kafka              | [2026-06-19 03:50:04,579] INFO [TxnMarkerSenderThread-1]: Shutting down (kafka.coordinator.transaction.TransactionMarkerChannelManager)
product-trace-kafka              | [2026-06-19 03:50:04,580] INFO [TxnMarkerSenderThread-1]: Shutdown completed (kafka.coordinator.transaction.TransactionMarkerChannelManager)
product-trace-kafka              | [2026-06-19 03:50:04,581] INFO [TxnMarkerSenderThread-1]: Stopped (kafka.coordinator.transaction.TransactionMarkerChannelManager)
product-trace-kafka              | [2026-06-19 03:50:04,591] INFO [TransactionCoordinator id=1] Shutdown complete. (kafka.coordinator.transaction.TransactionCoordinator)
product-trace-kafka              | [2026-06-19 03:50:04,594] INFO [GroupCoordinator 1]: Shutting down. (kafka.coordinator.group.GroupCoordinator)
product-trace-kafka              | [2026-06-19 03:50:04,605] INFO [ExpirationReaper-1-Heartbeat]: Shutting down (kafka.server.DelayedOperationPurgatory$ExpiredOperationReaper)
product-trace-kafka              | [2026-06-19 03:50:04,606] INFO [ExpirationReaper-1-Heartbeat]: Stopped (kafka.server.DelayedOperationPurgatory$ExpiredOperationReaper)
product-trace-kafka              | [2026-06-19 03:50:04,606] INFO [ExpirationReaper-1-Heartbeat]: Shutdown completed (kafka.server.DelayedOperationPurgatory$ExpiredOperationReaper)
product-trace-kafka              | [2026-06-19 03:50:04,608] INFO [ExpirationReaper-1-Rebalance]: Shutting down (kafka.server.DelayedOperationPurgatory$ExpiredOperationReaper)
product-trace-kafka              | [2026-06-19 03:50:04,611] INFO [ExpirationReaper-1-Rebalance]: Stopped (kafka.server.DelayedOperationPurgatory$ExpiredOperationReaper)
product-trace-kafka              | [2026-06-19 03:50:04,611] INFO [ExpirationReaper-1-Rebalance]: Shutdown completed (kafka.server.DelayedOperationPurgatory$ExpiredOperationReaper)
product-trace-kafka              | [2026-06-19 03:50:04,613] INFO [GroupCoordinator 1]: Shutdown complete. (kafka.coordinator.group.GroupCoordinator)
product-trace-kafka              | [2026-06-19 03:50:04,625] INFO [ReplicaManager broker=1] Shutting down (kafka.server.ReplicaManager)
product-trace-kafka              | [2026-06-19 03:50:04,627] INFO [LogDirFailureHandler]: Shutting down (kafka.server.ReplicaManager$LogDirFailureHandler)
product-trace-kafka              | [2026-06-19 03:50:04,629] INFO [LogDirFailureHandler]: Shutdown completed (kafka.server.ReplicaManager$LogDirFailureHandler)
product-trace-kafka              | [2026-06-19 03:50:04,629] INFO [LogDirFailureHandler]: Stopped (kafka.server.ReplicaManager$LogDirFailureHandler)
product-trace-kafka              | [2026-06-19 03:50:04,634] INFO [ReplicaFetcherManager on broker 1] shutting down (kafka.server.ReplicaFetcherManager)
product-trace-kafka              | [2026-06-19 03:50:04,638] INFO [ReplicaFetcherManager on broker 1] shutdown completed (kafka.server.ReplicaFetcherManager)
product-trace-kafka              | [2026-06-19 03:50:04,639] INFO [ReplicaAlterLogDirsManager on broker 1] shutting down (kafka.server.ReplicaAlterLogDirsManager)
product-trace-kafka              | [2026-06-19 03:50:04,644] INFO [ReplicaAlterLogDirsManager on broker 1] shutdown completed (kafka.server.ReplicaAlterLogDirsManager)
product-trace-kafka              | [2026-06-19 03:50:04,646] INFO [ExpirationReaper-1-Fetch]: Shutting down (kafka.server.DelayedOperationPurgatory$ExpiredOperationReaper)
product-trace-kafka              | [2026-06-19 03:50:04,648] INFO [ExpirationReaper-1-Fetch]: Stopped (kafka.server.DelayedOperationPurgatory$ExpiredOperationReaper)
product-trace-kafka              | [2026-06-19 03:50:04,648] INFO [ExpirationReaper-1-Fetch]: Shutdown completed (kafka.server.DelayedOperationPurgatory$ExpiredOperationReaper)
product-trace-kafka              | [2026-06-19 03:50:04,650] INFO [ExpirationReaper-1-Produce]: Shutting down (kafka.server.DelayedOperationPurgatory$ExpiredOperationReaper)
product-trace-kafka              | [2026-06-19 03:50:04,652] INFO [ExpirationReaper-1-Produce]: Stopped (kafka.server.DelayedOperationPurgatory$ExpiredOperationReaper)
product-trace-kafka              | [2026-06-19 03:50:04,652] INFO [ExpirationReaper-1-Produce]: Shutdown completed (kafka.server.DelayedOperationPurgatory$ExpiredOperationReaper)
product-trace-kafka              | [2026-06-19 03:50:04,654] INFO [ExpirationReaper-1-DeleteRecords]: Shutting down (kafka.server.DelayedOperationPurgatory$ExpiredOperationReaper)
product-trace-kafka              | [2026-06-19 03:50:04,662] INFO [ExpirationReaper-1-DeleteRecords]: Stopped (kafka.server.DelayedOperationPurgatory$ExpiredOperationReaper)
product-trace-kafka              | [2026-06-19 03:50:04,662] INFO [ExpirationReaper-1-DeleteRecords]: Shutdown completed (kafka.server.DelayedOperationPurgatory$ExpiredOperationReaper)
product-trace-kafka              | [2026-06-19 03:50:04,663] INFO [ExpirationReaper-1-ElectLeader]: Shutting down (kafka.server.DelayedOperationPurgatory$ExpiredOperationReaper)
product-trace-kafka              | [2026-06-19 03:50:04,669] INFO [ExpirationReaper-1-ElectLeader]: Shutdown completed (kafka.server.DelayedOperationPurgatory$ExpiredOperationReaper)
product-trace-kafka              | [2026-06-19 03:50:04,669] INFO [ExpirationReaper-1-ElectLeader]: Stopped (kafka.server.DelayedOperationPurgatory$ExpiredOperationReaper)
product-trace-kafka              | [2026-06-19 03:50:04,694] INFO [ReplicaManager broker=1] Shut down completely (kafka.server.ReplicaManager)
product-trace-kafka              | [2026-06-19 03:50:04,696] INFO [zk-broker-1-to-controller-alter-partition-channel-manager]: Shutting down (kafka.server.BrokerToControllerRequestThread)
product-trace-kafka              | [2026-06-19 03:50:04,697] INFO [zk-broker-1-to-controller-alter-partition-channel-manager]: Stopped (kafka.server.BrokerToControllerRequestThread)
product-trace-kafka              | [2026-06-19 03:50:04,697] INFO [zk-broker-1-to-controller-alter-partition-channel-manager]: Shutdown completed (kafka.server.BrokerToControllerRequestThread)
product-trace-kafka              | [2026-06-19 03:50:04,719] INFO Broker to controller channel manager for alter-partition shutdown (kafka.server.BrokerToControllerChannelManagerImpl)
product-trace-kafka              | [2026-06-19 03:50:04,720] INFO [zk-broker-1-to-controller-forwarding-channel-manager]: Shutting down (kafka.server.BrokerToControllerRequestThread)
product-trace-kafka              | [2026-06-19 03:50:04,721] INFO [zk-broker-1-to-controller-forwarding-channel-manager]: Stopped (kafka.server.BrokerToControllerRequestThread)
product-trace-kafka              | [2026-06-19 03:50:04,721] INFO [zk-broker-1-to-controller-forwarding-channel-manager]: Shutdown completed (kafka.server.BrokerToControllerRequestThread)
product-trace-kafka              | [2026-06-19 03:50:04,724] INFO Broker to controller channel manager for forwarding shutdown (kafka.server.BrokerToControllerChannelManagerImpl)
product-trace-kafka              | [2026-06-19 03:50:04,727] INFO Shutting down. (kafka.log.LogManager)
product-trace-kafka              | [2026-06-19 03:50:04,734] INFO Shutting down the log cleaner. (kafka.log.LogCleaner)
product-trace-kafka              | [2026-06-19 03:50:04,736] INFO [kafka-log-cleaner-thread-0]: Shutting down (kafka.log.LogCleaner$CleanerThread)
product-trace-kafka              | [2026-06-19 03:50:04,738] INFO [kafka-log-cleaner-thread-0]: Shutdown completed (kafka.log.LogCleaner$CleanerThread)
product-trace-kafka              | [2026-06-19 03:50:04,738] INFO [kafka-log-cleaner-thread-0]: Stopped (kafka.log.LogCleaner$CleanerThread)

[Kgo-core-service exited with code 2
product-trace-kafka              | [2026-06-19 03:50:04,869] INFO [ProducerStateManager partition=__consumer_offsets-29]Wrote producer snapshot at offset 18 with 0 producer ids in 16 ms. (org.apache.kafka.storage.internals.log.ProducerStateManager)
product-trace-redis              | 1:signal-handler (1781841004) Received SIGTERM scheduling shutdown...
product-trace-rabbitmq           | [38;5;87m2026-06-19 03:50:04.896510+00:00 [notice] <0.64.0> SIGTERM received - shutting down[0m
product-trace-rabbitmq           | [38;5;87m2026-06-19 03:50:04.896510+00:00 [notice] <0.64.0> [0m
product-trace-redis              | 1:M 19 Jun 2026 03:50:04.918 * User requested shutdown...
product-trace-redis              | 1:M 19 Jun 2026 03:50:04.919 * Saving the final RDB snapshot before exiting.
product-trace-redis              | 1:M 19 Jun 2026 03:50:04.939 * BGSAVE done, 0 keys saved, 0 keys skipped, 88 bytes written.
product-trace-rabbitmq           | [38;5;214m2026-06-19 03:50:04.930263+00:00 [warning] <0.718.0> HTTP listener registry could not find context rabbitmq_prometheus_tls[0m
product-trace-db                 | 2026-06-19 03:50:04.942 UTC [1] LOG:  
received fast shutdown request
product-trace-db                 | 2026-06-19 03:50:04.990 UTC [1] LOG:  
aborting any active transactions
product-trace-db                 | 2026-06-19 03:50:04.994 UTC [8636] FATAL:  
terminating connection due to administrator command
product-trace-rabbitmq           | [38;5;214m2026-06-19 03:50:04.990422+00:00 [warning] <0.718.0> HTTP listener registry could not find context rabbitmq_management_tls[0m
product-trace-db                 | 2026-06-19 03:50:05.002 UTC [1] LOG:  
background worker "logical replication launcher" (PID 33) exited with exit 
code 1
product-trace-db                 | 2026-06-19 03:50:05.006 UTC [28] LOG:  
shutting down
product-trace-redis              | 1:M 19 Jun 2026 03:50:05.022 * DB saved on disk
product-trace-redis              | 1:M 19 Jun 2026 03:50:05.023 # Redis is now ready to exit, bye bye...
product-trace-db                 | 2026-06-19 03:50:05.029 UTC [28] LOG:  
checkpoint starting: shutdown immediate
product-trace-rabbitmq           | 2026-06-19 03:50:05.051926+00:00 [info] <0.854.0> stopped TCP listener on [::]:5672[0m
product-trace-rabbitmq           | 2026-06-19 03:50:05.060130+00:00 [info] <0.638.0> Virtual host '/' is stopping[0m
product-trace-rabbitmq           | 2026-06-19 03:50:05.060727+00:00 [info] <0.3921.0> Closing all connections in vhost '/' on node 'rabbit@edd86553ff01' because the vhost is stopping[0m
product-trace-db                 | 2026-06-19 03:50:05.138 UTC [28] LOG:  
checkpoint complete: wrote 3 buffers (0.0%); 0 WAL file(s) added, 0 removed, 0 
recycled; write=0.048 s, sync=0.024 s, total=0.132 s; sync files=3, 
longest=0.021 s, average=0.008 s; distance=0 kB, estimate=0 kB; lsn=0/412EAB8, 
redo lsn=0/412EAB8
product-trace-rabbitmq           | 2026-06-19 03:50:05.136601+00:00 [info] <0.651.0> Stopping message store for directory '/var/lib/rabbitmq/mnesia/rabbit@edd86553ff01/msg_stores/vhosts/628WB79CIFDYO9LJI6DKMI09L/msg_store_persistent'[0m
product-trace-db                 | 2026-06-19 03:50:05.173 UTC [1] LOG:  
database system is shut down
product-trace-rabbitmq           | 2026-06-19 03:50:05.221838+00:00 [info] <0.651.0> Message store for directory '/var/lib/rabbitmq/mnesia/rabbit@edd86553ff01/msg_stores/vhosts/628WB79CIFDYO9LJI6DKMI09L/msg_store_persistent' is stopped[0m
product-trace-rabbitmq           | 2026-06-19 03:50:05.223055+00:00 [info] <0.647.0> Stopping message store for directory '/var/lib/rabbitmq/mnesia/rabbit@edd86553ff01/msg_stores/vhosts/628WB79CIFDYO9LJI6DKMI09L/msg_store_transient'[0m
product-trace-rabbitmq           | 2026-06-19 03:50:05.263051+00:00 [info] <0.647.0> Message store for directory '/var/lib/rabbitmq/mnesia/rabbit@edd86553ff01/msg_stores/vhosts/628WB79CIFDYO9LJI6DKMI09L/msg_store_transient' is stopped[0m
product-trace-zookeeper          | [2026-06-19 03:50:05,302] INFO Unable to read additional data from client, it probably closed the socket: address = /172.20.0.8:50342, session = 0x100001bb0550007 (org.apache.zookeeper.server.NIOServerCnxn)
product-trace-rabbitmq           | [38;5;87m2026-06-19 03:50:05.566998+00:00 [notice] <0.86.0>     alarm_handler: {clear,system_memory_high_watermark}[0m

[Kproduct-trace-embedding-service exited with code 0

[Kproduct-trace-redis exited with code 0

[Kproduct-trace-qdrant exited with code 137

[Kproduct-trace-db exited with code 0

[Kproduct-trace-kafka exited with code 137

[Kproduct-trace-rabbitmq exited with code 137

[Kproduct-trace-zookeeper exited with code 143
